[{"accuracy": 0.9997, "1": {"Layer1": {"[[0, 1, 2, 3, 4, 5, 6, 7]]": 0.5056, "[[0, 1]]": 0.5076, "[[0]]": 0.4967}, "Layer2": {"[[0, 1, 2, 3, 4, 5, 6, 7]]": 0.4939, "[[0, 1]]": 0.4934, "[[0]]": 0.4906}, "Layer3": {"[[0, 1, 2, 3, 4, 5, 6, 7]]": 0.4933, "[[0, 1]]": 0.4959, "[[0]]": 0.4899}}, "2": {"Layer1": {"[[0, 1, 2, 3, 4, 5, 6, 7]]": 0.5001, "[[0, 1]]": 0.5004, "[[0]]": 0.4973}, "Layer2": {"[[0, 1, 2, 3, 4, 5, 6, 7]]": 0.4943, "[[0, 1]]": 0.4993, "[[0]]": 0.4937}, "Layer3": {"[[0, 1, 2, 3, 4, 5, 6, 7]]": 0.4905, "[[0, 1]]": 0.4909, "[[0]]": 0.5029}}, "3": {"Layer1": {"[[0, 1, 2, 3, 4, 5, 6, 7]]": 0.4947, "[[0, 1]]": 0.5007, "[[0]]": 0.4999}, "Layer2": {"[[0, 1, 2, 3, 4, 5, 6, 7]]": 0.4949, "[[0, 1]]": 0.4999, "[[0]]": 0.4917}, "Layer3": {"[[0, 1, 2, 3, 4, 5, 6, 7]]": 0.4984, "[[0, 1]]": 0.504, "[[0]]": 0.5027}}, "4": {"Layer1": {"[[0, 1, 2, 3, 4, 5, 6, 7]]": 0.5026, "[[0, 1]]": 0.519, "[[0]]": 0.5074}, "Layer2": {"[[0, 1, 2, 3, 4, 5, 6, 7]]": 0.4962, "[[0, 1]]": 0.4998, "[[0]]": 0.4996}, "Layer3": {"[[0, 1, 2, 3, 4, 5, 6, 7]]": 0.5068, "[[0, 1]]": 0.496, "[[0]]": 0.4947}}, "5": {"Layer1": {"[[0, 1, 2, 3, 4, 5, 6, 7]]": 0.5044, "[[0, 1]]": 0.5067, "[[0]]": 0.5039}, "Layer2": {"[[0, 1, 2, 3, 4, 5, 6, 7]]": 0.4985, "[[0, 1]]": 0.5001, "[[0]]": 0.5017}, "Layer3": {"[[0, 1, 2, 3, 4, 5, 6, 7]]": 0.498, "[[0, 1]]": 0.4978, "[[0]]": 0.4885}}, "6": {"Layer1": {"[[0, 1, 2, 3, 4, 5, 6, 7]]": 0.5018, "[[0, 1]]": 0.4982, "[[0]]": 0.4942}, "Layer2": {"[[0, 1, 2, 3, 4, 5, 6, 7]]": 0.4992, "[[0, 1]]": 0.5018, "[[0]]": 0.4932}, "Layer3": {"[[0, 1, 2, 3, 4, 5, 6, 7]]": 0.5054, "[[0, 1]]": 0.4966, "[[0]]": 0.4955}}, "7": {"Layer1": {"[[0, 1, 2, 3, 4, 5, 6, 7]]": 0.5026, "[[0, 1]]": 0.505, "[[0]]": 0.4939}, "Layer2": {"[[0, 1, 2, 3, 4, 5, 6, 7]]": 0.4988, "[[0, 1]]": 0.5123, "[[0]]": 0.4971}, "Layer3": {"[[0, 1, 2, 3, 4, 5, 6, 7]]": 0.5028, "[[0, 1]]": 0.5105, "[[0]]": 0.509}}, "8": {"Layer1": {"[[0, 1, 2, 3, 4, 5, 6, 7]]": 0.5019, "[[0, 1]]": 0.4998, "[[0]]": 0.5001}, "Layer2": {"[[0, 1, 2, 3, 4, 5, 6, 7]]": 0.4999, "[[0, 1]]": 0.498, "[[0]]": 0.4924}, "Layer3": {"[[0, 1, 2, 3, 4, 5, 6, 7]]": 0.4928, "[[0, 1]]": 0.5067, "[[0]]": 0.4994}}}, {"accuracy": 0.9992, "1": {"Layer1": {"[[0, 1, 2, 3, 4, 5, 6, 7]]": 0.4969, "[[0, 1]]": 0.4972, "[[0]]": 0.5018}, "Layer2": {"[[0, 1, 2, 3, 4, 5, 6, 7]]": 0.5037, "[[0, 1]]": 0.5078, "[[0]]": 0.5054}, "Layer3": {"[[0, 1, 2, 3, 4, 5, 6, 7]]": 0.5076, "[[0, 1]]": 0.4981, "[[0]]": 0.5064}}, "2": {"Layer1": {"[[0, 1, 2, 3, 4, 5, 6, 7]]": 0.4994, "[[0, 1]]": 0.4975, "[[0]]": 0.5051}, "Layer2": {"[[0, 1, 2, 3, 4, 5, 6, 7]]": 0.5015, "[[0, 1]]": 0.4991, "[[0]]": 0.5003}, "Layer3": {"[[0, 1, 2, 3, 4, 5, 6, 7]]": 0.5, "[[0, 1]]": 0.5004, "[[0]]": 0.5042}}, "3": {"Layer1": {"[[0, 1, 2, 3, 4, 5, 6, 7]]": 0.5085, "[[0, 1]]": 0.4939, "[[0]]": 0.5041}, "Layer2": {"[[0, 1, 2, 3, 4, 5, 6, 7]]": 0.508, "[[0, 1]]": 0.5103, "[[0]]": 0.504}, "Layer3": {"[[0, 1, 2, 3, 4, 5, 6, 7]]": 0.5073, "[[0, 1]]": 0.4987, "[[0]]": 0.4967}}, "4": {"Layer1": {"[[0, 1, 2, 3, 4, 5, 6, 7]]": 0.5012, "[[0, 1]]": 0.5117, "[[0]]": 0.5047}, "Layer2": {"[[0, 1, 2, 3, 4, 5, 6, 7]]": 0.5016, "[[0, 1]]": 0.5046, "[[0]]": 0.5002}, "Layer3": {"[[0, 1, 2, 3, 4, 5, 6, 7]]": 0.4982, "[[0, 1]]": 0.4947, "[[0]]": 0.5029}}, "5": {"Layer1": {"[[0, 1, 2, 3, 4, 5, 6, 7]]": 0.4999, "[[0, 1]]": 0.5006, "[[0]]": 0.5132}, "Layer2": {"[[0, 1, 2, 3, 4, 5, 6, 7]]": 0.5064, "[[0, 1]]": 0.5061, "[[0]]": 0.5057}, "Layer3": {"[[0, 1, 2, 3, 4, 5, 6, 7]]": 0.5072, "[[0, 1]]": 0.5067, "[[0]]": 0.5025}}, "6": {"Layer1": {"[[0, 1, 2, 3, 4, 5, 6, 7]]": 0.4973, "[[0, 1]]": 0.5079, "[[0]]": 0.5027}, "Layer2": {"[[0, 1, 2, 3, 4, 5, 6, 7]]": 0.5057, "[[0, 1]]": 0.4988, "[[0]]": 0.5003}, "Layer3": {"[[0, 1, 2, 3, 4, 5, 6, 7]]": 0.4969, "[[0, 1]]": 0.4953, "[[0]]": 0.4972}}, "7": {"Layer1": {"[[0, 1, 2, 3, 4, 5, 6, 7]]": 0.5244, "[[0, 1]]": 0.5153, "[[0]]": 0.5082}, "Layer2": {"[[0, 1, 2, 3, 4, 5, 6, 7]]": 0.504, "[[0, 1]]": 0.5073, "[[0]]": 0.5063}, "Layer3": {"[[0, 1, 2, 3, 4, 5, 6, 7]]": 0.5002, "[[0, 1]]": 0.5028, "[[0]]": 0.5039}}, "8": {"Layer1": {"[[0, 1, 2, 3, 4, 5, 6, 7]]": 0.4987, "[[0, 1]]": 0.4943, "[[0]]": 0.5059}, "Layer2": {"[[0, 1, 2, 3, 4, 5, 6, 7]]": 0.5035, "[[0, 1]]": 0.5061, "[[0]]": 0.4976}, "Layer3": {"[[0, 1, 2, 3, 4, 5, 6, 7]]": 0.4985, "[[0, 1]]": 0.4959, "[[0]]": 0.503}}}, {"accuracy": 0.999, "1": {"Layer1": {"[[0, 1, 2, 3, 4, 5, 6, 7]]": 0.5069, "[[0, 1]]": 0.5125, "[[0]]": 0.4911}, "Layer2": {"[[0, 1, 2, 3, 4, 5, 6, 7]]": 0.4938, "[[0, 1]]": 0.4974, "[[0]]": 0.4959}, "Layer3": {"[[0, 1, 2, 3, 4, 5, 6, 7]]": 0.4963, "[[0, 1]]": 0.496, "[[0]]": 0.4958}}, "2": {"Layer1": {"[[0, 1, 2, 3, 4, 5, 6, 7]]": 0.5015, "[[0, 1]]": 0.496, "[[0]]": 0.4968}, "Layer2": {"[[0, 1, 2, 3, 4, 5, 6, 7]]": 0.5004, "[[0, 1]]": 0.4948, "[[0]]": 0.498}, "Layer3": {"[[0, 1, 2, 3, 4, 5, 6, 7]]": 0.4945, "[[0, 1]]": 0.4918, "[[0]]": 0.5012}}, "3": {"Layer1": {"[[0, 1, 2, 3, 4, 5, 6, 7]]": 0.5105, "[[0, 1]]": 0.5053, "[[0]]": 0.4995}, "Layer2": {"[[0, 1, 2, 3, 4, 5, 6, 7]]": 0.4916, "[[0, 1]]": 0.4955, "[[0]]": 0.5009}, "Layer3": {"[[0, 1, 2, 3, 4, 5, 6, 7]]": 0.5005, "[[0, 1]]": 0.4945, "[[0]]": 0.4987}}, "4": {"Layer1": {"[[0, 1, 2, 3, 4, 5, 6, 7]]": 0.5022, "[[0, 1]]": 0.5046, "[[0]]": 0.5038}, "Layer2": {"[[0, 1, 2, 3, 4, 5, 6, 7]]": 0.4992, "[[0, 1]]": 0.4954, "[[0]]": 0.5054}, "Layer3": {"[[0, 1, 2, 3, 4, 5, 6, 7]]": 0.4989, "[[0, 1]]": 0.4993, "[[0]]": 0.4956}}, "5": {"Layer1": {"[[0, 1, 2, 3, 4, 5, 6, 7]]": 0.5003, "[[0, 1]]": 0.5128, "[[0]]": 0.5217}, "Layer2": {"[[0, 1, 2, 3, 4, 5, 6, 7]]": 0.4971, "[[0, 1]]": 0.4976, "[[0]]": 0.5061}, "Layer3": {"[[0, 1, 2, 3, 4, 5, 6, 7]]": 0.5056, "[[0, 1]]": 0.4912, "[[0]]": 0.4992}}, "6": {"Layer1": {"[[0, 1, 2, 3, 4, 5, 6, 7]]": 0.5142, "[[0, 1]]": 0.5092, "[[0]]": 0.5185}, "Layer2": {"[[0, 1, 2, 3, 4, 5, 6, 7]]": 0.4967, "[[0, 1]]": 0.5006, "[[0]]": 0.5091}, "Layer3": {"[[0, 1, 2, 3, 4, 5, 6, 7]]": 0.4939, "[[0, 1]]": 0.4968, "[[0]]": 0.4976}}, "7": {"Layer1": {"[[0, 1, 2, 3, 4, 5, 6, 7]]": 0.518, "[[0, 1]]": 0.5091, "[[0]]": 0.5222}, "Layer2": {"[[0, 1, 2, 3, 4, 5, 6, 7]]": 0.4988, "[[0, 1]]": 0.5038, "[[0]]": 0.5023}, "Layer3": {"[[0, 1, 2, 3, 4, 5, 6, 7]]": 0.4969, "[[0, 1]]": 0.4937, "[[0]]": 0.5024}}, "8": {"Layer1": {"[[0, 1, 2, 3, 4, 5, 6, 7]]": 0.5089, "[[0, 1]]": 0.4991, "[[0]]": 0.5134}, "Layer2": {"[[0, 1, 2, 3, 4, 5, 6, 7]]": 0.4949, "[[0, 1]]": 0.4973, "[[0]]": 0.5049}, "Layer3": {"[[0, 1, 2, 3, 4, 5, 6, 7]]": 0.4971, "[[0, 1]]": 0.4952, "[[0]]": 0.4945}}}, {"accuracy": 0.9996, "1": {"Layer1": {"[[0, 1, 2, 3, 4, 5, 6, 7]]": 0.5059, "[[0, 1]]": 0.499, "[[0]]": 0.5041}, "Layer2": {"[[0, 1, 2, 3, 4, 5, 6, 7]]": 0.4883, "[[0, 1]]": 0.4896, "[[0]]": 0.4923}, "Layer3": {"[[0, 1, 2, 3, 4, 5, 6, 7]]": 0.4942, "[[0, 1]]": 0.4947, "[[0]]": 0.4964}}, "2": {"Layer1": {"[[0, 1, 2, 3, 4, 5, 6, 7]]": 0.4991, "[[0, 1]]": 0.4995, "[[0]]": 0.5074}, "Layer2": {"[[0, 1, 2, 3, 4, 5, 6, 7]]": 0.5005, "[[0, 1]]": 0.5012, "[[0]]": 0.4978}, "Layer3": {"[[0, 1, 2, 3, 4, 5, 6, 7]]": 0.4954, "[[0, 1]]": 0.5017, "[[0]]": 0.5018}}, "3": {"Layer1": {"[[0, 1, 2, 3, 4, 5, 6, 7]]": 0.495, "[[0, 1]]": 0.5076, "[[0]]": 0.5033}, "Layer2": {"[[0, 1, 2, 3, 4, 5, 6, 7]]": 0.4994, "[[0, 1]]": 0.5034, "[[0]]": 0.4972}, "Layer3": {"[[0, 1, 2, 3, 4, 5, 6, 7]]": 0.4948, "[[0, 1]]": 0.4961, "[[0]]": 0.4924}}, "4": {"Layer1": {"[[0, 1, 2, 3, 4, 5, 6, 7]]": 0.4943, "[[0, 1]]": 0.5239, "[[0]]": 0.4994}, "Layer2": {"[[0, 1, 2, 3, 4, 5, 6, 7]]": 0.501, "[[0, 1]]": 0.4959, "[[0]]": 0.5059}, "Layer3": {"[[0, 1, 2, 3, 4, 5, 6, 7]]": 0.4936, "[[0, 1]]": 0.4988, "[[0]]": 0.4925}}, "5": {"Layer1": {"[[0, 1, 2, 3, 4, 5, 6, 7]]": 0.5031, "[[0, 1]]": 0.5028, "[[0]]": 0.4969}, "Layer2": {"[[0, 1, 2, 3, 4, 5, 6, 7]]": 0.4919, "[[0, 1]]": 0.5154, "[[0]]": 0.5042}, "Layer3": {"[[0, 1, 2, 3, 4, 5, 6, 7]]": 0.4947, "[[0, 1]]": 0.4993, "[[0]]": 0.5008}}, "6": {"Layer1": {"[[0, 1, 2, 3, 4, 5, 6, 7]]": 0.5209, "[[0, 1]]": 0.522, "[[0]]": 0.5118}, "Layer2": {"[[0, 1, 2, 3, 4, 5, 6, 7]]": 0.4966, "[[0, 1]]": 0.5032, "[[0]]": 0.495}, "Layer3": {"[[0, 1, 2, 3, 4, 5, 6, 7]]": 0.5018, "[[0, 1]]": 0.4996, "[[0]]": 0.5017}}, "7": {"Layer1": {"[[0, 1, 2, 3, 4, 5, 6, 7]]": 0.5059, "[[0, 1]]": 0.5161, "[[0]]": 0.5024}, "Layer2": {"[[0, 1, 2, 3, 4, 5, 6, 7]]": 0.5014, "[[0, 1]]": 0.5094, "[[0]]": 0.4975}, "Layer3": {"[[0, 1, 2, 3, 4, 5, 6, 7]]": 0.5021, "[[0, 1]]": 0.5057, "[[0]]": 0.5157}}, "8": {"Layer1": {"[[0, 1, 2, 3, 4, 5, 6, 7]]": 0.506, "[[0, 1]]": 0.5159, "[[0]]": 0.504}, "Layer2": {"[[0, 1, 2, 3, 4, 5, 6, 7]]": 0.491, "[[0, 1]]": 0.5106, "[[0]]": 0.51}, "Layer3": {"[[0, 1, 2, 3, 4, 5, 6, 7]]": 0.5028, "[[0, 1]]": 0.4924, "[[0]]": 0.5031}}}, {"accuracy": 0.9975, "1": {"Layer1": {"[[0, 1, 2, 3, 4, 5, 6, 7]]": 0.5087, "[[0, 1]]": 0.5088, "[[0]]": 0.5145}, "Layer2": {"[[0, 1, 2, 3, 4, 5, 6, 7]]": 0.5014, "[[0, 1]]": 0.5077, "[[0]]": 0.5161}, "Layer3": {"[[0, 1, 2, 3, 4, 5, 6, 7]]": 0.5011, "[[0, 1]]": 0.5091, "[[0]]": 0.5038}}, "2": {"Layer1": {"[[0, 1, 2, 3, 4, 5, 6, 7]]": 0.514, "[[0, 1]]": 0.5091, "[[0]]": 0.5076}, "Layer2": {"[[0, 1, 2, 3, 4, 5, 6, 7]]": 0.5, "[[0, 1]]": 0.512, "[[0]]": 0.5051}, "Layer3": {"[[0, 1, 2, 3, 4, 5, 6, 7]]": 0.5071, "[[0, 1]]": 0.5067, "[[0]]": 0.507}}, "3": {"Layer1": {"[[0, 1, 2, 3, 4, 5, 6, 7]]": 0.5039, "[[0, 1]]": 0.5134, "[[0]]": 0.5137}, "Layer2": {"[[0, 1, 2, 3, 4, 5, 6, 7]]": 0.4951, "[[0, 1]]": 0.5089, "[[0]]": 0.5074}, "Layer3": {"[[0, 1, 2, 3, 4, 5, 6, 7]]": 0.5044, "[[0, 1]]": 0.504, "[[0]]": 0.506}}, "4": {"Layer1": {"[[0, 1, 2, 3, 4, 5, 6, 7]]": 0.5132, "[[0, 1]]": 0.5134, "[[0]]": 0.5115}, "Layer2": {"[[0, 1, 2, 3, 4, 5, 6, 7]]": 0.5117, "[[0, 1]]": 0.5156, "[[0]]": 0.5085}, "Layer3": {"[[0, 1, 2, 3, 4, 5, 6, 7]]": 0.4986, "[[0, 1]]": 0.5065, "[[0]]": 0.5022}}, "5": {"Layer1": {"[[0, 1, 2, 3, 4, 5, 6, 7]]": 0.5083, "[[0, 1]]": 0.5136, "[[0]]": 0.5161}, "Layer2": {"[[0, 1, 2, 3, 4, 5, 6, 7]]": 0.5038, "[[0, 1]]": 0.5133, "[[0]]": 0.5148}, "Layer3": {"[[0, 1, 2, 3, 4, 5, 6, 7]]": 0.5016, "[[0, 1]]": 0.5111, "[[0]]": 0.5022}}, "6": {"Layer1": {"[[0, 1, 2, 3, 4, 5, 6, 7]]": 0.5098, "[[0, 1]]": 0.5101, "[[0]]": 0.5128}, "Layer2": {"[[0, 1, 2, 3, 4, 5, 6, 7]]": 0.5086, "[[0, 1]]": 0.5044, "[[0]]": 0.5136}, "Layer3": {"[[0, 1, 2, 3, 4, 5, 6, 7]]": 0.5087, "[[0, 1]]": 0.5032, "[[0]]": 0.5058}}, "7": {"Layer1": {"[[0, 1, 2, 3, 4, 5, 6, 7]]": 0.4984, "[[0, 1]]": 0.5104, "[[0]]": 0.5117}, "Layer2": {"[[0, 1, 2, 3, 4, 5, 6, 7]]": 0.5014, "[[0, 1]]": 0.5006, "[[0]]": 0.5093}, "Layer3": {"[[0, 1, 2, 3, 4, 5, 6, 7]]": 0.5079, "[[0, 1]]": 0.4926, "[[0]]": 0.5055}}, "8": {"Layer1": {"[[0, 1, 2, 3, 4, 5, 6, 7]]": 0.4955, "[[0, 1]]": 0.5066, "[[0]]": 0.5058}, "Layer2": {"[[0, 1, 2, 3, 4, 5, 6, 7]]": 0.5021, "[[0, 1]]": 0.5141, "[[0]]": 0.515}, "Layer3": {"[[0, 1, 2, 3, 4, 5, 6, 7]]": 0.5111, "[[0, 1]]": 0.5125, "[[0]]": 0.4998}}}]