[[{"accuracy": 0.4967, "Layer1": {"[[0, 1, 2, 3, 4, 5, 6, 7], [8, 9, 10, 11, 12, 13, 14, 15]]": 0.675, "[[0, 1], [2, 3]]": 0.6739, "[[0], [1]]": 0.4984}, "Layer2": {"[[0, 1, 2, 3, 4, 5, 6, 7], [8, 9, 10, 11, 12, 13, 14, 15]]": 0.5082, "[[0, 1], [2, 3]]": 0.5083, "[[0], [1]]": 0.5009}, "Layer3": {"[[0, 1, 2, 3, 4, 5, 6, 7], [8, 9, 10, 11, 12, 13, 14, 15]]": 0.5034, "[[0, 1], [2, 3]]": 0.5005, "[[0], [1]]": 0.5}}, {"accuracy": 0.5041, "Layer1": {"[[0, 1, 2, 3, 4, 5, 6, 7], [8, 9, 10, 11, 12, 13, 14, 15]]": 0.749, "[[0, 1], [2, 3]]": 0.7456, "[[0], [1]]": 0.7413}, "Layer2": {"[[0, 1, 2, 3, 4, 5, 6, 7], [8, 9, 10, 11, 12, 13, 14, 15]]": 0.6398, "[[0, 1], [2, 3]]": 0.632, "[[0], [1]]": 0.6189}, "Layer3": {"[[0, 1, 2, 3, 4, 5, 6, 7], [8, 9, 10, 11, 12, 13, 14, 15]]": 0.4966, "[[0, 1], [2, 3]]": 0.4974, "[[0], [1]]": 0.5013}}, {"accuracy": 0.5739, "Layer1": {"[[0, 1, 2, 3, 4, 5, 6, 7], [8, 9, 10, 11, 12, 13, 14, 15]]": 0.8545, "[[0, 1], [2, 3]]": 0.8613, "[[0], [1]]": 0.8253}, "Layer2": {"[[0, 1, 2, 3, 4, 5, 6, 7], [8, 9, 10, 11, 12, 13, 14, 15]]": 0.7489, "[[0, 1], [2, 3]]": 0.7299, "[[0], [1]]": 0.725}, "Layer3": {"[[0, 1, 2, 3, 4, 5, 6, 7], [8, 9, 10, 11, 12, 13, 14, 15]]": 0.6486, "[[0, 1], [2, 3]]": 0.6365, "[[0], [1]]": 0.6236}}, {"accuracy": 0.6371, "Layer1": {"[[0, 1, 2, 3, 4, 5, 6, 7], [8, 9, 10, 11, 12, 13, 14, 15]]": 0.92, "[[0, 1], [2, 3]]": 0.9131, "[[0], [1]]": 0.9029}, "Layer2": {"[[0, 1, 2, 3, 4, 5, 6, 7], [8, 9, 10, 11, 12, 13, 14, 15]]": 0.8043, "[[0, 1], [2, 3]]": 0.7978, "[[0], [1]]": 0.8012}, "Layer3": {"[[0, 1, 2, 3, 4, 5, 6, 7], [8, 9, 10, 11, 12, 13, 14, 15]]": 0.735, "[[0, 1], [2, 3]]": 0.7237, "[[0], [1]]": 0.7411}}, {"accuracy": 0.6963, "Layer1": {"[[0, 1, 2, 3, 4, 5, 6, 7], [8, 9, 10, 11, 12, 13, 14, 15]]": 0.9413, "[[0, 1], [2, 3]]": 0.9461, "[[0], [1]]": 0.9311}, "Layer2": {"[[0, 1, 2, 3, 4, 5, 6, 7], [8, 9, 10, 11, 12, 13, 14, 15]]": 0.8934, "[[0, 1], [2, 3]]": 0.8953, "[[0], [1]]": 0.8723}, "Layer3": {"[[0, 1, 2, 3, 4, 5, 6, 7], [8, 9, 10, 11, 12, 13, 14, 15]]": 0.8306, "[[0, 1], [2, 3]]": 0.8327, "[[0], [1]]": 0.7815}}, {"accuracy": 0.7824, "Layer1": {"[[0, 1, 2, 3, 4, 5, 6, 7], [8, 9, 10, 11, 12, 13, 14, 15]]": 0.9655, "[[0, 1], [2, 3]]": 0.9657, "[[0], [1]]": 0.9539}, "Layer2": {"[[0, 1, 2, 3, 4, 5, 6, 7], [8, 9, 10, 11, 12, 13, 14, 15]]": 0.942, "[[0, 1], [2, 3]]": 0.9438, "[[0], [1]]": 0.9384}, "Layer3": {"[[0, 1, 2, 3, 4, 5, 6, 7], [8, 9, 10, 11, 12, 13, 14, 15]]": 0.8902, "[[0, 1], [2, 3]]": 0.8725, "[[0], [1]]": 0.8598}}, {"accuracy": 0.8565, "Layer1": {"[[0, 1, 2, 3, 4, 5, 6, 7], [8, 9, 10, 11, 12, 13, 14, 15]]": 0.9699, "[[0, 1], [2, 3]]": 0.9801, "[[0], [1]]": 0.9743}, "Layer2": {"[[0, 1, 2, 3, 4, 5, 6, 7], [8, 9, 10, 11, 12, 13, 14, 15]]": 0.9581, "[[0, 1], [2, 3]]": 0.9649, "[[0], [1]]": 0.9571}, "Layer3": {"[[0, 1, 2, 3, 4, 5, 6, 7], [8, 9, 10, 11, 12, 13, 14, 15]]": 0.9102, "[[0, 1], [2, 3]]": 0.9182, "[[0], [1]]": 0.8752}}, {"accuracy": 0.9091, "Layer1": {"[[0, 1, 2, 3, 4, 5, 6, 7], [8, 9, 10, 11, 12, 13, 14, 15]]": 0.9883, "[[0, 1], [2, 3]]": 0.9911, "[[0], [1]]": 0.9818}, "Layer2": {"[[0, 1, 2, 3, 4, 5, 6, 7], [8, 9, 10, 11, 12, 13, 14, 15]]": 0.9757, "[[0, 1], [2, 3]]": 0.9812, "[[0], [1]]": 0.9705}, "Layer3": {"[[0, 1, 2, 3, 4, 5, 6, 7], [8, 9, 10, 11, 12, 13, 14, 15]]": 0.9393, "[[0, 1], [2, 3]]": 0.9379, "[[0], [1]]": 0.9221}}, {"accuracy": 0.9413, "Layer1": {"[[0, 1, 2, 3, 4, 5, 6, 7], [8, 9, 10, 11, 12, 13, 14, 15]]": 0.9934, "[[0, 1], [2, 3]]": 0.9863, "[[0], [1]]": 0.9832}, "Layer2": {"[[0, 1, 2, 3, 4, 5, 6, 7], [8, 9, 10, 11, 12, 13, 14, 15]]": 0.9853, "[[0, 1], [2, 3]]": 0.9839, "[[0], [1]]": 0.9797}, "Layer3": {"[[0, 1, 2, 3, 4, 5, 6, 7], [8, 9, 10, 11, 12, 13, 14, 15]]": 0.9669, "[[0, 1], [2, 3]]": 0.9602, "[[0], [1]]": 0.9541}}, {"accuracy": 0.9609, "Layer1": {"[[0, 1, 2, 3, 4, 5, 6, 7], [8, 9, 10, 11, 12, 13, 14, 15]]": 0.9945, "[[0, 1], [2, 3]]": 0.9961, "[[0], [1]]": 0.9918}, "Layer2": {"[[0, 1, 2, 3, 4, 5, 6, 7], [8, 9, 10, 11, 12, 13, 14, 15]]": 0.9897, "[[0, 1], [2, 3]]": 0.9901, "[[0], [1]]": 0.9886}, "Layer3": {"[[0, 1, 2, 3, 4, 5, 6, 7], [8, 9, 10, 11, 12, 13, 14, 15]]": 0.9747, "[[0, 1], [2, 3]]": 0.974, "[[0], [1]]": 0.9602}}, {"accuracy": 0.9698, "Layer1": {"[[0, 1, 2, 3, 4, 5, 6, 7], [8, 9, 10, 11, 12, 13, 14, 15]]": 0.9965, "[[0, 1], [2, 3]]": 0.9975, "[[0], [1]]": 0.9938}, "Layer2": {"[[0, 1, 2, 3, 4, 5, 6, 7], [8, 9, 10, 11, 12, 13, 14, 15]]": 0.9928, "[[0, 1], [2, 3]]": 0.9917, "[[0], [1]]": 0.9876}, "Layer3": {"[[0, 1, 2, 3, 4, 5, 6, 7], [8, 9, 10, 11, 12, 13, 14, 15]]": 0.9843, "[[0, 1], [2, 3]]": 0.9843, "[[0], [1]]": 0.9815}}, {"accuracy": 0.979, "Layer1": {"[[0, 1, 2, 3, 4, 5, 6, 7], [8, 9, 10, 11, 12, 13, 14, 15]]": 0.997, "[[0, 1], [2, 3]]": 0.9963, "[[0], [1]]": 0.9943}, "Layer2": {"[[0, 1, 2, 3, 4, 5, 6, 7], [8, 9, 10, 11, 12, 13, 14, 15]]": 0.9961, "[[0, 1], [2, 3]]": 0.9954, "[[0], [1]]": 0.9924}, "Layer3": {"[[0, 1, 2, 3, 4, 5, 6, 7], [8, 9, 10, 11, 12, 13, 14, 15]]": 0.9854, "[[0, 1], [2, 3]]": 0.99, "[[0], [1]]": 0.9839}}, {"accuracy": 0.9845, "Layer1": {"[[0, 1, 2, 3, 4, 5, 6, 7], [8, 9, 10, 11, 12, 13, 14, 15]]": 0.9985, "[[0, 1], [2, 3]]": 0.9971, "[[0], [1]]": 0.9957}, "Layer2": {"[[0, 1, 2, 3, 4, 5, 6, 7], [8, 9, 10, 11, 12, 13, 14, 15]]": 0.9951, "[[0, 1], [2, 3]]": 0.9962, "[[0], [1]]": 0.992}, "Layer3": {"[[0, 1, 2, 3, 4, 5, 6, 7], [8, 9, 10, 11, 12, 13, 14, 15]]": 0.9944, "[[0, 1], [2, 3]]": 0.9916, "[[0], [1]]": 0.989}}, {"accuracy": 0.9895, "Layer1": {"[[0, 1, 2, 3, 4, 5, 6, 7], [8, 9, 10, 11, 12, 13, 14, 15]]": 0.9981, "[[0, 1], [2, 3]]": 0.9983, "[[0], [1]]": 0.9971}, "Layer2": {"[[0, 1, 2, 3, 4, 5, 6, 7], [8, 9, 10, 11, 12, 13, 14, 15]]": 0.9971, "[[0, 1], [2, 3]]": 0.996, "[[0], [1]]": 0.9935}, "Layer3": {"[[0, 1, 2, 3, 4, 5, 6, 7], [8, 9, 10, 11, 12, 13, 14, 15]]": 0.995, "[[0, 1], [2, 3]]": 0.9937, "[[0], [1]]": 0.9921}}, {"accuracy": 0.9922, "Layer1": {"[[0, 1, 2, 3, 4, 5, 6, 7], [8, 9, 10, 11, 12, 13, 14, 15]]": 0.9982, "[[0, 1], [2, 3]]": 0.9989, "[[0], [1]]": 0.9969}, "Layer2": {"[[0, 1, 2, 3, 4, 5, 6, 7], [8, 9, 10, 11, 12, 13, 14, 15]]": 0.9974, "[[0, 1], [2, 3]]": 0.9971, "[[0], [1]]": 0.9966}, "Layer3": {"[[0, 1, 2, 3, 4, 5, 6, 7], [8, 9, 10, 11, 12, 13, 14, 15]]": 0.9948, "[[0, 1], [2, 3]]": 0.9946, "[[0], [1]]": 0.9953}}, {"accuracy": 0.9947, "Layer1": {"[[0, 1, 2, 3, 4, 5, 6, 7], [8, 9, 10, 11, 12, 13, 14, 15]]": 0.999, "[[0, 1], [2, 3]]": 0.9975, "[[0], [1]]": 0.9908}, "Layer2": {"[[0, 1, 2, 3, 4, 5, 6, 7], [8, 9, 10, 11, 12, 13, 14, 15]]": 0.9981, "[[0, 1], [2, 3]]": 0.997, "[[0], [1]]": 0.9979}, "Layer3": {"[[0, 1, 2, 3, 4, 5, 6, 7], [8, 9, 10, 11, 12, 13, 14, 15]]": 0.9982, "[[0, 1], [2, 3]]": 0.9961, "[[0], [1]]": 0.9958}}, {"accuracy": 0.9956, "Layer1": {"[[0, 1, 2, 3, 4, 5, 6, 7], [8, 9, 10, 11, 12, 13, 14, 15]]": 0.9992, "[[0, 1], [2, 3]]": 0.998, "[[0], [1]]": 0.9978}, "Layer2": {"[[0, 1, 2, 3, 4, 5, 6, 7], [8, 9, 10, 11, 12, 13, 14, 15]]": 0.998, "[[0, 1], [2, 3]]": 0.9984, "[[0], [1]]": 0.9982}, "Layer3": {"[[0, 1, 2, 3, 4, 5, 6, 7], [8, 9, 10, 11, 12, 13, 14, 15]]": 0.9971, "[[0, 1], [2, 3]]": 0.9978, "[[0], [1]]": 0.9949}}], [{"accuracy": 0.4831, "Layer1": {"[[0, 1, 2, 3, 4, 5, 6, 7], [8, 9, 10, 11, 12, 13, 14, 15]]": 0.6669, "[[0, 1], [2, 3]]": 0.499, "[[0], [1]]": 0.5041}, "Layer2": {"[[0, 1, 2, 3, 4, 5, 6, 7], [8, 9, 10, 11, 12, 13, 14, 15]]": 0.4996, "[[0, 1], [2, 3]]": 0.4911, "[[0], [1]]": 0.497}, "Layer3": {"[[0, 1, 2, 3, 4, 5, 6, 7], [8, 9, 10, 11, 12, 13, 14, 15]]": 0.4968, "[[0, 1], [2, 3]]": 0.499, "[[0], [1]]": 0.4883}}, {"accuracy": 0.4835, "Layer1": {"[[0, 1, 2, 3, 4, 5, 6, 7], [8, 9, 10, 11, 12, 13, 14, 15]]": 0.7278, "[[0, 1], [2, 3]]": 0.7265, "[[0], [1]]": 0.7234}, "Layer2": {"[[0, 1, 2, 3, 4, 5, 6, 7], [8, 9, 10, 11, 12, 13, 14, 15]]": 0.518, "[[0, 1], [2, 3]]": 0.5078, "[[0], [1]]": 0.4948}, "Layer3": {"[[0, 1, 2, 3, 4, 5, 6, 7], [8, 9, 10, 11, 12, 13, 14, 15]]": 0.4886, "[[0, 1], [2, 3]]": 0.491, "[[0], [1]]": 0.4989}}, {"accuracy": 0.5466, "Layer1": {"[[0, 1, 2, 3, 4, 5, 6, 7], [8, 9, 10, 11, 12, 13, 14, 15]]": 0.7831, "[[0, 1], [2, 3]]": 0.7855, "[[0], [1]]": 0.7528}, "Layer2": {"[[0, 1, 2, 3, 4, 5, 6, 7], [8, 9, 10, 11, 12, 13, 14, 15]]": 0.6254, "[[0, 1], [2, 3]]": 0.619, "[[0], [1]]": 0.6122}, "Layer3": {"[[0, 1, 2, 3, 4, 5, 6, 7], [8, 9, 10, 11, 12, 13, 14, 15]]": 0.532, "[[0, 1], [2, 3]]": 0.5125, "[[0], [1]]": 0.5163}}, {"accuracy": 0.6368, "Layer1": {"[[0, 1, 2, 3, 4, 5, 6, 7], [8, 9, 10, 11, 12, 13, 14, 15]]": 0.8595, "[[0, 1], [2, 3]]": 0.8545, "[[0], [1]]": 0.8515}, "Layer2": {"[[0, 1, 2, 3, 4, 5, 6, 7], [8, 9, 10, 11, 12, 13, 14, 15]]": 0.7481, "[[0, 1], [2, 3]]": 0.7326, "[[0], [1]]": 0.7272}, "Layer3": {"[[0, 1, 2, 3, 4, 5, 6, 7], [8, 9, 10, 11, 12, 13, 14, 15]]": 0.6837, "[[0, 1], [2, 3]]": 0.6977, "[[0], [1]]": 0.6881}}, {"accuracy": 0.7043, "Layer1": {"[[0, 1, 2, 3, 4, 5, 6, 7], [8, 9, 10, 11, 12, 13, 14, 15]]": 0.896, "[[0, 1], [2, 3]]": 0.8933, "[[0], [1]]": 0.8773}, "Layer2": {"[[0, 1, 2, 3, 4, 5, 6, 7], [8, 9, 10, 11, 12, 13, 14, 15]]": 0.7934, "[[0, 1], [2, 3]]": 0.7998, "[[0], [1]]": 0.7555}, "Layer3": {"[[0, 1, 2, 3, 4, 5, 6, 7], [8, 9, 10, 11, 12, 13, 14, 15]]": 0.7548, "[[0, 1], [2, 3]]": 0.7516, "[[0], [1]]": 0.7087}}, {"accuracy": 0.7864, "Layer1": {"[[0, 1, 2, 3, 4, 5, 6, 7], [8, 9, 10, 11, 12, 13, 14, 15]]": 0.9241, "[[0, 1], [2, 3]]": 0.9361, "[[0], [1]]": 0.9287}, "Layer2": {"[[0, 1, 2, 3, 4, 5, 6, 7], [8, 9, 10, 11, 12, 13, 14, 15]]": 0.8519, "[[0, 1], [2, 3]]": 0.8449, "[[0], [1]]": 0.8421}, "Layer3": {"[[0, 1, 2, 3, 4, 5, 6, 7], [8, 9, 10, 11, 12, 13, 14, 15]]": 0.7767, "[[0, 1], [2, 3]]": 0.7926, "[[0], [1]]": 0.7858}}, {"accuracy": 0.8361, "Layer1": {"[[0, 1, 2, 3, 4, 5, 6, 7], [8, 9, 10, 11, 12, 13, 14, 15]]": 0.9602, "[[0, 1], [2, 3]]": 0.9576, "[[0], [1]]": 0.9576}, "Layer2": {"[[0, 1, 2, 3, 4, 5, 6, 7], [8, 9, 10, 11, 12, 13, 14, 15]]": 0.8888, "[[0, 1], [2, 3]]": 0.8915, "[[0], [1]]": 0.8792}, "Layer3": {"[[0, 1, 2, 3, 4, 5, 6, 7], [8, 9, 10, 11, 12, 13, 14, 15]]": 0.8228, "[[0, 1], [2, 3]]": 0.8232, "[[0], [1]]": 0.815}}, {"accuracy": 0.8638, "Layer1": {"[[0, 1, 2, 3, 4, 5, 6, 7], [8, 9, 10, 11, 12, 13, 14, 15]]": 0.966, "[[0, 1], [2, 3]]": 0.9691, "[[0], [1]]": 0.9671}, "Layer2": {"[[0, 1, 2, 3, 4, 5, 6, 7], [8, 9, 10, 11, 12, 13, 14, 15]]": 0.9119, "[[0, 1], [2, 3]]": 0.918, "[[0], [1]]": 0.9059}, "Layer3": {"[[0, 1, 2, 3, 4, 5, 6, 7], [8, 9, 10, 11, 12, 13, 14, 15]]": 0.8379, "[[0, 1], [2, 3]]": 0.8424, "[[0], [1]]": 0.8658}}, {"accuracy": 0.8823, "Layer1": {"[[0, 1, 2, 3, 4, 5, 6, 7], [8, 9, 10, 11, 12, 13, 14, 15]]": 0.9789, "[[0, 1], [2, 3]]": 0.9781, "[[0], [1]]": 0.9769}, "Layer2": {"[[0, 1, 2, 3, 4, 5, 6, 7], [8, 9, 10, 11, 12, 13, 14, 15]]": 0.9357, "[[0, 1], [2, 3]]": 0.9209, "[[0], [1]]": 0.9285}, "Layer3": {"[[0, 1, 2, 3, 4, 5, 6, 7], [8, 9, 10, 11, 12, 13, 14, 15]]": 0.8957, "[[0, 1], [2, 3]]": 0.8788, "[[0], [1]]": 0.8908}}, {"accuracy": 0.9038, "Layer1": {"[[0, 1, 2, 3, 4, 5, 6, 7], [8, 9, 10, 11, 12, 13, 14, 15]]": 0.9865, "[[0, 1], [2, 3]]": 0.9802, "[[0], [1]]": 0.9825}, "Layer2": {"[[0, 1, 2, 3, 4, 5, 6, 7], [8, 9, 10, 11, 12, 13, 14, 15]]": 0.9458, "[[0, 1], [2, 3]]": 0.9408, "[[0], [1]]": 0.9412}, "Layer3": {"[[0, 1, 2, 3, 4, 5, 6, 7], [8, 9, 10, 11, 12, 13, 14, 15]]": 0.9124, "[[0, 1], [2, 3]]": 0.9179, "[[0], [1]]": 0.9056}}, {"accuracy": 0.9256, "Layer1": {"[[0, 1, 2, 3, 4, 5, 6, 7], [8, 9, 10, 11, 12, 13, 14, 15]]": 0.9876, "[[0, 1], [2, 3]]": 0.9871, "[[0], [1]]": 0.9892}, "Layer2": {"[[0, 1, 2, 3, 4, 5, 6, 7], [8, 9, 10, 11, 12, 13, 14, 15]]": 0.9638, "[[0, 1], [2, 3]]": 0.9655, "[[0], [1]]": 0.9626}, "Layer3": {"[[0, 1, 2, 3, 4, 5, 6, 7], [8, 9, 10, 11, 12, 13, 14, 15]]": 0.9307, "[[0, 1], [2, 3]]": 0.9388, "[[0], [1]]": 0.9281}}, {"accuracy": 0.9474, "Layer1": {"[[0, 1, 2, 3, 4, 5, 6, 7], [8, 9, 10, 11, 12, 13, 14, 15]]": 0.9868, "[[0, 1], [2, 3]]": 0.9839, "[[0], [1]]": 0.9917}, "Layer2": {"[[0, 1, 2, 3, 4, 5, 6, 7], [8, 9, 10, 11, 12, 13, 14, 15]]": 0.9794, "[[0, 1], [2, 3]]": 0.9771, "[[0], [1]]": 0.9795}, "Layer3": {"[[0, 1, 2, 3, 4, 5, 6, 7], [8, 9, 10, 11, 12, 13, 14, 15]]": 0.9635, "[[0, 1], [2, 3]]": 0.967, "[[0], [1]]": 0.9473}}, {"accuracy": 0.9656, "Layer1": {"[[0, 1, 2, 3, 4, 5, 6, 7], [8, 9, 10, 11, 12, 13, 14, 15]]": 0.9961, "[[0, 1], [2, 3]]": 0.9949, "[[0], [1]]": 0.9895}, "Layer2": {"[[0, 1, 2, 3, 4, 5, 6, 7], [8, 9, 10, 11, 12, 13, 14, 15]]": 0.9889, "[[0, 1], [2, 3]]": 0.9871, "[[0], [1]]": 0.9865}, "Layer3": {"[[0, 1, 2, 3, 4, 5, 6, 7], [8, 9, 10, 11, 12, 13, 14, 15]]": 0.9834, "[[0, 1], [2, 3]]": 0.9851, "[[0], [1]]": 0.985}}, {"accuracy": 0.9799, "Layer1": {"[[0, 1, 2, 3, 4, 5, 6, 7], [8, 9, 10, 11, 12, 13, 14, 15]]": 0.9939, "[[0, 1], [2, 3]]": 0.9954, "[[0], [1]]": 0.9926}, "Layer2": {"[[0, 1, 2, 3, 4, 5, 6, 7], [8, 9, 10, 11, 12, 13, 14, 15]]": 0.9955, "[[0, 1], [2, 3]]": 0.9947, "[[0], [1]]": 0.9946}, "Layer3": {"[[0, 1, 2, 3, 4, 5, 6, 7], [8, 9, 10, 11, 12, 13, 14, 15]]": 0.9931, "[[0, 1], [2, 3]]": 0.9923, "[[0], [1]]": 0.9898}}, {"accuracy": 0.9911, "Layer1": {"[[0, 1, 2, 3, 4, 5, 6, 7], [8, 9, 10, 11, 12, 13, 14, 15]]": 0.9966, "[[0, 1], [2, 3]]": 0.9954, "[[0], [1]]": 0.9961}, "Layer2": {"[[0, 1, 2, 3, 4, 5, 6, 7], [8, 9, 10, 11, 12, 13, 14, 15]]": 0.996, "[[0, 1], [2, 3]]": 0.9955, "[[0], [1]]": 0.9958}, "Layer3": {"[[0, 1, 2, 3, 4, 5, 6, 7], [8, 9, 10, 11, 12, 13, 14, 15]]": 0.9957, "[[0, 1], [2, 3]]": 0.9963, "[[0], [1]]": 0.9937}}, {"accuracy": 0.994, "Layer1": {"[[0, 1, 2, 3, 4, 5, 6, 7], [8, 9, 10, 11, 12, 13, 14, 15]]": 0.9968, "[[0, 1], [2, 3]]": 0.9959, "[[0], [1]]": 0.9964}, "Layer2": {"[[0, 1, 2, 3, 4, 5, 6, 7], [8, 9, 10, 11, 12, 13, 14, 15]]": 0.9963, "[[0, 1], [2, 3]]": 0.997, "[[0], [1]]": 0.9957}, "Layer3": {"[[0, 1, 2, 3, 4, 5, 6, 7], [8, 9, 10, 11, 12, 13, 14, 15]]": 0.9962, "[[0, 1], [2, 3]]": 0.9964, "[[0], [1]]": 0.997}}, {"accuracy": 0.9956, "Layer1": {"[[0, 1, 2, 3, 4, 5, 6, 7], [8, 9, 10, 11, 12, 13, 14, 15]]": 0.9969, "[[0, 1], [2, 3]]": 0.9966, "[[0], [1]]": 0.9969}, "Layer2": {"[[0, 1, 2, 3, 4, 5, 6, 7], [8, 9, 10, 11, 12, 13, 14, 15]]": 0.9982, "[[0, 1], [2, 3]]": 0.9971, "[[0], [1]]": 0.9972}, "Layer3": {"[[0, 1, 2, 3, 4, 5, 6, 7], [8, 9, 10, 11, 12, 13, 14, 15]]": 0.9977, "[[0, 1], [2, 3]]": 0.9973, "[[0], [1]]": 0.9962}}], [{"accuracy": 0.4986, "Layer1": {"[[0, 1, 2, 3, 4, 5, 6, 7], [8, 9, 10, 11, 12, 13, 14, 15]]": 0.5006, "[[0, 1], [2, 3]]": 0.4972, "[[0], [1]]": 0.4965}, "Layer2": {"[[0, 1, 2, 3, 4, 5, 6, 7], [8, 9, 10, 11, 12, 13, 14, 15]]": 0.5033, "[[0, 1], [2, 3]]": 0.5002, "[[0], [1]]": 0.5007}, "Layer3": {"[[0, 1, 2, 3, 4, 5, 6, 7], [8, 9, 10, 11, 12, 13, 14, 15]]": 0.4922, "[[0, 1], [2, 3]]": 0.4906, "[[0], [1]]": 0.4974}}, {"accuracy": 0.5021, "Layer1": {"[[0, 1, 2, 3, 4, 5, 6, 7], [8, 9, 10, 11, 12, 13, 14, 15]]": 0.7482, "[[0, 1], [2, 3]]": 0.7294, "[[0], [1]]": 0.7461}, "Layer2": {"[[0, 1, 2, 3, 4, 5, 6, 7], [8, 9, 10, 11, 12, 13, 14, 15]]": 0.5191, "[[0, 1], [2, 3]]": 0.5575, "[[0], [1]]": 0.4923}, "Layer3": {"[[0, 1, 2, 3, 4, 5, 6, 7], [8, 9, 10, 11, 12, 13, 14, 15]]": 0.4949, "[[0, 1], [2, 3]]": 0.4993, "[[0], [1]]": 0.4995}}, {"accuracy": 0.5129, "Layer1": {"[[0, 1, 2, 3, 4, 5, 6, 7], [8, 9, 10, 11, 12, 13, 14, 15]]": 0.7451, "[[0, 1], [2, 3]]": 0.7509, "[[0], [1]]": 0.7076}, "Layer2": {"[[0, 1, 2, 3, 4, 5, 6, 7], [8, 9, 10, 11, 12, 13, 14, 15]]": 0.5891, "[[0, 1], [2, 3]]": 0.6038, "[[0], [1]]": 0.6045}, "Layer3": {"[[0, 1, 2, 3, 4, 5, 6, 7], [8, 9, 10, 11, 12, 13, 14, 15]]": 0.5053, "[[0, 1], [2, 3]]": 0.5061, "[[0], [1]]": 0.4928}}, {"accuracy": 0.5797, "Layer1": {"[[0, 1, 2, 3, 4, 5, 6, 7], [8, 9, 10, 11, 12, 13, 14, 15]]": 0.8094, "[[0, 1], [2, 3]]": 0.8151, "[[0], [1]]": 0.7635}, "Layer2": {"[[0, 1, 2, 3, 4, 5, 6, 7], [8, 9, 10, 11, 12, 13, 14, 15]]": 0.6924, "[[0, 1], [2, 3]]": 0.6707, "[[0], [1]]": 0.6807}, "Layer3": {"[[0, 1, 2, 3, 4, 5, 6, 7], [8, 9, 10, 11, 12, 13, 14, 15]]": 0.6011, "[[0, 1], [2, 3]]": 0.6409, "[[0], [1]]": 0.5947}}, {"accuracy": 0.666, "Layer1": {"[[0, 1, 2, 3, 4, 5, 6, 7], [8, 9, 10, 11, 12, 13, 14, 15]]": 0.8891, "[[0, 1], [2, 3]]": 0.8615, "[[0], [1]]": 0.847}, "Layer2": {"[[0, 1, 2, 3, 4, 5, 6, 7], [8, 9, 10, 11, 12, 13, 14, 15]]": 0.7533, "[[0, 1], [2, 3]]": 0.7566, "[[0], [1]]": 0.7369}, "Layer3": {"[[0, 1, 2, 3, 4, 5, 6, 7], [8, 9, 10, 11, 12, 13, 14, 15]]": 0.683, "[[0, 1], [2, 3]]": 0.6985, "[[0], [1]]": 0.67}}, {"accuracy": 0.6923, "Layer1": {"[[0, 1, 2, 3, 4, 5, 6, 7], [8, 9, 10, 11, 12, 13, 14, 15]]": 0.9425, "[[0, 1], [2, 3]]": 0.9521, "[[0], [1]]": 0.9157}, "Layer2": {"[[0, 1, 2, 3, 4, 5, 6, 7], [8, 9, 10, 11, 12, 13, 14, 15]]": 0.8448, "[[0, 1], [2, 3]]": 0.847, "[[0], [1]]": 0.8201}, "Layer3": {"[[0, 1, 2, 3, 4, 5, 6, 7], [8, 9, 10, 11, 12, 13, 14, 15]]": 0.7818, "[[0, 1], [2, 3]]": 0.7671, "[[0], [1]]": 0.7591}}, {"accuracy": 0.7559, "Layer1": {"[[0, 1, 2, 3, 4, 5, 6, 7], [8, 9, 10, 11, 12, 13, 14, 15]]": 0.9752, "[[0, 1], [2, 3]]": 0.9751, "[[0], [1]]": 0.9707}, "Layer2": {"[[0, 1, 2, 3, 4, 5, 6, 7], [8, 9, 10, 11, 12, 13, 14, 15]]": 0.9044, "[[0, 1], [2, 3]]": 0.9052, "[[0], [1]]": 0.8689}, "Layer3": {"[[0, 1, 2, 3, 4, 5, 6, 7], [8, 9, 10, 11, 12, 13, 14, 15]]": 0.8289, "[[0, 1], [2, 3]]": 0.8498, "[[0], [1]]": 0.7838}}, {"accuracy": 0.8048, "Layer1": {"[[0, 1, 2, 3, 4, 5, 6, 7], [8, 9, 10, 11, 12, 13, 14, 15]]": 0.9859, "[[0, 1], [2, 3]]": 0.9809, "[[0], [1]]": 0.9844}, "Layer2": {"[[0, 1, 2, 3, 4, 5, 6, 7], [8, 9, 10, 11, 12, 13, 14, 15]]": 0.9327, "[[0, 1], [2, 3]]": 0.9321, "[[0], [1]]": 0.9034}, "Layer3": {"[[0, 1, 2, 3, 4, 5, 6, 7], [8, 9, 10, 11, 12, 13, 14, 15]]": 0.8539, "[[0, 1], [2, 3]]": 0.8622, "[[0], [1]]": 0.8456}}, {"accuracy": 0.8419, "Layer1": {"[[0, 1, 2, 3, 4, 5, 6, 7], [8, 9, 10, 11, 12, 13, 14, 15]]": 0.9872, "[[0, 1], [2, 3]]": 0.9881, "[[0], [1]]": 0.978}, "Layer2": {"[[0, 1, 2, 3, 4, 5, 6, 7], [8, 9, 10, 11, 12, 13, 14, 15]]": 0.9496, "[[0, 1], [2, 3]]": 0.9487, "[[0], [1]]": 0.9402}, "Layer3": {"[[0, 1, 2, 3, 4, 5, 6, 7], [8, 9, 10, 11, 12, 13, 14, 15]]": 0.9016, "[[0, 1], [2, 3]]": 0.9018, "[[0], [1]]": 0.8659}}, {"accuracy": 0.8756, "Layer1": {"[[0, 1, 2, 3, 4, 5, 6, 7], [8, 9, 10, 11, 12, 13, 14, 15]]": 0.991, "[[0, 1], [2, 3]]": 0.991, "[[0], [1]]": 0.9822}, "Layer2": {"[[0, 1, 2, 3, 4, 5, 6, 7], [8, 9, 10, 11, 12, 13, 14, 15]]": 0.9572, "[[0, 1], [2, 3]]": 0.9541, "[[0], [1]]": 0.939}, "Layer3": {"[[0, 1, 2, 3, 4, 5, 6, 7], [8, 9, 10, 11, 12, 13, 14, 15]]": 0.9193, "[[0, 1], [2, 3]]": 0.9174, "[[0], [1]]": 0.8619}}, {"accuracy": 0.9064, "Layer1": {"[[0, 1, 2, 3, 4, 5, 6, 7], [8, 9, 10, 11, 12, 13, 14, 15]]": 0.9929, "[[0, 1], [2, 3]]": 0.9926, "[[0], [1]]": 0.978}, "Layer2": {"[[0, 1, 2, 3, 4, 5, 6, 7], [8, 9, 10, 11, 12, 13, 14, 15]]": 0.9675, "[[0, 1], [2, 3]]": 0.9675, "[[0], [1]]": 0.9672}, "Layer3": {"[[0, 1, 2, 3, 4, 5, 6, 7], [8, 9, 10, 11, 12, 13, 14, 15]]": 0.9342, "[[0, 1], [2, 3]]": 0.9414, "[[0], [1]]": 0.8887}}, {"accuracy": 0.9268, "Layer1": {"[[0, 1, 2, 3, 4, 5, 6, 7], [8, 9, 10, 11, 12, 13, 14, 15]]": 0.9954, "[[0, 1], [2, 3]]": 0.9871, "[[0], [1]]": 0.9929}, "Layer2": {"[[0, 1, 2, 3, 4, 5, 6, 7], [8, 9, 10, 11, 12, 13, 14, 15]]": 0.9781, "[[0, 1], [2, 3]]": 0.9717, "[[0], [1]]": 0.9625}, "Layer3": {"[[0, 1, 2, 3, 4, 5, 6, 7], [8, 9, 10, 11, 12, 13, 14, 15]]": 0.9393, "[[0, 1], [2, 3]]": 0.955, "[[0], [1]]": 0.915}}, {"accuracy": 0.9416, "Layer1": {"[[0, 1, 2, 3, 4, 5, 6, 7], [8, 9, 10, 11, 12, 13, 14, 15]]": 0.9929, "[[0, 1], [2, 3]]": 0.9945, "[[0], [1]]": 0.9947}, "Layer2": {"[[0, 1, 2, 3, 4, 5, 6, 7], [8, 9, 10, 11, 12, 13, 14, 15]]": 0.9801, "[[0, 1], [2, 3]]": 0.9803, "[[0], [1]]": 0.9676}, "Layer3": {"[[0, 1, 2, 3, 4, 5, 6, 7], [8, 9, 10, 11, 12, 13, 14, 15]]": 0.963, "[[0, 1], [2, 3]]": 0.9623, "[[0], [1]]": 0.9494}}, {"accuracy": 0.9499, "Layer1": {"[[0, 1, 2, 3, 4, 5, 6, 7], [8, 9, 10, 11, 12, 13, 14, 15]]": 0.9939, "[[0, 1], [2, 3]]": 0.9907, "[[0], [1]]": 0.9949}, "Layer2": {"[[0, 1, 2, 3, 4, 5, 6, 7], [8, 9, 10, 11, 12, 13, 14, 15]]": 0.9867, "[[0, 1], [2, 3]]": 0.9844, "[[0], [1]]": 0.9791}, "Layer3": {"[[0, 1, 2, 3, 4, 5, 6, 7], [8, 9, 10, 11, 12, 13, 14, 15]]": 0.9695, "[[0, 1], [2, 3]]": 0.9665, "[[0], [1]]": 0.9507}}, {"accuracy": 0.9603, "Layer1": {"[[0, 1, 2, 3, 4, 5, 6, 7], [8, 9, 10, 11, 12, 13, 14, 15]]": 0.9947, "[[0, 1], [2, 3]]": 0.9933, "[[0], [1]]": 0.9957}, "Layer2": {"[[0, 1, 2, 3, 4, 5, 6, 7], [8, 9, 10, 11, 12, 13, 14, 15]]": 0.9822, "[[0, 1], [2, 3]]": 0.9787, "[[0], [1]]": 0.9842}, "Layer3": {"[[0, 1, 2, 3, 4, 5, 6, 7], [8, 9, 10, 11, 12, 13, 14, 15]]": 0.9703, "[[0, 1], [2, 3]]": 0.9725, "[[0], [1]]": 0.9538}}, {"accuracy": 0.9683, "Layer1": {"[[0, 1, 2, 3, 4, 5, 6, 7], [8, 9, 10, 11, 12, 13, 14, 15]]": 0.996, "[[0, 1], [2, 3]]": 0.9946, "[[0], [1]]": 0.9864}, "Layer2": {"[[0, 1, 2, 3, 4, 5, 6, 7], [8, 9, 10, 11, 12, 13, 14, 15]]": 0.9853, "[[0, 1], [2, 3]]": 0.9856, "[[0], [1]]": 0.9824}, "Layer3": {"[[0, 1, 2, 3, 4, 5, 6, 7], [8, 9, 10, 11, 12, 13, 14, 15]]": 0.973, "[[0, 1], [2, 3]]": 0.9758, "[[0], [1]]": 0.974}}, {"accuracy": 0.9728, "Layer1": {"[[0, 1, 2, 3, 4, 5, 6, 7], [8, 9, 10, 11, 12, 13, 14, 15]]": 0.9953, "[[0, 1], [2, 3]]": 0.9957, "[[0], [1]]": 0.9899}, "Layer2": {"[[0, 1, 2, 3, 4, 5, 6, 7], [8, 9, 10, 11, 12, 13, 14, 15]]": 0.9888, "[[0, 1], [2, 3]]": 0.9876, "[[0], [1]]": 0.9868}, "Layer3": {"[[0, 1, 2, 3, 4, 5, 6, 7], [8, 9, 10, 11, 12, 13, 14, 15]]": 0.9747, "[[0, 1], [2, 3]]": 0.9743, "[[0], [1]]": 0.9705}}], [{"accuracy": 0.498, "Layer1": {"[[0, 1, 2, 3, 4, 5, 6, 7], [8, 9, 10, 11, 12, 13, 14, 15]]": 0.5009, "[[0, 1], [2, 3]]": 0.7435, "[[0], [1]]": 0.7107}, "Layer2": {"[[0, 1, 2, 3, 4, 5, 6, 7], [8, 9, 10, 11, 12, 13, 14, 15]]": 0.5112, "[[0, 1], [2, 3]]": 0.5045, "[[0], [1]]": 0.4988}, "Layer3": {"[[0, 1, 2, 3, 4, 5, 6, 7], [8, 9, 10, 11, 12, 13, 14, 15]]": 0.4881, "[[0, 1], [2, 3]]": 0.4897, "[[0], [1]]": 0.4905}}, {"accuracy": 0.5039, "Layer1": {"[[0, 1, 2, 3, 4, 5, 6, 7], [8, 9, 10, 11, 12, 13, 14, 15]]": 0.7929, "[[0, 1], [2, 3]]": 0.8017, "[[0], [1]]": 0.7768}, "Layer2": {"[[0, 1, 2, 3, 4, 5, 6, 7], [8, 9, 10, 11, 12, 13, 14, 15]]": 0.6367, "[[0, 1], [2, 3]]": 0.633, "[[0], [1]]": 0.6372}, "Layer3": {"[[0, 1, 2, 3, 4, 5, 6, 7], [8, 9, 10, 11, 12, 13, 14, 15]]": 0.5026, "[[0, 1], [2, 3]]": 0.5076, "[[0], [1]]": 0.4934}}, {"accuracy": 0.5941, "Layer1": {"[[0, 1, 2, 3, 4, 5, 6, 7], [8, 9, 10, 11, 12, 13, 14, 15]]": 0.8302, "[[0, 1], [2, 3]]": 0.8259, "[[0], [1]]": 0.7948}, "Layer2": {"[[0, 1, 2, 3, 4, 5, 6, 7], [8, 9, 10, 11, 12, 13, 14, 15]]": 0.7198, "[[0, 1], [2, 3]]": 0.7106, "[[0], [1]]": 0.7068}, "Layer3": {"[[0, 1, 2, 3, 4, 5, 6, 7], [8, 9, 10, 11, 12, 13, 14, 15]]": 0.5523, "[[0, 1], [2, 3]]": 0.5671, "[[0], [1]]": 0.5655}}, {"accuracy": 0.6334, "Layer1": {"[[0, 1, 2, 3, 4, 5, 6, 7], [8, 9, 10, 11, 12, 13, 14, 15]]": 0.8672, "[[0, 1], [2, 3]]": 0.8616, "[[0], [1]]": 0.8698}, "Layer2": {"[[0, 1, 2, 3, 4, 5, 6, 7], [8, 9, 10, 11, 12, 13, 14, 15]]": 0.7582, "[[0, 1], [2, 3]]": 0.7546, "[[0], [1]]": 0.7383}, "Layer3": {"[[0, 1, 2, 3, 4, 5, 6, 7], [8, 9, 10, 11, 12, 13, 14, 15]]": 0.6134, "[[0, 1], [2, 3]]": 0.6297, "[[0], [1]]": 0.6162}}, {"accuracy": 0.701, "Layer1": {"[[0, 1, 2, 3, 4, 5, 6, 7], [8, 9, 10, 11, 12, 13, 14, 15]]": 0.9, "[[0, 1], [2, 3]]": 0.8997, "[[0], [1]]": 0.8708}, "Layer2": {"[[0, 1, 2, 3, 4, 5, 6, 7], [8, 9, 10, 11, 12, 13, 14, 15]]": 0.7429, "[[0, 1], [2, 3]]": 0.7581, "[[0], [1]]": 0.7202}, "Layer3": {"[[0, 1, 2, 3, 4, 5, 6, 7], [8, 9, 10, 11, 12, 13, 14, 15]]": 0.7012, "[[0, 1], [2, 3]]": 0.6908, "[[0], [1]]": 0.6633}}, {"accuracy": 0.7548, "Layer1": {"[[0, 1, 2, 3, 4, 5, 6, 7], [8, 9, 10, 11, 12, 13, 14, 15]]": 0.9505, "[[0, 1], [2, 3]]": 0.9447, "[[0], [1]]": 0.9341}, "Layer2": {"[[0, 1, 2, 3, 4, 5, 6, 7], [8, 9, 10, 11, 12, 13, 14, 15]]": 0.8065, "[[0, 1], [2, 3]]": 0.8065, "[[0], [1]]": 0.7974}, "Layer3": {"[[0, 1, 2, 3, 4, 5, 6, 7], [8, 9, 10, 11, 12, 13, 14, 15]]": 0.708, "[[0, 1], [2, 3]]": 0.7333, "[[0], [1]]": 0.6787}}, {"accuracy": 0.8137, "Layer1": {"[[0, 1, 2, 3, 4, 5, 6, 7], [8, 9, 10, 11, 12, 13, 14, 15]]": 0.9572, "[[0, 1], [2, 3]]": 0.9518, "[[0], [1]]": 0.9483}, "Layer2": {"[[0, 1, 2, 3, 4, 5, 6, 7], [8, 9, 10, 11, 12, 13, 14, 15]]": 0.8131, "[[0, 1], [2, 3]]": 0.8108, "[[0], [1]]": 0.8059}, "Layer3": {"[[0, 1, 2, 3, 4, 5, 6, 7], [8, 9, 10, 11, 12, 13, 14, 15]]": 0.7564, "[[0, 1], [2, 3]]": 0.758, "[[0], [1]]": 0.7354}}, {"accuracy": 0.842, "Layer1": {"[[0, 1, 2, 3, 4, 5, 6, 7], [8, 9, 10, 11, 12, 13, 14, 15]]": 0.9647, "[[0, 1], [2, 3]]": 0.9613, "[[0], [1]]": 0.9611}, "Layer2": {"[[0, 1, 2, 3, 4, 5, 6, 7], [8, 9, 10, 11, 12, 13, 14, 15]]": 0.85, "[[0, 1], [2, 3]]": 0.8291, "[[0], [1]]": 0.8299}, "Layer3": {"[[0, 1, 2, 3, 4, 5, 6, 7], [8, 9, 10, 11, 12, 13, 14, 15]]": 0.7781, "[[0, 1], [2, 3]]": 0.7299, "[[0], [1]]": 0.7487}}, {"accuracy": 0.8589, "Layer1": {"[[0, 1, 2, 3, 4, 5, 6, 7], [8, 9, 10, 11, 12, 13, 14, 15]]": 0.9746, "[[0, 1], [2, 3]]": 0.9712, "[[0], [1]]": 0.9644}, "Layer2": {"[[0, 1, 2, 3, 4, 5, 6, 7], [8, 9, 10, 11, 12, 13, 14, 15]]": 0.8698, "[[0, 1], [2, 3]]": 0.8573, "[[0], [1]]": 0.8511}, "Layer3": {"[[0, 1, 2, 3, 4, 5, 6, 7], [8, 9, 10, 11, 12, 13, 14, 15]]": 0.7804, "[[0, 1], [2, 3]]": 0.7524, "[[0], [1]]": 0.7648}}, {"accuracy": 0.8763, "Layer1": {"[[0, 1, 2, 3, 4, 5, 6, 7], [8, 9, 10, 11, 12, 13, 14, 15]]": 0.9794, "[[0, 1], [2, 3]]": 0.9807, "[[0], [1]]": 0.9734}, "Layer2": {"[[0, 1, 2, 3, 4, 5, 6, 7], [8, 9, 10, 11, 12, 13, 14, 15]]": 0.8908, "[[0, 1], [2, 3]]": 0.8969, "[[0], [1]]": 0.8746}, "Layer3": {"[[0, 1, 2, 3, 4, 5, 6, 7], [8, 9, 10, 11, 12, 13, 14, 15]]": 0.8076, "[[0, 1], [2, 3]]": 0.8082, "[[0], [1]]": 0.7926}}, {"accuracy": 0.8951, "Layer1": {"[[0, 1, 2, 3, 4, 5, 6, 7], [8, 9, 10, 11, 12, 13, 14, 15]]": 0.9854, "[[0, 1], [2, 3]]": 0.9875, "[[0], [1]]": 0.9829}, "Layer2": {"[[0, 1, 2, 3, 4, 5, 6, 7], [8, 9, 10, 11, 12, 13, 14, 15]]": 0.924, "[[0, 1], [2, 3]]": 0.9082, "[[0], [1]]": 0.9026}, "Layer3": {"[[0, 1, 2, 3, 4, 5, 6, 7], [8, 9, 10, 11, 12, 13, 14, 15]]": 0.8435, "[[0, 1], [2, 3]]": 0.8514, "[[0], [1]]": 0.8386}}, {"accuracy": 0.9204, "Layer1": {"[[0, 1, 2, 3, 4, 5, 6, 7], [8, 9, 10, 11, 12, 13, 14, 15]]": 0.9917, "[[0, 1], [2, 3]]": 0.9926, "[[0], [1]]": 0.985}, "Layer2": {"[[0, 1, 2, 3, 4, 5, 6, 7], [8, 9, 10, 11, 12, 13, 14, 15]]": 0.9554, "[[0, 1], [2, 3]]": 0.9543, "[[0], [1]]": 0.9428}, "Layer3": {"[[0, 1, 2, 3, 4, 5, 6, 7], [8, 9, 10, 11, 12, 13, 14, 15]]": 0.9208, "[[0, 1], [2, 3]]": 0.918, "[[0], [1]]": 0.9156}}, {"accuracy": 0.9488, "Layer1": {"[[0, 1, 2, 3, 4, 5, 6, 7], [8, 9, 10, 11, 12, 13, 14, 15]]": 0.9957, "[[0, 1], [2, 3]]": 0.996, "[[0], [1]]": 0.9959}, "Layer2": {"[[0, 1, 2, 3, 4, 5, 6, 7], [8, 9, 10, 11, 12, 13, 14, 15]]": 0.9823, "[[0, 1], [2, 3]]": 0.9847, "[[0], [1]]": 0.9802}, "Layer3": {"[[0, 1, 2, 3, 4, 5, 6, 7], [8, 9, 10, 11, 12, 13, 14, 15]]": 0.9655, "[[0, 1], [2, 3]]": 0.964, "[[0], [1]]": 0.963}}, {"accuracy": 0.9733, "Layer1": {"[[0, 1, 2, 3, 4, 5, 6, 7], [8, 9, 10, 11, 12, 13, 14, 15]]": 0.9974, "[[0, 1], [2, 3]]": 0.9974, "[[0], [1]]": 0.9948}, "Layer2": {"[[0, 1, 2, 3, 4, 5, 6, 7], [8, 9, 10, 11, 12, 13, 14, 15]]": 0.9946, "[[0, 1], [2, 3]]": 0.9941, "[[0], [1]]": 0.993}, "Layer3": {"[[0, 1, 2, 3, 4, 5, 6, 7], [8, 9, 10, 11, 12, 13, 14, 15]]": 0.9886, "[[0, 1], [2, 3]]": 0.9899, "[[0], [1]]": 0.9904}}, {"accuracy": 0.9864, "Layer1": {"[[0, 1, 2, 3, 4, 5, 6, 7], [8, 9, 10, 11, 12, 13, 14, 15]]": 0.9974, "[[0, 1], [2, 3]]": 0.9971, "[[0], [1]]": 0.9979}, "Layer2": {"[[0, 1, 2, 3, 4, 5, 6, 7], [8, 9, 10, 11, 12, 13, 14, 15]]": 0.9958, "[[0, 1], [2, 3]]": 0.9967, "[[0], [1]]": 0.9961}, "Layer3": {"[[0, 1, 2, 3, 4, 5, 6, 7], [8, 9, 10, 11, 12, 13, 14, 15]]": 0.9947, "[[0, 1], [2, 3]]": 0.9942, "[[0], [1]]": 0.9934}}, {"accuracy": 0.9925, "Layer1": {"[[0, 1, 2, 3, 4, 5, 6, 7], [8, 9, 10, 11, 12, 13, 14, 15]]": 0.998, "[[0, 1], [2, 3]]": 0.9964, "[[0], [1]]": 0.998}, "Layer2": {"[[0, 1, 2, 3, 4, 5, 6, 7], [8, 9, 10, 11, 12, 13, 14, 15]]": 0.9979, "[[0, 1], [2, 3]]": 0.9977, "[[0], [1]]": 0.9971}, "Layer3": {"[[0, 1, 2, 3, 4, 5, 6, 7], [8, 9, 10, 11, 12, 13, 14, 15]]": 0.9964, "[[0, 1], [2, 3]]": 0.9966, "[[0], [1]]": 0.9956}}, {"accuracy": 0.994, "Layer1": {"[[0, 1, 2, 3, 4, 5, 6, 7], [8, 9, 10, 11, 12, 13, 14, 15]]": 0.9988, "[[0, 1], [2, 3]]": 0.9969, "[[0], [1]]": 0.9979}, "Layer2": {"[[0, 1, 2, 3, 4, 5, 6, 7], [8, 9, 10, 11, 12, 13, 14, 15]]": 0.9985, "[[0, 1], [2, 3]]": 0.998, "[[0], [1]]": 0.9972}, "Layer3": {"[[0, 1, 2, 3, 4, 5, 6, 7], [8, 9, 10, 11, 12, 13, 14, 15]]": 0.9965, "[[0, 1], [2, 3]]": 0.997, "[[0], [1]]": 0.9978}}], [{"accuracy": 0.5005, "Layer1": {"[[0, 1, 2, 3, 4, 5, 6, 7], [8, 9, 10, 11, 12, 13, 14, 15]]": 0.4932, "[[0, 1], [2, 3]]": 0.5038, "[[0], [1]]": 0.4958}, "Layer2": {"[[0, 1, 2, 3, 4, 5, 6, 7], [8, 9, 10, 11, 12, 13, 14, 15]]": 0.5102, "[[0, 1], [2, 3]]": 0.5058, "[[0], [1]]": 0.5031}, "Layer3": {"[[0, 1, 2, 3, 4, 5, 6, 7], [8, 9, 10, 11, 12, 13, 14, 15]]": 0.4966, "[[0, 1], [2, 3]]": 0.4926, "[[0], [1]]": 0.4944}}, {"accuracy": 0.4968, "Layer1": {"[[0, 1, 2, 3, 4, 5, 6, 7], [8, 9, 10, 11, 12, 13, 14, 15]]": 0.7346, "[[0, 1], [2, 3]]": 0.7212, "[[0], [1]]": 0.7297}, "Layer2": {"[[0, 1, 2, 3, 4, 5, 6, 7], [8, 9, 10, 11, 12, 13, 14, 15]]": 0.5928, "[[0, 1], [2, 3]]": 0.5695, "[[0], [1]]": 0.509}, "Layer3": {"[[0, 1, 2, 3, 4, 5, 6, 7], [8, 9, 10, 11, 12, 13, 14, 15]]": 0.4919, "[[0, 1], [2, 3]]": 0.4955, "[[0], [1]]": 0.4982}}, {"accuracy": 0.5305, "Layer1": {"[[0, 1, 2, 3, 4, 5, 6, 7], [8, 9, 10, 11, 12, 13, 14, 15]]": 0.7674, "[[0, 1], [2, 3]]": 0.7704, "[[0], [1]]": 0.7559}, "Layer2": {"[[0, 1, 2, 3, 4, 5, 6, 7], [8, 9, 10, 11, 12, 13, 14, 15]]": 0.603, "[[0, 1], [2, 3]]": 0.6109, "[[0], [1]]": 0.6068}, "Layer3": {"[[0, 1, 2, 3, 4, 5, 6, 7], [8, 9, 10, 11, 12, 13, 14, 15]]": 0.5236, "[[0, 1], [2, 3]]": 0.5259, "[[0], [1]]": 0.5172}}, {"accuracy": 0.6225, "Layer1": {"[[0, 1, 2, 3, 4, 5, 6, 7], [8, 9, 10, 11, 12, 13, 14, 15]]": 0.8089, "[[0, 1], [2, 3]]": 0.7994, "[[0], [1]]": 0.7716}, "Layer2": {"[[0, 1, 2, 3, 4, 5, 6, 7], [8, 9, 10, 11, 12, 13, 14, 15]]": 0.655, "[[0, 1], [2, 3]]": 0.6598, "[[0], [1]]": 0.6688}, "Layer3": {"[[0, 1, 2, 3, 4, 5, 6, 7], [8, 9, 10, 11, 12, 13, 14, 15]]": 0.5949, "[[0, 1], [2, 3]]": 0.6056, "[[0], [1]]": 0.603}}, {"accuracy": 0.6828, "Layer1": {"[[0, 1, 2, 3, 4, 5, 6, 7], [8, 9, 10, 11, 12, 13, 14, 15]]": 0.895, "[[0, 1], [2, 3]]": 0.8992, "[[0], [1]]": 0.8943}, "Layer2": {"[[0, 1, 2, 3, 4, 5, 6, 7], [8, 9, 10, 11, 12, 13, 14, 15]]": 0.7888, "[[0, 1], [2, 3]]": 0.7745, "[[0], [1]]": 0.7735}, "Layer3": {"[[0, 1, 2, 3, 4, 5, 6, 7], [8, 9, 10, 11, 12, 13, 14, 15]]": 0.6674, "[[0, 1], [2, 3]]": 0.6755, "[[0], [1]]": 0.6334}}, {"accuracy": 0.7168, "Layer1": {"[[0, 1, 2, 3, 4, 5, 6, 7], [8, 9, 10, 11, 12, 13, 14, 15]]": 0.9273, "[[0, 1], [2, 3]]": 0.9327, "[[0], [1]]": 0.9197}, "Layer2": {"[[0, 1, 2, 3, 4, 5, 6, 7], [8, 9, 10, 11, 12, 13, 14, 15]]": 0.7966, "[[0, 1], [2, 3]]": 0.7932, "[[0], [1]]": 0.7639}, "Layer3": {"[[0, 1, 2, 3, 4, 5, 6, 7], [8, 9, 10, 11, 12, 13, 14, 15]]": 0.6639, "[[0, 1], [2, 3]]": 0.656, "[[0], [1]]": 0.6484}}, {"accuracy": 0.7621, "Layer1": {"[[0, 1, 2, 3, 4, 5, 6, 7], [8, 9, 10, 11, 12, 13, 14, 15]]": 0.9531, "[[0, 1], [2, 3]]": 0.9393, "[[0], [1]]": 0.9469}, "Layer2": {"[[0, 1, 2, 3, 4, 5, 6, 7], [8, 9, 10, 11, 12, 13, 14, 15]]": 0.8175, "[[0, 1], [2, 3]]": 0.779, "[[0], [1]]": 0.8072}, "Layer3": {"[[0, 1, 2, 3, 4, 5, 6, 7], [8, 9, 10, 11, 12, 13, 14, 15]]": 0.7115, "[[0, 1], [2, 3]]": 0.7115, "[[0], [1]]": 0.6445}}, {"accuracy": 0.8111, "Layer1": {"[[0, 1, 2, 3, 4, 5, 6, 7], [8, 9, 10, 11, 12, 13, 14, 15]]": 0.964, "[[0, 1], [2, 3]]": 0.9648, "[[0], [1]]": 0.9518}, "Layer2": {"[[0, 1, 2, 3, 4, 5, 6, 7], [8, 9, 10, 11, 12, 13, 14, 15]]": 0.8581, "[[0, 1], [2, 3]]": 0.8604, "[[0], [1]]": 0.8515}, "Layer3": {"[[0, 1, 2, 3, 4, 5, 6, 7], [8, 9, 10, 11, 12, 13, 14, 15]]": 0.763, "[[0, 1], [2, 3]]": 0.7609, "[[0], [1]]": 0.7588}}, {"accuracy": 0.8362, "Layer1": {"[[0, 1, 2, 3, 4, 5, 6, 7], [8, 9, 10, 11, 12, 13, 14, 15]]": 0.9704, "[[0, 1], [2, 3]]": 0.9713, "[[0], [1]]": 0.9681}, "Layer2": {"[[0, 1, 2, 3, 4, 5, 6, 7], [8, 9, 10, 11, 12, 13, 14, 15]]": 0.8709, "[[0, 1], [2, 3]]": 0.8633, "[[0], [1]]": 0.8713}, "Layer3": {"[[0, 1, 2, 3, 4, 5, 6, 7], [8, 9, 10, 11, 12, 13, 14, 15]]": 0.7823, "[[0, 1], [2, 3]]": 0.771, "[[0], [1]]": 0.7698}}, {"accuracy": 0.8567, "Layer1": {"[[0, 1, 2, 3, 4, 5, 6, 7], [8, 9, 10, 11, 12, 13, 14, 15]]": 0.9806, "[[0, 1], [2, 3]]": 0.9724, "[[0], [1]]": 0.9662}, "Layer2": {"[[0, 1, 2, 3, 4, 5, 6, 7], [8, 9, 10, 11, 12, 13, 14, 15]]": 0.8969, "[[0, 1], [2, 3]]": 0.9037, "[[0], [1]]": 0.8986}, "Layer3": {"[[0, 1, 2, 3, 4, 5, 6, 7], [8, 9, 10, 11, 12, 13, 14, 15]]": 0.8523, "[[0, 1], [2, 3]]": 0.8272, "[[0], [1]]": 0.7975}}, {"accuracy": 0.8781, "Layer1": {"[[0, 1, 2, 3, 4, 5, 6, 7], [8, 9, 10, 11, 12, 13, 14, 15]]": 0.9818, "[[0, 1], [2, 3]]": 0.9816, "[[0], [1]]": 0.9777}, "Layer2": {"[[0, 1, 2, 3, 4, 5, 6, 7], [8, 9, 10, 11, 12, 13, 14, 15]]": 0.9436, "[[0, 1], [2, 3]]": 0.9384, "[[0], [1]]": 0.9324}, "Layer3": {"[[0, 1, 2, 3, 4, 5, 6, 7], [8, 9, 10, 11, 12, 13, 14, 15]]": 0.8604, "[[0, 1], [2, 3]]": 0.8857, "[[0], [1]]": 0.864}}, {"accuracy": 0.8971, "Layer1": {"[[0, 1, 2, 3, 4, 5, 6, 7], [8, 9, 10, 11, 12, 13, 14, 15]]": 0.9812, "[[0, 1], [2, 3]]": 0.9828, "[[0], [1]]": 0.9818}, "Layer2": {"[[0, 1, 2, 3, 4, 5, 6, 7], [8, 9, 10, 11, 12, 13, 14, 15]]": 0.958, "[[0, 1], [2, 3]]": 0.944, "[[0], [1]]": 0.9511}, "Layer3": {"[[0, 1, 2, 3, 4, 5, 6, 7], [8, 9, 10, 11, 12, 13, 14, 15]]": 0.8892, "[[0, 1], [2, 3]]": 0.8986, "[[0], [1]]": 0.8963}}, {"accuracy": 0.9108, "Layer1": {"[[0, 1, 2, 3, 4, 5, 6, 7], [8, 9, 10, 11, 12, 13, 14, 15]]": 0.986, "[[0, 1], [2, 3]]": 0.9886, "[[0], [1]]": 0.9907}, "Layer2": {"[[0, 1, 2, 3, 4, 5, 6, 7], [8, 9, 10, 11, 12, 13, 14, 15]]": 0.9651, "[[0, 1], [2, 3]]": 0.9654, "[[0], [1]]": 0.9544}, "Layer3": {"[[0, 1, 2, 3, 4, 5, 6, 7], [8, 9, 10, 11, 12, 13, 14, 15]]": 0.927, "[[0, 1], [2, 3]]": 0.9092, "[[0], [1]]": 0.9024}}, {"accuracy": 0.9295, "Layer1": {"[[0, 1, 2, 3, 4, 5, 6, 7], [8, 9, 10, 11, 12, 13, 14, 15]]": 0.9881, "[[0, 1], [2, 3]]": 0.9879, "[[0], [1]]": 0.992}, "Layer2": {"[[0, 1, 2, 3, 4, 5, 6, 7], [8, 9, 10, 11, 12, 13, 14, 15]]": 0.9732, "[[0, 1], [2, 3]]": 0.9711, "[[0], [1]]": 0.9711}, "Layer3": {"[[0, 1, 2, 3, 4, 5, 6, 7], [8, 9, 10, 11, 12, 13, 14, 15]]": 0.9268, "[[0, 1], [2, 3]]": 0.925, "[[0], [1]]": 0.9292}}, {"accuracy": 0.9459, "Layer1": {"[[0, 1, 2, 3, 4, 5, 6, 7], [8, 9, 10, 11, 12, 13, 14, 15]]": 0.9852, "[[0, 1], [2, 3]]": 0.9932, "[[0], [1]]": 0.9914}, "Layer2": {"[[0, 1, 2, 3, 4, 5, 6, 7], [8, 9, 10, 11, 12, 13, 14, 15]]": 0.9814, "[[0, 1], [2, 3]]": 0.9804, "[[0], [1]]": 0.9792}, "Layer3": {"[[0, 1, 2, 3, 4, 5, 6, 7], [8, 9, 10, 11, 12, 13, 14, 15]]": 0.9548, "[[0, 1], [2, 3]]": 0.9496, "[[0], [1]]": 0.9427}}, {"accuracy": 0.9602, "Layer1": {"[[0, 1, 2, 3, 4, 5, 6, 7], [8, 9, 10, 11, 12, 13, 14, 15]]": 0.9923, "[[0, 1], [2, 3]]": 0.9911, "[[0], [1]]": 0.977}, "Layer2": {"[[0, 1, 2, 3, 4, 5, 6, 7], [8, 9, 10, 11, 12, 13, 14, 15]]": 0.9822, "[[0, 1], [2, 3]]": 0.9797, "[[0], [1]]": 0.9805}, "Layer3": {"[[0, 1, 2, 3, 4, 5, 6, 7], [8, 9, 10, 11, 12, 13, 14, 15]]": 0.9658, "[[0, 1], [2, 3]]": 0.9693, "[[0], [1]]": 0.9619}}, {"accuracy": 0.9691, "Layer1": {"[[0, 1, 2, 3, 4, 5, 6, 7], [8, 9, 10, 11, 12, 13, 14, 15]]": 0.9945, "[[0, 1], [2, 3]]": 0.9952, "[[0], [1]]": 0.994}, "Layer2": {"[[0, 1, 2, 3, 4, 5, 6, 7], [8, 9, 10, 11, 12, 13, 14, 15]]": 0.989, "[[0, 1], [2, 3]]": 0.9887, "[[0], [1]]": 0.9873}, "Layer3": {"[[0, 1, 2, 3, 4, 5, 6, 7], [8, 9, 10, 11, 12, 13, 14, 15]]": 0.9805, "[[0, 1], [2, 3]]": 0.977, "[[0], [1]]": 0.975}}]]