[[{"accuracy": 0.4967, "Layer1": {"[[0, 1, 2, 3, 4, 5, 6, 7], [8, 9, 10, 11, 12, 13, 14, 15]]": 0.4979, "[[0, 1], [2, 3]]": 0.5041, "[[0], [1]]": 0.4976}, "Layer2": {"[[0, 1, 2, 3, 4, 5, 6, 7], [8, 9, 10, 11, 12, 13, 14, 15]]": 0.4974, "[[0, 1], [2, 3]]": 0.4993, "[[0], [1]]": 0.5034}, "Layer3": {"[[0, 1, 2, 3, 4, 5, 6, 7], [8, 9, 10, 11, 12, 13, 14, 15]]": 0.4977, "[[0, 1], [2, 3]]": 0.4977, "[[0], [1]]": 0.4977}}, {"accuracy": 0.5014, "Layer1": {"[[0, 1, 2, 3, 4, 5, 6, 7], [8, 9, 10, 11, 12, 13, 14, 15]]": 0.5851, "[[0, 1], [2, 3]]": 0.5785, "[[0], [1]]": 0.5832}, "Layer2": {"[[0, 1, 2, 3, 4, 5, 6, 7], [8, 9, 10, 11, 12, 13, 14, 15]]": 0.5865, "[[0, 1], [2, 3]]": 0.5098, "[[0], [1]]": 0.5401}, "Layer3": {"[[0, 1, 2, 3, 4, 5, 6, 7], [8, 9, 10, 11, 12, 13, 14, 15]]": 0.5019, "[[0, 1], [2, 3]]": 0.509, "[[0], [1]]": 0.5104}}, {"accuracy": 0.5715, "Layer1": {"[[0, 1, 2, 3, 4, 5, 6, 7], [8, 9, 10, 11, 12, 13, 14, 15]]": 0.6956, "[[0, 1], [2, 3]]": 0.6768, "[[0], [1]]": 0.6708}, "Layer2": {"[[0, 1, 2, 3, 4, 5, 6, 7], [8, 9, 10, 11, 12, 13, 14, 15]]": 0.6271, "[[0, 1], [2, 3]]": 0.6295, "[[0], [1]]": 0.622}, "Layer3": {"[[0, 1, 2, 3, 4, 5, 6, 7], [8, 9, 10, 11, 12, 13, 14, 15]]": 0.5186, "[[0, 1], [2, 3]]": 0.5257, "[[0], [1]]": 0.5229}}, {"accuracy": 0.6006, "Layer1": {"[[0, 1, 2, 3, 4, 5, 6, 7], [8, 9, 10, 11, 12, 13, 14, 15]]": 0.7929, "[[0, 1], [2, 3]]": 0.7139, "[[0], [1]]": 0.7044}, "Layer2": {"[[0, 1, 2, 3, 4, 5, 6, 7], [8, 9, 10, 11, 12, 13, 14, 15]]": 0.7011, "[[0, 1], [2, 3]]": 0.6689, "[[0], [1]]": 0.6642}, "Layer3": {"[[0, 1, 2, 3, 4, 5, 6, 7], [8, 9, 10, 11, 12, 13, 14, 15]]": 0.5932, "[[0, 1], [2, 3]]": 0.5772, "[[0], [1]]": 0.5373}}, {"accuracy": 0.6782, "Layer1": {"[[0, 1, 2, 3, 4, 5, 6, 7], [8, 9, 10, 11, 12, 13, 14, 15]]": 0.8691, "[[0, 1], [2, 3]]": 0.7809, "[[0], [1]]": 0.7694}, "Layer2": {"[[0, 1, 2, 3, 4, 5, 6, 7], [8, 9, 10, 11, 12, 13, 14, 15]]": 0.7777, "[[0, 1], [2, 3]]": 0.7848, "[[0], [1]]": 0.737}, "Layer3": {"[[0, 1, 2, 3, 4, 5, 6, 7], [8, 9, 10, 11, 12, 13, 14, 15]]": 0.6697, "[[0, 1], [2, 3]]": 0.6199, "[[0], [1]]": 0.6108}}, {"accuracy": 0.7404, "Layer1": {"[[0, 1, 2, 3, 4, 5, 6, 7], [8, 9, 10, 11, 12, 13, 14, 15]]": 0.8882, "[[0, 1], [2, 3]]": 0.8717, "[[0], [1]]": 0.8485}, "Layer2": {"[[0, 1, 2, 3, 4, 5, 6, 7], [8, 9, 10, 11, 12, 13, 14, 15]]": 0.8581, "[[0, 1], [2, 3]]": 0.821, "[[0], [1]]": 0.8134}, "Layer3": {"[[0, 1, 2, 3, 4, 5, 6, 7], [8, 9, 10, 11, 12, 13, 14, 15]]": 0.7694, "[[0, 1], [2, 3]]": 0.7172, "[[0], [1]]": 0.6536}}, {"accuracy": 0.824, "Layer1": {"[[0, 1, 2, 3, 4, 5, 6, 7], [8, 9, 10, 11, 12, 13, 14, 15]]": 0.9589, "[[0, 1], [2, 3]]": 0.9322, "[[0], [1]]": 0.8861}, "Layer2": {"[[0, 1, 2, 3, 4, 5, 6, 7], [8, 9, 10, 11, 12, 13, 14, 15]]": 0.887, "[[0, 1], [2, 3]]": 0.8621, "[[0], [1]]": 0.8393}, "Layer3": {"[[0, 1, 2, 3, 4, 5, 6, 7], [8, 9, 10, 11, 12, 13, 14, 15]]": 0.7788, "[[0, 1], [2, 3]]": 0.7441, "[[0], [1]]": 0.6874}}, {"accuracy": 0.8986, "Layer1": {"[[0, 1, 2, 3, 4, 5, 6, 7], [8, 9, 10, 11, 12, 13, 14, 15]]": 0.9767, "[[0, 1], [2, 3]]": 0.9322, "[[0], [1]]": 0.9311}, "Layer2": {"[[0, 1, 2, 3, 4, 5, 6, 7], [8, 9, 10, 11, 12, 13, 14, 15]]": 0.9323, "[[0, 1], [2, 3]]": 0.8866, "[[0], [1]]": 0.8741}, "Layer3": {"[[0, 1, 2, 3, 4, 5, 6, 7], [8, 9, 10, 11, 12, 13, 14, 15]]": 0.8581, "[[0, 1], [2, 3]]": 0.7441, "[[0], [1]]": 0.6903}}, {"accuracy": 0.9453, "Layer1": {"[[0, 1, 2, 3, 4, 5, 6, 7], [8, 9, 10, 11, 12, 13, 14, 15]]": 0.9879, "[[0, 1], [2, 3]]": 0.9595, "[[0], [1]]": 0.8817}, "Layer2": {"[[0, 1, 2, 3, 4, 5, 6, 7], [8, 9, 10, 11, 12, 13, 14, 15]]": 0.9605, "[[0, 1], [2, 3]]": 0.9438, "[[0], [1]]": 0.903}, "Layer3": {"[[0, 1, 2, 3, 4, 5, 6, 7], [8, 9, 10, 11, 12, 13, 14, 15]]": 0.9353, "[[0, 1], [2, 3]]": 0.9098, "[[0], [1]]": 0.6947}}, {"accuracy": 0.9652, "Layer1": {"[[0, 1, 2, 3, 4, 5, 6, 7], [8, 9, 10, 11, 12, 13, 14, 15]]": 0.9874, "[[0, 1], [2, 3]]": 0.9795, "[[0], [1]]": 0.9452}, "Layer2": {"[[0, 1, 2, 3, 4, 5, 6, 7], [8, 9, 10, 11, 12, 13, 14, 15]]": 0.9837, "[[0, 1], [2, 3]]": 0.9612, "[[0], [1]]": 0.9651}, "Layer3": {"[[0, 1, 2, 3, 4, 5, 6, 7], [8, 9, 10, 11, 12, 13, 14, 15]]": 0.9549, "[[0, 1], [2, 3]]": 0.8956, "[[0], [1]]": 0.6317}}, {"accuracy": 0.9771, "Layer1": {"[[0, 1, 2, 3, 4, 5, 6, 7], [8, 9, 10, 11, 12, 13, 14, 15]]": 0.9928, "[[0, 1], [2, 3]]": 0.9865, "[[0], [1]]": 0.9505}, "Layer2": {"[[0, 1, 2, 3, 4, 5, 6, 7], [8, 9, 10, 11, 12, 13, 14, 15]]": 0.9868, "[[0, 1], [2, 3]]": 0.9758, "[[0], [1]]": 0.7092}, "Layer3": {"[[0, 1, 2, 3, 4, 5, 6, 7], [8, 9, 10, 11, 12, 13, 14, 15]]": 0.9724, "[[0, 1], [2, 3]]": 0.8306, "[[0], [1]]": 0.6723}}, {"accuracy": 0.9855, "Layer1": {"[[0, 1, 2, 3, 4, 5, 6, 7], [8, 9, 10, 11, 12, 13, 14, 15]]": 0.9951, "[[0, 1], [2, 3]]": 0.9858, "[[0], [1]]": 0.9379}, "Layer2": {"[[0, 1, 2, 3, 4, 5, 6, 7], [8, 9, 10, 11, 12, 13, 14, 15]]": 0.9901, "[[0, 1], [2, 3]]": 0.9753, "[[0], [1]]": 0.9643}, "Layer3": {"[[0, 1, 2, 3, 4, 5, 6, 7], [8, 9, 10, 11, 12, 13, 14, 15]]": 0.9485, "[[0, 1], [2, 3]]": 0.8967, "[[0], [1]]": 0.6616}}, {"accuracy": 0.9918, "Layer1": {"[[0, 1, 2, 3, 4, 5, 6, 7], [8, 9, 10, 11, 12, 13, 14, 15]]": 0.9932, "[[0, 1], [2, 3]]": 0.9891, "[[0], [1]]": 0.9222}, "Layer2": {"[[0, 1, 2, 3, 4, 5, 6, 7], [8, 9, 10, 11, 12, 13, 14, 15]]": 0.9938, "[[0, 1], [2, 3]]": 0.9883, "[[0], [1]]": 0.9659}, "Layer3": {"[[0, 1, 2, 3, 4, 5, 6, 7], [8, 9, 10, 11, 12, 13, 14, 15]]": 0.9869, "[[0, 1], [2, 3]]": 0.948, "[[0], [1]]": 0.6905}}, {"accuracy": 0.9953, "Layer1": {"[[0, 1, 2, 3, 4, 5, 6, 7], [8, 9, 10, 11, 12, 13, 14, 15]]": 0.9961, "[[0, 1], [2, 3]]": 0.9852, "[[0], [1]]": 0.6533}, "Layer2": {"[[0, 1, 2, 3, 4, 5, 6, 7], [8, 9, 10, 11, 12, 13, 14, 15]]": 0.9953, "[[0, 1], [2, 3]]": 0.992, "[[0], [1]]": 0.9768}, "Layer3": {"[[0, 1, 2, 3, 4, 5, 6, 7], [8, 9, 10, 11, 12, 13, 14, 15]]": 0.979, "[[0, 1], [2, 3]]": 0.828, "[[0], [1]]": 0.9364}}, {"accuracy": 0.9965, "Layer1": {"[[0, 1, 2, 3, 4, 5, 6, 7], [8, 9, 10, 11, 12, 13, 14, 15]]": 0.9957, "[[0, 1], [2, 3]]": 0.9903, "[[0], [1]]": 0.6872}, "Layer2": {"[[0, 1, 2, 3, 4, 5, 6, 7], [8, 9, 10, 11, 12, 13, 14, 15]]": 0.9956, "[[0, 1], [2, 3]]": 0.9919, "[[0], [1]]": 0.9884}, "Layer3": {"[[0, 1, 2, 3, 4, 5, 6, 7], [8, 9, 10, 11, 12, 13, 14, 15]]": 0.9878, "[[0, 1], [2, 3]]": 0.9816, "[[0], [1]]": 0.9593}}, {"accuracy": 0.9971, "Layer1": {"[[0, 1, 2, 3, 4, 5, 6, 7], [8, 9, 10, 11, 12, 13, 14, 15]]": 0.9938, "[[0, 1], [2, 3]]": 0.9893, "[[0], [1]]": 0.8932}, "Layer2": {"[[0, 1, 2, 3, 4, 5, 6, 7], [8, 9, 10, 11, 12, 13, 14, 15]]": 0.9962, "[[0, 1], [2, 3]]": 0.9945, "[[0], [1]]": 0.9923}, "Layer3": {"[[0, 1, 2, 3, 4, 5, 6, 7], [8, 9, 10, 11, 12, 13, 14, 15]]": 0.9925, "[[0, 1], [2, 3]]": 0.9502, "[[0], [1]]": 0.9329}}, {"accuracy": 0.9978, "Layer1": {"[[0, 1, 2, 3, 4, 5, 6, 7], [8, 9, 10, 11, 12, 13, 14, 15]]": 0.9956, "[[0, 1], [2, 3]]": 0.9873, "[[0], [1]]": 0.8361}, "Layer2": {"[[0, 1, 2, 3, 4, 5, 6, 7], [8, 9, 10, 11, 12, 13, 14, 15]]": 0.9957, "[[0, 1], [2, 3]]": 0.9943, "[[0], [1]]": 0.9723}, "Layer3": {"[[0, 1, 2, 3, 4, 5, 6, 7], [8, 9, 10, 11, 12, 13, 14, 15]]": 0.9885, "[[0, 1], [2, 3]]": 0.9632, "[[0], [1]]": 0.8662}}], [{"accuracy": 0.4831, "Layer1": {"[[0, 1, 2, 3, 4, 5, 6, 7], [8, 9, 10, 11, 12, 13, 14, 15]]": 0.5392, "[[0, 1], [2, 3]]": 0.5037, "[[0], [1]]": 0.5045}, "Layer2": {"[[0, 1, 2, 3, 4, 5, 6, 7], [8, 9, 10, 11, 12, 13, 14, 15]]": 0.5018, "[[0, 1], [2, 3]]": 0.5047, "[[0], [1]]": 0.5004}, "Layer3": {"[[0, 1, 2, 3, 4, 5, 6, 7], [8, 9, 10, 11, 12, 13, 14, 15]]": 0.5037, "[[0, 1], [2, 3]]": 0.5037, "[[0], [1]]": 0.5037}}, {"accuracy": 0.4884, "Layer1": {"[[0, 1, 2, 3, 4, 5, 6, 7], [8, 9, 10, 11, 12, 13, 14, 15]]": 0.5016, "[[0, 1], [2, 3]]": 0.5032, "[[0], [1]]": 0.5052}, "Layer2": {"[[0, 1, 2, 3, 4, 5, 6, 7], [8, 9, 10, 11, 12, 13, 14, 15]]": 0.5013, "[[0, 1], [2, 3]]": 0.5082, "[[0], [1]]": 0.5058}, "Layer3": {"[[0, 1, 2, 3, 4, 5, 6, 7], [8, 9, 10, 11, 12, 13, 14, 15]]": 0.5023, "[[0, 1], [2, 3]]": 0.5078, "[[0], [1]]": 0.5064}}, {"accuracy": 0.5761, "Layer1": {"[[0, 1, 2, 3, 4, 5, 6, 7], [8, 9, 10, 11, 12, 13, 14, 15]]": 0.6419, "[[0, 1], [2, 3]]": 0.6104, "[[0], [1]]": 0.5755}, "Layer2": {"[[0, 1, 2, 3, 4, 5, 6, 7], [8, 9, 10, 11, 12, 13, 14, 15]]": 0.5199, "[[0, 1], [2, 3]]": 0.5024, "[[0], [1]]": 0.4996}, "Layer3": {"[[0, 1, 2, 3, 4, 5, 6, 7], [8, 9, 10, 11, 12, 13, 14, 15]]": 0.5028, "[[0, 1], [2, 3]]": 0.4977, "[[0], [1]]": 0.4994}}, {"accuracy": 0.6418, "Layer1": {"[[0, 1, 2, 3, 4, 5, 6, 7], [8, 9, 10, 11, 12, 13, 14, 15]]": 0.7598, "[[0, 1], [2, 3]]": 0.6837, "[[0], [1]]": 0.6635}, "Layer2": {"[[0, 1, 2, 3, 4, 5, 6, 7], [8, 9, 10, 11, 12, 13, 14, 15]]": 0.6347, "[[0, 1], [2, 3]]": 0.5875, "[[0], [1]]": 0.5954}, "Layer3": {"[[0, 1, 2, 3, 4, 5, 6, 7], [8, 9, 10, 11, 12, 13, 14, 15]]": 0.5825, "[[0, 1], [2, 3]]": 0.5884, "[[0], [1]]": 0.5699}}, {"accuracy": 0.7053, "Layer1": {"[[0, 1, 2, 3, 4, 5, 6, 7], [8, 9, 10, 11, 12, 13, 14, 15]]": 0.8185, "[[0, 1], [2, 3]]": 0.7654, "[[0], [1]]": 0.7057}, "Layer2": {"[[0, 1, 2, 3, 4, 5, 6, 7], [8, 9, 10, 11, 12, 13, 14, 15]]": 0.6845, "[[0, 1], [2, 3]]": 0.6498, "[[0], [1]]": 0.6606}, "Layer3": {"[[0, 1, 2, 3, 4, 5, 6, 7], [8, 9, 10, 11, 12, 13, 14, 15]]": 0.6265, "[[0, 1], [2, 3]]": 0.6248, "[[0], [1]]": 0.6015}}, {"accuracy": 0.7698, "Layer1": {"[[0, 1, 2, 3, 4, 5, 6, 7], [8, 9, 10, 11, 12, 13, 14, 15]]": 0.8471, "[[0, 1], [2, 3]]": 0.7993, "[[0], [1]]": 0.758}, "Layer2": {"[[0, 1, 2, 3, 4, 5, 6, 7], [8, 9, 10, 11, 12, 13, 14, 15]]": 0.7308, "[[0, 1], [2, 3]]": 0.6959, "[[0], [1]]": 0.6154}, "Layer3": {"[[0, 1, 2, 3, 4, 5, 6, 7], [8, 9, 10, 11, 12, 13, 14, 15]]": 0.6045, "[[0, 1], [2, 3]]": 0.6273, "[[0], [1]]": 0.584}}, {"accuracy": 0.8204, "Layer1": {"[[0, 1, 2, 3, 4, 5, 6, 7], [8, 9, 10, 11, 12, 13, 14, 15]]": 0.8866, "[[0, 1], [2, 3]]": 0.823, "[[0], [1]]": 0.7796}, "Layer2": {"[[0, 1, 2, 3, 4, 5, 6, 7], [8, 9, 10, 11, 12, 13, 14, 15]]": 0.7691, "[[0, 1], [2, 3]]": 0.7258, "[[0], [1]]": 0.6295}, "Layer3": {"[[0, 1, 2, 3, 4, 5, 6, 7], [8, 9, 10, 11, 12, 13, 14, 15]]": 0.7101, "[[0, 1], [2, 3]]": 0.6896, "[[0], [1]]": 0.6077}}, {"accuracy": 0.8616, "Layer1": {"[[0, 1, 2, 3, 4, 5, 6, 7], [8, 9, 10, 11, 12, 13, 14, 15]]": 0.9025, "[[0, 1], [2, 3]]": 0.8296, "[[0], [1]]": 0.7281}, "Layer2": {"[[0, 1, 2, 3, 4, 5, 6, 7], [8, 9, 10, 11, 12, 13, 14, 15]]": 0.8371, "[[0, 1], [2, 3]]": 0.7314, "[[0], [1]]": 0.6288}, "Layer3": {"[[0, 1, 2, 3, 4, 5, 6, 7], [8, 9, 10, 11, 12, 13, 14, 15]]": 0.7527, "[[0, 1], [2, 3]]": 0.6456, "[[0], [1]]": 0.6105}}, {"accuracy": 0.8832, "Layer1": {"[[0, 1, 2, 3, 4, 5, 6, 7], [8, 9, 10, 11, 12, 13, 14, 15]]": 0.9137, "[[0, 1], [2, 3]]": 0.8427, "[[0], [1]]": 0.7994}, "Layer2": {"[[0, 1, 2, 3, 4, 5, 6, 7], [8, 9, 10, 11, 12, 13, 14, 15]]": 0.8458, "[[0, 1], [2, 3]]": 0.7743, "[[0], [1]]": 0.6261}, "Layer3": {"[[0, 1, 2, 3, 4, 5, 6, 7], [8, 9, 10, 11, 12, 13, 14, 15]]": 0.7737, "[[0, 1], [2, 3]]": 0.6556, "[[0], [1]]": 0.6193}}, {"accuracy": 0.9096, "Layer1": {"[[0, 1, 2, 3, 4, 5, 6, 7], [8, 9, 10, 11, 12, 13, 14, 15]]": 0.9241, "[[0, 1], [2, 3]]": 0.857, "[[0], [1]]": 0.7146}, "Layer2": {"[[0, 1, 2, 3, 4, 5, 6, 7], [8, 9, 10, 11, 12, 13, 14, 15]]": 0.8783, "[[0, 1], [2, 3]]": 0.8053, "[[0], [1]]": 0.6512}, "Layer3": {"[[0, 1, 2, 3, 4, 5, 6, 7], [8, 9, 10, 11, 12, 13, 14, 15]]": 0.7328, "[[0, 1], [2, 3]]": 0.6962, "[[0], [1]]": 0.6083}}, {"accuracy": 0.9319, "Layer1": {"[[0, 1, 2, 3, 4, 5, 6, 7], [8, 9, 10, 11, 12, 13, 14, 15]]": 0.9485, "[[0, 1], [2, 3]]": 0.8438, "[[0], [1]]": 0.7503}, "Layer2": {"[[0, 1, 2, 3, 4, 5, 6, 7], [8, 9, 10, 11, 12, 13, 14, 15]]": 0.9042, "[[0, 1], [2, 3]]": 0.8216, "[[0], [1]]": 0.7434}, "Layer3": {"[[0, 1, 2, 3, 4, 5, 6, 7], [8, 9, 10, 11, 12, 13, 14, 15]]": 0.7875, "[[0, 1], [2, 3]]": 0.8019, "[[0], [1]]": 0.6029}}, {"accuracy": 0.9538, "Layer1": {"[[0, 1, 2, 3, 4, 5, 6, 7], [8, 9, 10, 11, 12, 13, 14, 15]]": 0.9628, "[[0, 1], [2, 3]]": 0.8996, "[[0], [1]]": 0.7472}, "Layer2": {"[[0, 1, 2, 3, 4, 5, 6, 7], [8, 9, 10, 11, 12, 13, 14, 15]]": 0.936, "[[0, 1], [2, 3]]": 0.8626, "[[0], [1]]": 0.8114}, "Layer3": {"[[0, 1, 2, 3, 4, 5, 6, 7], [8, 9, 10, 11, 12, 13, 14, 15]]": 0.8554, "[[0, 1], [2, 3]]": 0.8541, "[[0], [1]]": 0.5985}}, {"accuracy": 0.9666, "Layer1": {"[[0, 1, 2, 3, 4, 5, 6, 7], [8, 9, 10, 11, 12, 13, 14, 15]]": 0.9682, "[[0, 1], [2, 3]]": 0.9128, "[[0], [1]]": 0.859}, "Layer2": {"[[0, 1, 2, 3, 4, 5, 6, 7], [8, 9, 10, 11, 12, 13, 14, 15]]": 0.9449, "[[0, 1], [2, 3]]": 0.8841, "[[0], [1]]": 0.8177}, "Layer3": {"[[0, 1, 2, 3, 4, 5, 6, 7], [8, 9, 10, 11, 12, 13, 14, 15]]": 0.9278, "[[0, 1], [2, 3]]": 0.8839, "[[0], [1]]": 0.6205}}, {"accuracy": 0.9759, "Layer1": {"[[0, 1, 2, 3, 4, 5, 6, 7], [8, 9, 10, 11, 12, 13, 14, 15]]": 0.9744, "[[0, 1], [2, 3]]": 0.9119, "[[0], [1]]": 0.8595}, "Layer2": {"[[0, 1, 2, 3, 4, 5, 6, 7], [8, 9, 10, 11, 12, 13, 14, 15]]": 0.969, "[[0, 1], [2, 3]]": 0.9286, "[[0], [1]]": 0.8964}, "Layer3": {"[[0, 1, 2, 3, 4, 5, 6, 7], [8, 9, 10, 11, 12, 13, 14, 15]]": 0.9575, "[[0, 1], [2, 3]]": 0.9326, "[[0], [1]]": 0.5831}}, {"accuracy": 0.9828, "Layer1": {"[[0, 1, 2, 3, 4, 5, 6, 7], [8, 9, 10, 11, 12, 13, 14, 15]]": 0.9831, "[[0, 1], [2, 3]]": 0.9238, "[[0], [1]]": 0.8892}, "Layer2": {"[[0, 1, 2, 3, 4, 5, 6, 7], [8, 9, 10, 11, 12, 13, 14, 15]]": 0.9753, "[[0, 1], [2, 3]]": 0.9543, "[[0], [1]]": 0.9183}, "Layer3": {"[[0, 1, 2, 3, 4, 5, 6, 7], [8, 9, 10, 11, 12, 13, 14, 15]]": 0.9793, "[[0, 1], [2, 3]]": 0.9537, "[[0], [1]]": 0.7044}}, {"accuracy": 0.9889, "Layer1": {"[[0, 1, 2, 3, 4, 5, 6, 7], [8, 9, 10, 11, 12, 13, 14, 15]]": 0.9906, "[[0, 1], [2, 3]]": 0.9231, "[[0], [1]]": 0.8537}, "Layer2": {"[[0, 1, 2, 3, 4, 5, 6, 7], [8, 9, 10, 11, 12, 13, 14, 15]]": 0.9763, "[[0, 1], [2, 3]]": 0.9695, "[[0], [1]]": 0.9248}, "Layer3": {"[[0, 1, 2, 3, 4, 5, 6, 7], [8, 9, 10, 11, 12, 13, 14, 15]]": 0.9833, "[[0, 1], [2, 3]]": 0.9753, "[[0], [1]]": 0.7143}}, {"accuracy": 0.9921, "Layer1": {"[[0, 1, 2, 3, 4, 5, 6, 7], [8, 9, 10, 11, 12, 13, 14, 15]]": 0.9888, "[[0, 1], [2, 3]]": 0.9411, "[[0], [1]]": 0.7812}, "Layer2": {"[[0, 1, 2, 3, 4, 5, 6, 7], [8, 9, 10, 11, 12, 13, 14, 15]]": 0.9926, "[[0, 1], [2, 3]]": 0.9791, "[[0], [1]]": 0.9356}, "Layer3": {"[[0, 1, 2, 3, 4, 5, 6, 7], [8, 9, 10, 11, 12, 13, 14, 15]]": 0.9915, "[[0, 1], [2, 3]]": 0.9856, "[[0], [1]]": 0.9481}}], [{"accuracy": 0.4986, "Layer1": {"[[0, 1, 2, 3, 4, 5, 6, 7], [8, 9, 10, 11, 12, 13, 14, 15]]": 0.5026, "[[0, 1], [2, 3]]": 0.4962, "[[0], [1]]": 0.4945}, "Layer2": {"[[0, 1, 2, 3, 4, 5, 6, 7], [8, 9, 10, 11, 12, 13, 14, 15]]": 0.497, "[[0, 1], [2, 3]]": 0.4983, "[[0], [1]]": 0.4998}, "Layer3": {"[[0, 1, 2, 3, 4, 5, 6, 7], [8, 9, 10, 11, 12, 13, 14, 15]]": 0.4923, "[[0, 1], [2, 3]]": 0.493, "[[0], [1]]": 0.497}}, {"accuracy": 0.5061, "Layer1": {"[[0, 1, 2, 3, 4, 5, 6, 7], [8, 9, 10, 11, 12, 13, 14, 15]]": 0.6005, "[[0, 1], [2, 3]]": 0.5039, "[[0], [1]]": 0.5004}, "Layer2": {"[[0, 1, 2, 3, 4, 5, 6, 7], [8, 9, 10, 11, 12, 13, 14, 15]]": 0.5011, "[[0, 1], [2, 3]]": 0.5017, "[[0], [1]]": 0.4992}, "Layer3": {"[[0, 1, 2, 3, 4, 5, 6, 7], [8, 9, 10, 11, 12, 13, 14, 15]]": 0.4965, "[[0, 1], [2, 3]]": 0.5028, "[[0], [1]]": 0.5015}}, {"accuracy": 0.5072, "Layer1": {"[[0, 1, 2, 3, 4, 5, 6, 7], [8, 9, 10, 11, 12, 13, 14, 15]]": 0.62, "[[0, 1], [2, 3]]": 0.4972, "[[0], [1]]": 0.4992}, "Layer2": {"[[0, 1, 2, 3, 4, 5, 6, 7], [8, 9, 10, 11, 12, 13, 14, 15]]": 0.5409, "[[0, 1], [2, 3]]": 0.5009, "[[0], [1]]": 0.4963}, "Layer3": {"[[0, 1, 2, 3, 4, 5, 6, 7], [8, 9, 10, 11, 12, 13, 14, 15]]": 0.4975, "[[0, 1], [2, 3]]": 0.5034, "[[0], [1]]": 0.4977}}, {"accuracy": 0.5801, "Layer1": {"[[0, 1, 2, 3, 4, 5, 6, 7], [8, 9, 10, 11, 12, 13, 14, 15]]": 0.6408, "[[0, 1], [2, 3]]": 0.618, "[[0], [1]]": 0.5888}, "Layer2": {"[[0, 1, 2, 3, 4, 5, 6, 7], [8, 9, 10, 11, 12, 13, 14, 15]]": 0.5982, "[[0, 1], [2, 3]]": 0.5541, "[[0], [1]]": 0.5597}, "Layer3": {"[[0, 1, 2, 3, 4, 5, 6, 7], [8, 9, 10, 11, 12, 13, 14, 15]]": 0.5681, "[[0, 1], [2, 3]]": 0.533, "[[0], [1]]": 0.5063}}, {"accuracy": 0.6565, "Layer1": {"[[0, 1, 2, 3, 4, 5, 6, 7], [8, 9, 10, 11, 12, 13, 14, 15]]": 0.7536, "[[0, 1], [2, 3]]": 0.6549, "[[0], [1]]": 0.5735}, "Layer2": {"[[0, 1, 2, 3, 4, 5, 6, 7], [8, 9, 10, 11, 12, 13, 14, 15]]": 0.6228, "[[0, 1], [2, 3]]": 0.6151, "[[0], [1]]": 0.5876}, "Layer3": {"[[0, 1, 2, 3, 4, 5, 6, 7], [8, 9, 10, 11, 12, 13, 14, 15]]": 0.6061, "[[0, 1], [2, 3]]": 0.5965, "[[0], [1]]": 0.5634}}, {"accuracy": 0.6755, "Layer1": {"[[0, 1, 2, 3, 4, 5, 6, 7], [8, 9, 10, 11, 12, 13, 14, 15]]": 0.7912, "[[0, 1], [2, 3]]": 0.6834, "[[0], [1]]": 0.6039}, "Layer2": {"[[0, 1, 2, 3, 4, 5, 6, 7], [8, 9, 10, 11, 12, 13, 14, 15]]": 0.7333, "[[0, 1], [2, 3]]": 0.6659, "[[0], [1]]": 0.6612}, "Layer3": {"[[0, 1, 2, 3, 4, 5, 6, 7], [8, 9, 10, 11, 12, 13, 14, 15]]": 0.653, "[[0, 1], [2, 3]]": 0.6142, "[[0], [1]]": 0.6142}}, {"accuracy": 0.7237, "Layer1": {"[[0, 1, 2, 3, 4, 5, 6, 7], [8, 9, 10, 11, 12, 13, 14, 15]]": 0.859, "[[0, 1], [2, 3]]": 0.8024, "[[0], [1]]": 0.6715}, "Layer2": {"[[0, 1, 2, 3, 4, 5, 6, 7], [8, 9, 10, 11, 12, 13, 14, 15]]": 0.8052, "[[0, 1], [2, 3]]": 0.759, "[[0], [1]]": 0.7106}, "Layer3": {"[[0, 1, 2, 3, 4, 5, 6, 7], [8, 9, 10, 11, 12, 13, 14, 15]]": 0.6894, "[[0, 1], [2, 3]]": 0.6301, "[[0], [1]]": 0.6028}}, {"accuracy": 0.7852, "Layer1": {"[[0, 1, 2, 3, 4, 5, 6, 7], [8, 9, 10, 11, 12, 13, 14, 15]]": 0.9039, "[[0, 1], [2, 3]]": 0.8348, "[[0], [1]]": 0.8404}, "Layer2": {"[[0, 1, 2, 3, 4, 5, 6, 7], [8, 9, 10, 11, 12, 13, 14, 15]]": 0.8507, "[[0, 1], [2, 3]]": 0.8121, "[[0], [1]]": 0.7259}, "Layer3": {"[[0, 1, 2, 3, 4, 5, 6, 7], [8, 9, 10, 11, 12, 13, 14, 15]]": 0.7076, "[[0, 1], [2, 3]]": 0.6309, "[[0], [1]]": 0.6368}}, {"accuracy": 0.8384, "Layer1": {"[[0, 1, 2, 3, 4, 5, 6, 7], [8, 9, 10, 11, 12, 13, 14, 15]]": 0.923, "[[0, 1], [2, 3]]": 0.8891, "[[0], [1]]": 0.8722}, "Layer2": {"[[0, 1, 2, 3, 4, 5, 6, 7], [8, 9, 10, 11, 12, 13, 14, 15]]": 0.8924, "[[0, 1], [2, 3]]": 0.8322, "[[0], [1]]": 0.8033}, "Layer3": {"[[0, 1, 2, 3, 4, 5, 6, 7], [8, 9, 10, 11, 12, 13, 14, 15]]": 0.8249, "[[0, 1], [2, 3]]": 0.7124, "[[0], [1]]": 0.6657}}, {"accuracy": 0.8784, "Layer1": {"[[0, 1, 2, 3, 4, 5, 6, 7], [8, 9, 10, 11, 12, 13, 14, 15]]": 0.9464, "[[0, 1], [2, 3]]": 0.9205, "[[0], [1]]": 0.8919}, "Layer2": {"[[0, 1, 2, 3, 4, 5, 6, 7], [8, 9, 10, 11, 12, 13, 14, 15]]": 0.9261, "[[0, 1], [2, 3]]": 0.863, "[[0], [1]]": 0.7928}, "Layer3": {"[[0, 1, 2, 3, 4, 5, 6, 7], [8, 9, 10, 11, 12, 13, 14, 15]]": 0.8679, "[[0, 1], [2, 3]]": 0.749, "[[0], [1]]": 0.6135}}, {"accuracy": 0.9015, "Layer1": {"[[0, 1, 2, 3, 4, 5, 6, 7], [8, 9, 10, 11, 12, 13, 14, 15]]": 0.9584, "[[0, 1], [2, 3]]": 0.9254, "[[0], [1]]": 0.9176}, "Layer2": {"[[0, 1, 2, 3, 4, 5, 6, 7], [8, 9, 10, 11, 12, 13, 14, 15]]": 0.9316, "[[0, 1], [2, 3]]": 0.8717, "[[0], [1]]": 0.8619}, "Layer3": {"[[0, 1, 2, 3, 4, 5, 6, 7], [8, 9, 10, 11, 12, 13, 14, 15]]": 0.8779, "[[0, 1], [2, 3]]": 0.7866, "[[0], [1]]": 0.7081}}, {"accuracy": 0.9196, "Layer1": {"[[0, 1, 2, 3, 4, 5, 6, 7], [8, 9, 10, 11, 12, 13, 14, 15]]": 0.9672, "[[0, 1], [2, 3]]": 0.9354, "[[0], [1]]": 0.9207}, "Layer2": {"[[0, 1, 2, 3, 4, 5, 6, 7], [8, 9, 10, 11, 12, 13, 14, 15]]": 0.9329, "[[0, 1], [2, 3]]": 0.87, "[[0], [1]]": 0.873}, "Layer3": {"[[0, 1, 2, 3, 4, 5, 6, 7], [8, 9, 10, 11, 12, 13, 14, 15]]": 0.8977, "[[0, 1], [2, 3]]": 0.8164, "[[0], [1]]": 0.6414}}, {"accuracy": 0.9357, "Layer1": {"[[0, 1, 2, 3, 4, 5, 6, 7], [8, 9, 10, 11, 12, 13, 14, 15]]": 0.9703, "[[0, 1], [2, 3]]": 0.9371, "[[0], [1]]": 0.9088}, "Layer2": {"[[0, 1, 2, 3, 4, 5, 6, 7], [8, 9, 10, 11, 12, 13, 14, 15]]": 0.9536, "[[0, 1], [2, 3]]": 0.8908, "[[0], [1]]": 0.8782}, "Layer3": {"[[0, 1, 2, 3, 4, 5, 6, 7], [8, 9, 10, 11, 12, 13, 14, 15]]": 0.8978, "[[0, 1], [2, 3]]": 0.8469, "[[0], [1]]": 0.8283}}, {"accuracy": 0.9495, "Layer1": {"[[0, 1, 2, 3, 4, 5, 6, 7], [8, 9, 10, 11, 12, 13, 14, 15]]": 0.9797, "[[0, 1], [2, 3]]": 0.9405, "[[0], [1]]": 0.9169}, "Layer2": {"[[0, 1, 2, 3, 4, 5, 6, 7], [8, 9, 10, 11, 12, 13, 14, 15]]": 0.9678, "[[0, 1], [2, 3]]": 0.9111, "[[0], [1]]": 0.906}, "Layer3": {"[[0, 1, 2, 3, 4, 5, 6, 7], [8, 9, 10, 11, 12, 13, 14, 15]]": 0.9325, "[[0, 1], [2, 3]]": 0.8726, "[[0], [1]]": 0.874}}, {"accuracy": 0.9606, "Layer1": {"[[0, 1, 2, 3, 4, 5, 6, 7], [8, 9, 10, 11, 12, 13, 14, 15]]": 0.9848, "[[0, 1], [2, 3]]": 0.9267, "[[0], [1]]": 0.9279}, "Layer2": {"[[0, 1, 2, 3, 4, 5, 6, 7], [8, 9, 10, 11, 12, 13, 14, 15]]": 0.9782, "[[0, 1], [2, 3]]": 0.9287, "[[0], [1]]": 0.9133}, "Layer3": {"[[0, 1, 2, 3, 4, 5, 6, 7], [8, 9, 10, 11, 12, 13, 14, 15]]": 0.9582, "[[0, 1], [2, 3]]": 0.9279, "[[0], [1]]": 0.9188}}, {"accuracy": 0.969, "Layer1": {"[[0, 1, 2, 3, 4, 5, 6, 7], [8, 9, 10, 11, 12, 13, 14, 15]]": 0.9834, "[[0, 1], [2, 3]]": 0.9461, "[[0], [1]]": 0.929}, "Layer2": {"[[0, 1, 2, 3, 4, 5, 6, 7], [8, 9, 10, 11, 12, 13, 14, 15]]": 0.979, "[[0, 1], [2, 3]]": 0.9478, "[[0], [1]]": 0.926}, "Layer3": {"[[0, 1, 2, 3, 4, 5, 6, 7], [8, 9, 10, 11, 12, 13, 14, 15]]": 0.9744, "[[0, 1], [2, 3]]": 0.9475, "[[0], [1]]": 0.9461}}, {"accuracy": 0.9763, "Layer1": {"[[0, 1, 2, 3, 4, 5, 6, 7], [8, 9, 10, 11, 12, 13, 14, 15]]": 0.9872, "[[0, 1], [2, 3]]": 0.9514, "[[0], [1]]": 0.9415}, "Layer2": {"[[0, 1, 2, 3, 4, 5, 6, 7], [8, 9, 10, 11, 12, 13, 14, 15]]": 0.987, "[[0, 1], [2, 3]]": 0.9558, "[[0], [1]]": 0.9481}, "Layer3": {"[[0, 1, 2, 3, 4, 5, 6, 7], [8, 9, 10, 11, 12, 13, 14, 15]]": 0.9821, "[[0, 1], [2, 3]]": 0.9579, "[[0], [1]]": 0.9618}}], [{"accuracy": 0.498, "Layer1": {"[[0, 1, 2, 3, 4, 5, 6, 7], [8, 9, 10, 11, 12, 13, 14, 15]]": 0.5002, "[[0, 1], [2, 3]]": 0.4976, "[[0], [1]]": 0.5095}, "Layer2": {"[[0, 1, 2, 3, 4, 5, 6, 7], [8, 9, 10, 11, 12, 13, 14, 15]]": 0.496, "[[0, 1], [2, 3]]": 0.5034, "[[0], [1]]": 0.5095}, "Layer3": {"[[0, 1, 2, 3, 4, 5, 6, 7], [8, 9, 10, 11, 12, 13, 14, 15]]": 0.5028, "[[0, 1], [2, 3]]": 0.5095, "[[0], [1]]": 0.5095}}, {"accuracy": 0.5132, "Layer1": {"[[0, 1, 2, 3, 4, 5, 6, 7], [8, 9, 10, 11, 12, 13, 14, 15]]": 0.627, "[[0, 1], [2, 3]]": 0.4965, "[[0], [1]]": 0.5795}, "Layer2": {"[[0, 1, 2, 3, 4, 5, 6, 7], [8, 9, 10, 11, 12, 13, 14, 15]]": 0.4937, "[[0, 1], [2, 3]]": 0.4911, "[[0], [1]]": 0.4926}, "Layer3": {"[[0, 1, 2, 3, 4, 5, 6, 7], [8, 9, 10, 11, 12, 13, 14, 15]]": 0.4907, "[[0, 1], [2, 3]]": 0.4955, "[[0], [1]]": 0.4924}}, {"accuracy": 0.6079, "Layer1": {"[[0, 1, 2, 3, 4, 5, 6, 7], [8, 9, 10, 11, 12, 13, 14, 15]]": 0.6948, "[[0, 1], [2, 3]]": 0.6448, "[[0], [1]]": 0.6395}, "Layer2": {"[[0, 1, 2, 3, 4, 5, 6, 7], [8, 9, 10, 11, 12, 13, 14, 15]]": 0.6065, "[[0, 1], [2, 3]]": 0.601, "[[0], [1]]": 0.5743}, "Layer3": {"[[0, 1, 2, 3, 4, 5, 6, 7], [8, 9, 10, 11, 12, 13, 14, 15]]": 0.5215, "[[0, 1], [2, 3]]": 0.4993, "[[0], [1]]": 0.5011}}, {"accuracy": 0.6449, "Layer1": {"[[0, 1, 2, 3, 4, 5, 6, 7], [8, 9, 10, 11, 12, 13, 14, 15]]": 0.7655, "[[0, 1], [2, 3]]": 0.6897, "[[0], [1]]": 0.6833}, "Layer2": {"[[0, 1, 2, 3, 4, 5, 6, 7], [8, 9, 10, 11, 12, 13, 14, 15]]": 0.6519, "[[0, 1], [2, 3]]": 0.6189, "[[0], [1]]": 0.6145}, "Layer3": {"[[0, 1, 2, 3, 4, 5, 6, 7], [8, 9, 10, 11, 12, 13, 14, 15]]": 0.6188, "[[0, 1], [2, 3]]": 0.5962, "[[0], [1]]": 0.5983}}, {"accuracy": 0.7062, "Layer1": {"[[0, 1, 2, 3, 4, 5, 6, 7], [8, 9, 10, 11, 12, 13, 14, 15]]": 0.8109, "[[0, 1], [2, 3]]": 0.7419, "[[0], [1]]": 0.7162}, "Layer2": {"[[0, 1, 2, 3, 4, 5, 6, 7], [8, 9, 10, 11, 12, 13, 14, 15]]": 0.6703, "[[0, 1], [2, 3]]": 0.637, "[[0], [1]]": 0.64}, "Layer3": {"[[0, 1, 2, 3, 4, 5, 6, 7], [8, 9, 10, 11, 12, 13, 14, 15]]": 0.6392, "[[0, 1], [2, 3]]": 0.6395, "[[0], [1]]": 0.6183}}, {"accuracy": 0.7604, "Layer1": {"[[0, 1, 2, 3, 4, 5, 6, 7], [8, 9, 10, 11, 12, 13, 14, 15]]": 0.83, "[[0, 1], [2, 3]]": 0.7616, "[[0], [1]]": 0.6889}, "Layer2": {"[[0, 1, 2, 3, 4, 5, 6, 7], [8, 9, 10, 11, 12, 13, 14, 15]]": 0.6985, "[[0, 1], [2, 3]]": 0.6649, "[[0], [1]]": 0.6116}, "Layer3": {"[[0, 1, 2, 3, 4, 5, 6, 7], [8, 9, 10, 11, 12, 13, 14, 15]]": 0.6373, "[[0, 1], [2, 3]]": 0.6309, "[[0], [1]]": 0.6258}}, {"accuracy": 0.8058, "Layer1": {"[[0, 1, 2, 3, 4, 5, 6, 7], [8, 9, 10, 11, 12, 13, 14, 15]]": 0.8733, "[[0, 1], [2, 3]]": 0.7905, "[[0], [1]]": 0.6496}, "Layer2": {"[[0, 1, 2, 3, 4, 5, 6, 7], [8, 9, 10, 11, 12, 13, 14, 15]]": 0.6932, "[[0, 1], [2, 3]]": 0.6628, "[[0], [1]]": 0.6093}, "Layer3": {"[[0, 1, 2, 3, 4, 5, 6, 7], [8, 9, 10, 11, 12, 13, 14, 15]]": 0.6678, "[[0, 1], [2, 3]]": 0.6418, "[[0], [1]]": 0.6162}}, {"accuracy": 0.84, "Layer1": {"[[0, 1, 2, 3, 4, 5, 6, 7], [8, 9, 10, 11, 12, 13, 14, 15]]": 0.9003, "[[0, 1], [2, 3]]": 0.8434, "[[0], [1]]": 0.6087}, "Layer2": {"[[0, 1, 2, 3, 4, 5, 6, 7], [8, 9, 10, 11, 12, 13, 14, 15]]": 0.7589, "[[0, 1], [2, 3]]": 0.6687, "[[0], [1]]": 0.6338}, "Layer3": {"[[0, 1, 2, 3, 4, 5, 6, 7], [8, 9, 10, 11, 12, 13, 14, 15]]": 0.7402, "[[0, 1], [2, 3]]": 0.7091, "[[0], [1]]": 0.6093}}, {"accuracy": 0.8612, "Layer1": {"[[0, 1, 2, 3, 4, 5, 6, 7], [8, 9, 10, 11, 12, 13, 14, 15]]": 0.9251, "[[0, 1], [2, 3]]": 0.8579, "[[0], [1]]": 0.6912}, "Layer2": {"[[0, 1, 2, 3, 4, 5, 6, 7], [8, 9, 10, 11, 12, 13, 14, 15]]": 0.8224, "[[0, 1], [2, 3]]": 0.6956, "[[0], [1]]": 0.7115}, "Layer3": {"[[0, 1, 2, 3, 4, 5, 6, 7], [8, 9, 10, 11, 12, 13, 14, 15]]": 0.7954, "[[0, 1], [2, 3]]": 0.7595, "[[0], [1]]": 0.6132}}, {"accuracy": 0.8791, "Layer1": {"[[0, 1, 2, 3, 4, 5, 6, 7], [8, 9, 10, 11, 12, 13, 14, 15]]": 0.9448, "[[0, 1], [2, 3]]": 0.894, "[[0], [1]]": 0.7805}, "Layer2": {"[[0, 1, 2, 3, 4, 5, 6, 7], [8, 9, 10, 11, 12, 13, 14, 15]]": 0.869, "[[0, 1], [2, 3]]": 0.7421, "[[0], [1]]": 0.7263}, "Layer3": {"[[0, 1, 2, 3, 4, 5, 6, 7], [8, 9, 10, 11, 12, 13, 14, 15]]": 0.8386, "[[0, 1], [2, 3]]": 0.8095, "[[0], [1]]": 0.6357}}, {"accuracy": 0.9032, "Layer1": {"[[0, 1, 2, 3, 4, 5, 6, 7], [8, 9, 10, 11, 12, 13, 14, 15]]": 0.9478, "[[0, 1], [2, 3]]": 0.9142, "[[0], [1]]": 0.8348}, "Layer2": {"[[0, 1, 2, 3, 4, 5, 6, 7], [8, 9, 10, 11, 12, 13, 14, 15]]": 0.8927, "[[0, 1], [2, 3]]": 0.7982, "[[0], [1]]": 0.7958}, "Layer3": {"[[0, 1, 2, 3, 4, 5, 6, 7], [8, 9, 10, 11, 12, 13, 14, 15]]": 0.8865, "[[0, 1], [2, 3]]": 0.8505, "[[0], [1]]": 0.8618}}, {"accuracy": 0.9234, "Layer1": {"[[0, 1, 2, 3, 4, 5, 6, 7], [8, 9, 10, 11, 12, 13, 14, 15]]": 0.9733, "[[0, 1], [2, 3]]": 0.9322, "[[0], [1]]": 0.8327}, "Layer2": {"[[0, 1, 2, 3, 4, 5, 6, 7], [8, 9, 10, 11, 12, 13, 14, 15]]": 0.9284, "[[0, 1], [2, 3]]": 0.8419, "[[0], [1]]": 0.8398}, "Layer3": {"[[0, 1, 2, 3, 4, 5, 6, 7], [8, 9, 10, 11, 12, 13, 14, 15]]": 0.9259, "[[0, 1], [2, 3]]": 0.8957, "[[0], [1]]": 0.8801}}, {"accuracy": 0.9409, "Layer1": {"[[0, 1, 2, 3, 4, 5, 6, 7], [8, 9, 10, 11, 12, 13, 14, 15]]": 0.9732, "[[0, 1], [2, 3]]": 0.9456, "[[0], [1]]": 0.8606}, "Layer2": {"[[0, 1, 2, 3, 4, 5, 6, 7], [8, 9, 10, 11, 12, 13, 14, 15]]": 0.96, "[[0, 1], [2, 3]]": 0.8618, "[[0], [1]]": 0.8588}, "Layer3": {"[[0, 1, 2, 3, 4, 5, 6, 7], [8, 9, 10, 11, 12, 13, 14, 15]]": 0.9357, "[[0, 1], [2, 3]]": 0.9344, "[[0], [1]]": 0.7714}}, {"accuracy": 0.9608, "Layer1": {"[[0, 1, 2, 3, 4, 5, 6, 7], [8, 9, 10, 11, 12, 13, 14, 15]]": 0.9873, "[[0, 1], [2, 3]]": 0.9436, "[[0], [1]]": 0.8231}, "Layer2": {"[[0, 1, 2, 3, 4, 5, 6, 7], [8, 9, 10, 11, 12, 13, 14, 15]]": 0.9799, "[[0, 1], [2, 3]]": 0.9304, "[[0], [1]]": 0.9289}, "Layer3": {"[[0, 1, 2, 3, 4, 5, 6, 7], [8, 9, 10, 11, 12, 13, 14, 15]]": 0.9744, "[[0, 1], [2, 3]]": 0.97, "[[0], [1]]": 0.958}}, {"accuracy": 0.977, "Layer1": {"[[0, 1, 2, 3, 4, 5, 6, 7], [8, 9, 10, 11, 12, 13, 14, 15]]": 0.987, "[[0, 1], [2, 3]]": 0.952, "[[0], [1]]": 0.7848}, "Layer2": {"[[0, 1, 2, 3, 4, 5, 6, 7], [8, 9, 10, 11, 12, 13, 14, 15]]": 0.9872, "[[0, 1], [2, 3]]": 0.9478, "[[0], [1]]": 0.9491}, "Layer3": {"[[0, 1, 2, 3, 4, 5, 6, 7], [8, 9, 10, 11, 12, 13, 14, 15]]": 0.986, "[[0, 1], [2, 3]]": 0.9867, "[[0], [1]]": 0.9785}}, {"accuracy": 0.9853, "Layer1": {"[[0, 1, 2, 3, 4, 5, 6, 7], [8, 9, 10, 11, 12, 13, 14, 15]]": 0.9909, "[[0, 1], [2, 3]]": 0.9637, "[[0], [1]]": 0.7956}, "Layer2": {"[[0, 1, 2, 3, 4, 5, 6, 7], [8, 9, 10, 11, 12, 13, 14, 15]]": 0.9918, "[[0, 1], [2, 3]]": 0.9594, "[[0], [1]]": 0.9569}, "Layer3": {"[[0, 1, 2, 3, 4, 5, 6, 7], [8, 9, 10, 11, 12, 13, 14, 15]]": 0.9911, "[[0, 1], [2, 3]]": 0.9896, "[[0], [1]]": 0.9884}}, {"accuracy": 0.9883, "Layer1": {"[[0, 1, 2, 3, 4, 5, 6, 7], [8, 9, 10, 11, 12, 13, 14, 15]]": 0.9912, "[[0, 1], [2, 3]]": 0.9522, "[[0], [1]]": 0.7497}, "Layer2": {"[[0, 1, 2, 3, 4, 5, 6, 7], [8, 9, 10, 11, 12, 13, 14, 15]]": 0.9932, "[[0, 1], [2, 3]]": 0.9623, "[[0], [1]]": 0.9692}, "Layer3": {"[[0, 1, 2, 3, 4, 5, 6, 7], [8, 9, 10, 11, 12, 13, 14, 15]]": 0.9933, "[[0, 1], [2, 3]]": 0.9925, "[[0], [1]]": 0.9794}}], [{"accuracy": 0.5005, "Layer1": {"[[0, 1, 2, 3, 4, 5, 6, 7], [8, 9, 10, 11, 12, 13, 14, 15]]": 0.4957, "[[0, 1], [2, 3]]": 0.4989, "[[0], [1]]": 0.4977}, "Layer2": {"[[0, 1, 2, 3, 4, 5, 6, 7], [8, 9, 10, 11, 12, 13, 14, 15]]": 0.493, "[[0, 1], [2, 3]]": 0.4988, "[[0], [1]]": 0.4974}, "Layer3": {"[[0, 1, 2, 3, 4, 5, 6, 7], [8, 9, 10, 11, 12, 13, 14, 15]]": 0.5083, "[[0, 1], [2, 3]]": 0.5054, "[[0], [1]]": 0.5011}}, {"accuracy": 0.5047, "Layer1": {"[[0, 1, 2, 3, 4, 5, 6, 7], [8, 9, 10, 11, 12, 13, 14, 15]]": 0.5585, "[[0, 1], [2, 3]]": 0.4982, "[[0], [1]]": 0.5005}, "Layer2": {"[[0, 1, 2, 3, 4, 5, 6, 7], [8, 9, 10, 11, 12, 13, 14, 15]]": 0.5027, "[[0, 1], [2, 3]]": 0.4987, "[[0], [1]]": 0.4993}, "Layer3": {"[[0, 1, 2, 3, 4, 5, 6, 7], [8, 9, 10, 11, 12, 13, 14, 15]]": 0.4927, "[[0, 1], [2, 3]]": 0.4972, "[[0], [1]]": 0.4998}}, {"accuracy": 0.5076, "Layer1": {"[[0, 1, 2, 3, 4, 5, 6, 7], [8, 9, 10, 11, 12, 13, 14, 15]]": 0.643, "[[0, 1], [2, 3]]": 0.5948, "[[0], [1]]": 0.5796}, "Layer2": {"[[0, 1, 2, 3, 4, 5, 6, 7], [8, 9, 10, 11, 12, 13, 14, 15]]": 0.5473, "[[0, 1], [2, 3]]": 0.5402, "[[0], [1]]": 0.5289}, "Layer3": {"[[0, 1, 2, 3, 4, 5, 6, 7], [8, 9, 10, 11, 12, 13, 14, 15]]": 0.529, "[[0, 1], [2, 3]]": 0.5174, "[[0], [1]]": 0.509}}, {"accuracy": 0.59, "Layer1": {"[[0, 1, 2, 3, 4, 5, 6, 7], [8, 9, 10, 11, 12, 13, 14, 15]]": 0.7316, "[[0, 1], [2, 3]]": 0.6487, "[[0], [1]]": 0.6345}, "Layer2": {"[[0, 1, 2, 3, 4, 5, 6, 7], [8, 9, 10, 11, 12, 13, 14, 15]]": 0.6526, "[[0, 1], [2, 3]]": 0.6192, "[[0], [1]]": 0.6256}, "Layer3": {"[[0, 1, 2, 3, 4, 5, 6, 7], [8, 9, 10, 11, 12, 13, 14, 15]]": 0.6036, "[[0, 1], [2, 3]]": 0.5972, "[[0], [1]]": 0.5796}}, {"accuracy": 0.6794, "Layer1": {"[[0, 1, 2, 3, 4, 5, 6, 7], [8, 9, 10, 11, 12, 13, 14, 15]]": 0.8297, "[[0, 1], [2, 3]]": 0.7711, "[[0], [1]]": 0.7618}, "Layer2": {"[[0, 1, 2, 3, 4, 5, 6, 7], [8, 9, 10, 11, 12, 13, 14, 15]]": 0.7569, "[[0, 1], [2, 3]]": 0.6758, "[[0], [1]]": 0.6667}, "Layer3": {"[[0, 1, 2, 3, 4, 5, 6, 7], [8, 9, 10, 11, 12, 13, 14, 15]]": 0.6332, "[[0, 1], [2, 3]]": 0.6267, "[[0], [1]]": 0.6117}}, {"accuracy": 0.7279, "Layer1": {"[[0, 1, 2, 3, 4, 5, 6, 7], [8, 9, 10, 11, 12, 13, 14, 15]]": 0.8864, "[[0, 1], [2, 3]]": 0.8105, "[[0], [1]]": 0.7362}, "Layer2": {"[[0, 1, 2, 3, 4, 5, 6, 7], [8, 9, 10, 11, 12, 13, 14, 15]]": 0.7911, "[[0, 1], [2, 3]]": 0.6756, "[[0], [1]]": 0.6464}, "Layer3": {"[[0, 1, 2, 3, 4, 5, 6, 7], [8, 9, 10, 11, 12, 13, 14, 15]]": 0.7095, "[[0, 1], [2, 3]]": 0.6114, "[[0], [1]]": 0.6035}}, {"accuracy": 0.7889, "Layer1": {"[[0, 1, 2, 3, 4, 5, 6, 7], [8, 9, 10, 11, 12, 13, 14, 15]]": 0.9031, "[[0, 1], [2, 3]]": 0.7519, "[[0], [1]]": 0.6746}, "Layer2": {"[[0, 1, 2, 3, 4, 5, 6, 7], [8, 9, 10, 11, 12, 13, 14, 15]]": 0.8371, "[[0, 1], [2, 3]]": 0.7486, "[[0], [1]]": 0.6976}, "Layer3": {"[[0, 1, 2, 3, 4, 5, 6, 7], [8, 9, 10, 11, 12, 13, 14, 15]]": 0.6225, "[[0, 1], [2, 3]]": 0.6321, "[[0], [1]]": 0.6152}}, {"accuracy": 0.8119, "Layer1": {"[[0, 1, 2, 3, 4, 5, 6, 7], [8, 9, 10, 11, 12, 13, 14, 15]]": 0.9199, "[[0, 1], [2, 3]]": 0.7811, "[[0], [1]]": 0.8073}, "Layer2": {"[[0, 1, 2, 3, 4, 5, 6, 7], [8, 9, 10, 11, 12, 13, 14, 15]]": 0.8692, "[[0, 1], [2, 3]]": 0.7618, "[[0], [1]]": 0.7087}, "Layer3": {"[[0, 1, 2, 3, 4, 5, 6, 7], [8, 9, 10, 11, 12, 13, 14, 15]]": 0.6499, "[[0, 1], [2, 3]]": 0.6234, "[[0], [1]]": 0.6202}}, {"accuracy": 0.8355, "Layer1": {"[[0, 1, 2, 3, 4, 5, 6, 7], [8, 9, 10, 11, 12, 13, 14, 15]]": 0.932, "[[0, 1], [2, 3]]": 0.8641, "[[0], [1]]": 0.8339}, "Layer2": {"[[0, 1, 2, 3, 4, 5, 6, 7], [8, 9, 10, 11, 12, 13, 14, 15]]": 0.8887, "[[0, 1], [2, 3]]": 0.772, "[[0], [1]]": 0.6295}, "Layer3": {"[[0, 1, 2, 3, 4, 5, 6, 7], [8, 9, 10, 11, 12, 13, 14, 15]]": 0.7633, "[[0, 1], [2, 3]]": 0.6312, "[[0], [1]]": 0.6261}}, {"accuracy": 0.8598, "Layer1": {"[[0, 1, 2, 3, 4, 5, 6, 7], [8, 9, 10, 11, 12, 13, 14, 15]]": 0.9447, "[[0, 1], [2, 3]]": 0.899, "[[0], [1]]": 0.8233}, "Layer2": {"[[0, 1, 2, 3, 4, 5, 6, 7], [8, 9, 10, 11, 12, 13, 14, 15]]": 0.9026, "[[0, 1], [2, 3]]": 0.8401, "[[0], [1]]": 0.6434}, "Layer3": {"[[0, 1, 2, 3, 4, 5, 6, 7], [8, 9, 10, 11, 12, 13, 14, 15]]": 0.7462, "[[0, 1], [2, 3]]": 0.6392, "[[0], [1]]": 0.6211}}, {"accuracy": 0.8804, "Layer1": {"[[0, 1, 2, 3, 4, 5, 6, 7], [8, 9, 10, 11, 12, 13, 14, 15]]": 0.9566, "[[0, 1], [2, 3]]": 0.9124, "[[0], [1]]": 0.8218}, "Layer2": {"[[0, 1, 2, 3, 4, 5, 6, 7], [8, 9, 10, 11, 12, 13, 14, 15]]": 0.9073, "[[0, 1], [2, 3]]": 0.8287, "[[0], [1]]": 0.7094}, "Layer3": {"[[0, 1, 2, 3, 4, 5, 6, 7], [8, 9, 10, 11, 12, 13, 14, 15]]": 0.7261, "[[0, 1], [2, 3]]": 0.6311, "[[0], [1]]": 0.6234}}, {"accuracy": 0.8954, "Layer1": {"[[0, 1, 2, 3, 4, 5, 6, 7], [8, 9, 10, 11, 12, 13, 14, 15]]": 0.9652, "[[0, 1], [2, 3]]": 0.9045, "[[0], [1]]": 0.8716}, "Layer2": {"[[0, 1, 2, 3, 4, 5, 6, 7], [8, 9, 10, 11, 12, 13, 14, 15]]": 0.9163, "[[0, 1], [2, 3]]": 0.845, "[[0], [1]]": 0.608}, "Layer3": {"[[0, 1, 2, 3, 4, 5, 6, 7], [8, 9, 10, 11, 12, 13, 14, 15]]": 0.8168, "[[0, 1], [2, 3]]": 0.6359, "[[0], [1]]": 0.636}}, {"accuracy": 0.9082, "Layer1": {"[[0, 1, 2, 3, 4, 5, 6, 7], [8, 9, 10, 11, 12, 13, 14, 15]]": 0.9484, "[[0, 1], [2, 3]]": 0.9258, "[[0], [1]]": 0.7918}, "Layer2": {"[[0, 1, 2, 3, 4, 5, 6, 7], [8, 9, 10, 11, 12, 13, 14, 15]]": 0.8888, "[[0, 1], [2, 3]]": 0.8258, "[[0], [1]]": 0.6151}, "Layer3": {"[[0, 1, 2, 3, 4, 5, 6, 7], [8, 9, 10, 11, 12, 13, 14, 15]]": 0.7721, "[[0, 1], [2, 3]]": 0.6907, "[[0], [1]]": 0.6198}}, {"accuracy": 0.9193, "Layer1": {"[[0, 1, 2, 3, 4, 5, 6, 7], [8, 9, 10, 11, 12, 13, 14, 15]]": 0.9586, "[[0, 1], [2, 3]]": 0.9405, "[[0], [1]]": 0.8992}, "Layer2": {"[[0, 1, 2, 3, 4, 5, 6, 7], [8, 9, 10, 11, 12, 13, 14, 15]]": 0.934, "[[0, 1], [2, 3]]": 0.7472, "[[0], [1]]": 0.6588}, "Layer3": {"[[0, 1, 2, 3, 4, 5, 6, 7], [8, 9, 10, 11, 12, 13, 14, 15]]": 0.8317, "[[0, 1], [2, 3]]": 0.7316, "[[0], [1]]": 0.6803}}, {"accuracy": 0.9312, "Layer1": {"[[0, 1, 2, 3, 4, 5, 6, 7], [8, 9, 10, 11, 12, 13, 14, 15]]": 0.9708, "[[0, 1], [2, 3]]": 0.9393, "[[0], [1]]": 0.8648}, "Layer2": {"[[0, 1, 2, 3, 4, 5, 6, 7], [8, 9, 10, 11, 12, 13, 14, 15]]": 0.9407, "[[0, 1], [2, 3]]": 0.83, "[[0], [1]]": 0.6049}, "Layer3": {"[[0, 1, 2, 3, 4, 5, 6, 7], [8, 9, 10, 11, 12, 13, 14, 15]]": 0.8579, "[[0, 1], [2, 3]]": 0.6731, "[[0], [1]]": 0.7008}}, {"accuracy": 0.9407, "Layer1": {"[[0, 1, 2, 3, 4, 5, 6, 7], [8, 9, 10, 11, 12, 13, 14, 15]]": 0.9794, "[[0, 1], [2, 3]]": 0.9473, "[[0], [1]]": 0.8301}, "Layer2": {"[[0, 1, 2, 3, 4, 5, 6, 7], [8, 9, 10, 11, 12, 13, 14, 15]]": 0.9557, "[[0, 1], [2, 3]]": 0.8369, "[[0], [1]]": 0.8402}, "Layer3": {"[[0, 1, 2, 3, 4, 5, 6, 7], [8, 9, 10, 11, 12, 13, 14, 15]]": 0.8936, "[[0, 1], [2, 3]]": 0.6849, "[[0], [1]]": 0.6605}}, {"accuracy": 0.9487, "Layer1": {"[[0, 1, 2, 3, 4, 5, 6, 7], [8, 9, 10, 11, 12, 13, 14, 15]]": 0.9734, "[[0, 1], [2, 3]]": 0.9468, "[[0], [1]]": 0.8319}, "Layer2": {"[[0, 1, 2, 3, 4, 5, 6, 7], [8, 9, 10, 11, 12, 13, 14, 15]]": 0.9624, "[[0, 1], [2, 3]]": 0.7363, "[[0], [1]]": 0.5954}, "Layer3": {"[[0, 1, 2, 3, 4, 5, 6, 7], [8, 9, 10, 11, 12, 13, 14, 15]]": 0.8752, "[[0, 1], [2, 3]]": 0.8177, "[[0], [1]]": 0.7665}}]]