[[{"accuracy": 0.4967, "Layer1": {"[[0, 1, 2, 3, 4, 5, 6, 7], [8, 9, 10, 11, 12, 13, 14, 15]]": 0.7404, "[[0, 1], [2, 3]]": 0.4931, "[[0], [1]]": 0.4918}, "Layer2": {"[[0, 1, 2, 3, 4, 5, 6, 7], [8, 9, 10, 11, 12, 13, 14, 15]]": 0.6217, "[[0, 1], [2, 3]]": 0.492, "[[0], [1]]": 0.5052}, "Layer3": {"[[0, 1, 2, 3, 4, 5, 6, 7], [8, 9, 10, 11, 12, 13, 14, 15]]": 0.5049, "[[0, 1], [2, 3]]": 0.4969, "[[0], [1]]": 0.5116}}, {"accuracy": 0.5035, "Layer1": {"[[0, 1, 2, 3, 4, 5, 6, 7], [8, 9, 10, 11, 12, 13, 14, 15]]": 0.7918, "[[0, 1], [2, 3]]": 0.7878, "[[0], [1]]": 0.7653}, "Layer2": {"[[0, 1, 2, 3, 4, 5, 6, 7], [8, 9, 10, 11, 12, 13, 14, 15]]": 0.6634, "[[0, 1], [2, 3]]": 0.6517, "[[0], [1]]": 0.6457}, "Layer3": {"[[0, 1, 2, 3, 4, 5, 6, 7], [8, 9, 10, 11, 12, 13, 14, 15]]": 0.4979, "[[0, 1], [2, 3]]": 0.5004, "[[0], [1]]": 0.4952}}, {"accuracy": 0.5842, "Layer1": {"[[0, 1, 2, 3, 4, 5, 6, 7], [8, 9, 10, 11, 12, 13, 14, 15]]": 0.8894, "[[0, 1], [2, 3]]": 0.8928, "[[0], [1]]": 0.8737}, "Layer2": {"[[0, 1, 2, 3, 4, 5, 6, 7], [8, 9, 10, 11, 12, 13, 14, 15]]": 0.7857, "[[0, 1], [2, 3]]": 0.7824, "[[0], [1]]": 0.7469}, "Layer3": {"[[0, 1, 2, 3, 4, 5, 6, 7], [8, 9, 10, 11, 12, 13, 14, 15]]": 0.6553, "[[0, 1], [2, 3]]": 0.6465, "[[0], [1]]": 0.6391}}, {"accuracy": 0.6019, "Layer1": {"[[0, 1, 2, 3, 4, 5, 6, 7], [8, 9, 10, 11, 12, 13, 14, 15]]": 0.9191, "[[0, 1], [2, 3]]": 0.9264, "[[0], [1]]": 0.8946}, "Layer2": {"[[0, 1, 2, 3, 4, 5, 6, 7], [8, 9, 10, 11, 12, 13, 14, 15]]": 0.8328, "[[0, 1], [2, 3]]": 0.8283, "[[0], [1]]": 0.8138}, "Layer3": {"[[0, 1, 2, 3, 4, 5, 6, 7], [8, 9, 10, 11, 12, 13, 14, 15]]": 0.7495, "[[0, 1], [2, 3]]": 0.7531, "[[0], [1]]": 0.7409}}, {"accuracy": 0.672, "Layer1": {"[[0, 1, 2, 3, 4, 5, 6, 7], [8, 9, 10, 11, 12, 13, 14, 15]]": 0.9543, "[[0, 1], [2, 3]]": 0.9574, "[[0], [1]]": 0.9411}, "Layer2": {"[[0, 1, 2, 3, 4, 5, 6, 7], [8, 9, 10, 11, 12, 13, 14, 15]]": 0.9163, "[[0, 1], [2, 3]]": 0.9078, "[[0], [1]]": 0.8914}, "Layer3": {"[[0, 1, 2, 3, 4, 5, 6, 7], [8, 9, 10, 11, 12, 13, 14, 15]]": 0.8278, "[[0, 1], [2, 3]]": 0.8275, "[[0], [1]]": 0.7996}}, {"accuracy": 0.7702, "Layer1": {"[[0, 1, 2, 3, 4, 5, 6, 7], [8, 9, 10, 11, 12, 13, 14, 15]]": 0.974, "[[0, 1], [2, 3]]": 0.9679, "[[0], [1]]": 0.9492}, "Layer2": {"[[0, 1, 2, 3, 4, 5, 6, 7], [8, 9, 10, 11, 12, 13, 14, 15]]": 0.9488, "[[0, 1], [2, 3]]": 0.932, "[[0], [1]]": 0.9366}, "Layer3": {"[[0, 1, 2, 3, 4, 5, 6, 7], [8, 9, 10, 11, 12, 13, 14, 15]]": 0.8906, "[[0, 1], [2, 3]]": 0.8842, "[[0], [1]]": 0.8551}}, {"accuracy": 0.8637, "Layer1": {"[[0, 1, 2, 3, 4, 5, 6, 7], [8, 9, 10, 11, 12, 13, 14, 15]]": 0.9829, "[[0, 1], [2, 3]]": 0.9832, "[[0], [1]]": 0.9738}, "Layer2": {"[[0, 1, 2, 3, 4, 5, 6, 7], [8, 9, 10, 11, 12, 13, 14, 15]]": 0.9695, "[[0, 1], [2, 3]]": 0.9655, "[[0], [1]]": 0.9571}, "Layer3": {"[[0, 1, 2, 3, 4, 5, 6, 7], [8, 9, 10, 11, 12, 13, 14, 15]]": 0.8774, "[[0, 1], [2, 3]]": 0.906, "[[0], [1]]": 0.8886}}, {"accuracy": 0.9149, "Layer1": {"[[0, 1, 2, 3, 4, 5, 6, 7], [8, 9, 10, 11, 12, 13, 14, 15]]": 0.9866, "[[0, 1], [2, 3]]": 0.9884, "[[0], [1]]": 0.9841}, "Layer2": {"[[0, 1, 2, 3, 4, 5, 6, 7], [8, 9, 10, 11, 12, 13, 14, 15]]": 0.9767, "[[0, 1], [2, 3]]": 0.9835, "[[0], [1]]": 0.9671}, "Layer3": {"[[0, 1, 2, 3, 4, 5, 6, 7], [8, 9, 10, 11, 12, 13, 14, 15]]": 0.9192, "[[0, 1], [2, 3]]": 0.9508, "[[0], [1]]": 0.8871}}, {"accuracy": 0.9444, "Layer1": {"[[0, 1, 2, 3, 4, 5, 6, 7], [8, 9, 10, 11, 12, 13, 14, 15]]": 0.9924, "[[0, 1], [2, 3]]": 0.994, "[[0], [1]]": 0.9909}, "Layer2": {"[[0, 1, 2, 3, 4, 5, 6, 7], [8, 9, 10, 11, 12, 13, 14, 15]]": 0.9904, "[[0, 1], [2, 3]]": 0.9912, "[[0], [1]]": 0.9854}, "Layer3": {"[[0, 1, 2, 3, 4, 5, 6, 7], [8, 9, 10, 11, 12, 13, 14, 15]]": 0.9555, "[[0, 1], [2, 3]]": 0.9569, "[[0], [1]]": 0.9275}}, {"accuracy": 0.9642, "Layer1": {"[[0, 1, 2, 3, 4, 5, 6, 7], [8, 9, 10, 11, 12, 13, 14, 15]]": 0.9965, "[[0, 1], [2, 3]]": 0.9951, "[[0], [1]]": 0.9763}, "Layer2": {"[[0, 1, 2, 3, 4, 5, 6, 7], [8, 9, 10, 11, 12, 13, 14, 15]]": 0.9915, "[[0, 1], [2, 3]]": 0.9923, "[[0], [1]]": 0.9823}, "Layer3": {"[[0, 1, 2, 3, 4, 5, 6, 7], [8, 9, 10, 11, 12, 13, 14, 15]]": 0.9818, "[[0, 1], [2, 3]]": 0.978, "[[0], [1]]": 0.9737}}, {"accuracy": 0.9761, "Layer1": {"[[0, 1, 2, 3, 4, 5, 6, 7], [8, 9, 10, 11, 12, 13, 14, 15]]": 0.9975, "[[0, 1], [2, 3]]": 0.9954, "[[0], [1]]": 0.9927}, "Layer2": {"[[0, 1, 2, 3, 4, 5, 6, 7], [8, 9, 10, 11, 12, 13, 14, 15]]": 0.9951, "[[0, 1], [2, 3]]": 0.9958, "[[0], [1]]": 0.9892}, "Layer3": {"[[0, 1, 2, 3, 4, 5, 6, 7], [8, 9, 10, 11, 12, 13, 14, 15]]": 0.9809, "[[0, 1], [2, 3]]": 0.9766, "[[0], [1]]": 0.9723}}, {"accuracy": 0.9843, "Layer1": {"[[0, 1, 2, 3, 4, 5, 6, 7], [8, 9, 10, 11, 12, 13, 14, 15]]": 0.9987, "[[0, 1], [2, 3]]": 0.996, "[[0], [1]]": 0.9956}, "Layer2": {"[[0, 1, 2, 3, 4, 5, 6, 7], [8, 9, 10, 11, 12, 13, 14, 15]]": 0.9958, "[[0, 1], [2, 3]]": 0.995, "[[0], [1]]": 0.9873}, "Layer3": {"[[0, 1, 2, 3, 4, 5, 6, 7], [8, 9, 10, 11, 12, 13, 14, 15]]": 0.9753, "[[0, 1], [2, 3]]": 0.9789, "[[0], [1]]": 0.9658}}, {"accuracy": 0.9889, "Layer1": {"[[0, 1, 2, 3, 4, 5, 6, 7], [8, 9, 10, 11, 12, 13, 14, 15]]": 0.9985, "[[0, 1], [2, 3]]": 0.9979, "[[0], [1]]": 0.9967}, "Layer2": {"[[0, 1, 2, 3, 4, 5, 6, 7], [8, 9, 10, 11, 12, 13, 14, 15]]": 0.9972, "[[0, 1], [2, 3]]": 0.9954, "[[0], [1]]": 0.9929}, "Layer3": {"[[0, 1, 2, 3, 4, 5, 6, 7], [8, 9, 10, 11, 12, 13, 14, 15]]": 0.9863, "[[0, 1], [2, 3]]": 0.9827, "[[0], [1]]": 0.9843}}, {"accuracy": 0.9919, "Layer1": {"[[0, 1, 2, 3, 4, 5, 6, 7], [8, 9, 10, 11, 12, 13, 14, 15]]": 0.9981, "[[0, 1], [2, 3]]": 0.9974, "[[0], [1]]": 0.9973}, "Layer2": {"[[0, 1, 2, 3, 4, 5, 6, 7], [8, 9, 10, 11, 12, 13, 14, 15]]": 0.9978, "[[0, 1], [2, 3]]": 0.9973, "[[0], [1]]": 0.9978}, "Layer3": {"[[0, 1, 2, 3, 4, 5, 6, 7], [8, 9, 10, 11, 12, 13, 14, 15]]": 0.9857, "[[0, 1], [2, 3]]": 0.987, "[[0], [1]]": 0.984}}, {"accuracy": 0.9944, "Layer1": {"[[0, 1, 2, 3, 4, 5, 6, 7], [8, 9, 10, 11, 12, 13, 14, 15]]": 0.9984, "[[0, 1], [2, 3]]": 0.9984, "[[0], [1]]": 0.9976}, "Layer2": {"[[0, 1, 2, 3, 4, 5, 6, 7], [8, 9, 10, 11, 12, 13, 14, 15]]": 0.9972, "[[0, 1], [2, 3]]": 0.9976, "[[0], [1]]": 0.9974}, "Layer3": {"[[0, 1, 2, 3, 4, 5, 6, 7], [8, 9, 10, 11, 12, 13, 14, 15]]": 0.9898, "[[0, 1], [2, 3]]": 0.9908, "[[0], [1]]": 0.9918}}, {"accuracy": 0.9951, "Layer1": {"[[0, 1, 2, 3, 4, 5, 6, 7], [8, 9, 10, 11, 12, 13, 14, 15]]": 0.9971, "[[0, 1], [2, 3]]": 0.9983, "[[0], [1]]": 0.9976}, "Layer2": {"[[0, 1, 2, 3, 4, 5, 6, 7], [8, 9, 10, 11, 12, 13, 14, 15]]": 0.9974, "[[0, 1], [2, 3]]": 0.9979, "[[0], [1]]": 0.9984}, "Layer3": {"[[0, 1, 2, 3, 4, 5, 6, 7], [8, 9, 10, 11, 12, 13, 14, 15]]": 0.9922, "[[0, 1], [2, 3]]": 0.9903, "[[0], [1]]": 0.9872}}, {"accuracy": 0.996, "Layer1": {"[[0, 1, 2, 3, 4, 5, 6, 7], [8, 9, 10, 11, 12, 13, 14, 15]]": 0.9984, "[[0, 1], [2, 3]]": 0.9961, "[[0], [1]]": 0.9982}, "Layer2": {"[[0, 1, 2, 3, 4, 5, 6, 7], [8, 9, 10, 11, 12, 13, 14, 15]]": 0.9983, "[[0, 1], [2, 3]]": 0.9981, "[[0], [1]]": 0.9964}, "Layer3": {"[[0, 1, 2, 3, 4, 5, 6, 7], [8, 9, 10, 11, 12, 13, 14, 15]]": 0.9948, "[[0, 1], [2, 3]]": 0.9936, "[[0], [1]]": 0.9918}}], [{"accuracy": 0.4831, "Layer1": {"[[0, 1, 2, 3, 4, 5, 6, 7], [8, 9, 10, 11, 12, 13, 14, 15]]": 0.7291, "[[0, 1], [2, 3]]": 0.5018, "[[0], [1]]": 0.5057}, "Layer2": {"[[0, 1, 2, 3, 4, 5, 6, 7], [8, 9, 10, 11, 12, 13, 14, 15]]": 0.4897, "[[0, 1], [2, 3]]": 0.4965, "[[0], [1]]": 0.502}, "Layer3": {"[[0, 1, 2, 3, 4, 5, 6, 7], [8, 9, 10, 11, 12, 13, 14, 15]]": 0.4889, "[[0, 1], [2, 3]]": 0.493, "[[0], [1]]": 0.5067}}, {"accuracy": 0.5176, "Layer1": {"[[0, 1, 2, 3, 4, 5, 6, 7], [8, 9, 10, 11, 12, 13, 14, 15]]": 0.7545, "[[0, 1], [2, 3]]": 0.7431, "[[0], [1]]": 0.7302}, "Layer2": {"[[0, 1, 2, 3, 4, 5, 6, 7], [8, 9, 10, 11, 12, 13, 14, 15]]": 0.5098, "[[0, 1], [2, 3]]": 0.5026, "[[0], [1]]": 0.5037}, "Layer3": {"[[0, 1, 2, 3, 4, 5, 6, 7], [8, 9, 10, 11, 12, 13, 14, 15]]": 0.5025, "[[0, 1], [2, 3]]": 0.5005, "[[0], [1]]": 0.5043}}, {"accuracy": 0.5371, "Layer1": {"[[0, 1, 2, 3, 4, 5, 6, 7], [8, 9, 10, 11, 12, 13, 14, 15]]": 0.8088, "[[0, 1], [2, 3]]": 0.7989, "[[0], [1]]": 0.788}, "Layer2": {"[[0, 1, 2, 3, 4, 5, 6, 7], [8, 9, 10, 11, 12, 13, 14, 15]]": 0.6387, "[[0, 1], [2, 3]]": 0.6365, "[[0], [1]]": 0.5909}, "Layer3": {"[[0, 1, 2, 3, 4, 5, 6, 7], [8, 9, 10, 11, 12, 13, 14, 15]]": 0.5958, "[[0, 1], [2, 3]]": 0.5846, "[[0], [1]]": 0.519}}, {"accuracy": 0.6591, "Layer1": {"[[0, 1, 2, 3, 4, 5, 6, 7], [8, 9, 10, 11, 12, 13, 14, 15]]": 0.9025, "[[0, 1], [2, 3]]": 0.8821, "[[0], [1]]": 0.8825}, "Layer2": {"[[0, 1, 2, 3, 4, 5, 6, 7], [8, 9, 10, 11, 12, 13, 14, 15]]": 0.7782, "[[0, 1], [2, 3]]": 0.7926, "[[0], [1]]": 0.7616}, "Layer3": {"[[0, 1, 2, 3, 4, 5, 6, 7], [8, 9, 10, 11, 12, 13, 14, 15]]": 0.7519, "[[0, 1], [2, 3]]": 0.7192, "[[0], [1]]": 0.6932}}, {"accuracy": 0.7111, "Layer1": {"[[0, 1, 2, 3, 4, 5, 6, 7], [8, 9, 10, 11, 12, 13, 14, 15]]": 0.9331, "[[0, 1], [2, 3]]": 0.9345, "[[0], [1]]": 0.9254}, "Layer2": {"[[0, 1, 2, 3, 4, 5, 6, 7], [8, 9, 10, 11, 12, 13, 14, 15]]": 0.8585, "[[0, 1], [2, 3]]": 0.8338, "[[0], [1]]": 0.8378}, "Layer3": {"[[0, 1, 2, 3, 4, 5, 6, 7], [8, 9, 10, 11, 12, 13, 14, 15]]": 0.8138, "[[0, 1], [2, 3]]": 0.8064, "[[0], [1]]": 0.7671}}, {"accuracy": 0.7816, "Layer1": {"[[0, 1, 2, 3, 4, 5, 6, 7], [8, 9, 10, 11, 12, 13, 14, 15]]": 0.9627, "[[0, 1], [2, 3]]": 0.9692, "[[0], [1]]": 0.9534}, "Layer2": {"[[0, 1, 2, 3, 4, 5, 6, 7], [8, 9, 10, 11, 12, 13, 14, 15]]": 0.891, "[[0, 1], [2, 3]]": 0.8826, "[[0], [1]]": 0.8693}, "Layer3": {"[[0, 1, 2, 3, 4, 5, 6, 7], [8, 9, 10, 11, 12, 13, 14, 15]]": 0.845, "[[0, 1], [2, 3]]": 0.8342, "[[0], [1]]": 0.8404}}, {"accuracy": 0.8313, "Layer1": {"[[0, 1, 2, 3, 4, 5, 6, 7], [8, 9, 10, 11, 12, 13, 14, 15]]": 0.9628, "[[0, 1], [2, 3]]": 0.9671, "[[0], [1]]": 0.9694}, "Layer2": {"[[0, 1, 2, 3, 4, 5, 6, 7], [8, 9, 10, 11, 12, 13, 14, 15]]": 0.9194, "[[0, 1], [2, 3]]": 0.9154, "[[0], [1]]": 0.9053}, "Layer3": {"[[0, 1, 2, 3, 4, 5, 6, 7], [8, 9, 10, 11, 12, 13, 14, 15]]": 0.8884, "[[0, 1], [2, 3]]": 0.8554, "[[0], [1]]": 0.8758}}, {"accuracy": 0.8591, "Layer1": {"[[0, 1, 2, 3, 4, 5, 6, 7], [8, 9, 10, 11, 12, 13, 14, 15]]": 0.9791, "[[0, 1], [2, 3]]": 0.9771, "[[0], [1]]": 0.9465}, "Layer2": {"[[0, 1, 2, 3, 4, 5, 6, 7], [8, 9, 10, 11, 12, 13, 14, 15]]": 0.9347, "[[0, 1], [2, 3]]": 0.9422, "[[0], [1]]": 0.9322}, "Layer3": {"[[0, 1, 2, 3, 4, 5, 6, 7], [8, 9, 10, 11, 12, 13, 14, 15]]": 0.8868, "[[0, 1], [2, 3]]": 0.9069, "[[0], [1]]": 0.893}}, {"accuracy": 0.8805, "Layer1": {"[[0, 1, 2, 3, 4, 5, 6, 7], [8, 9, 10, 11, 12, 13, 14, 15]]": 0.9894, "[[0, 1], [2, 3]]": 0.9748, "[[0], [1]]": 0.9776}, "Layer2": {"[[0, 1, 2, 3, 4, 5, 6, 7], [8, 9, 10, 11, 12, 13, 14, 15]]": 0.9605, "[[0, 1], [2, 3]]": 0.9472, "[[0], [1]]": 0.9494}, "Layer3": {"[[0, 1, 2, 3, 4, 5, 6, 7], [8, 9, 10, 11, 12, 13, 14, 15]]": 0.925, "[[0, 1], [2, 3]]": 0.9122, "[[0], [1]]": 0.9214}}, {"accuracy": 0.9051, "Layer1": {"[[0, 1, 2, 3, 4, 5, 6, 7], [8, 9, 10, 11, 12, 13, 14, 15]]": 0.9862, "[[0, 1], [2, 3]]": 0.9901, "[[0], [1]]": 0.9819}, "Layer2": {"[[0, 1, 2, 3, 4, 5, 6, 7], [8, 9, 10, 11, 12, 13, 14, 15]]": 0.9612, "[[0, 1], [2, 3]]": 0.9613, "[[0], [1]]": 0.9621}, "Layer3": {"[[0, 1, 2, 3, 4, 5, 6, 7], [8, 9, 10, 11, 12, 13, 14, 15]]": 0.9488, "[[0, 1], [2, 3]]": 0.9433, "[[0], [1]]": 0.936}}, {"accuracy": 0.9259, "Layer1": {"[[0, 1, 2, 3, 4, 5, 6, 7], [8, 9, 10, 11, 12, 13, 14, 15]]": 0.9922, "[[0, 1], [2, 3]]": 0.9907, "[[0], [1]]": 0.9754}, "Layer2": {"[[0, 1, 2, 3, 4, 5, 6, 7], [8, 9, 10, 11, 12, 13, 14, 15]]": 0.9578, "[[0, 1], [2, 3]]": 0.9745, "[[0], [1]]": 0.9713}, "Layer3": {"[[0, 1, 2, 3, 4, 5, 6, 7], [8, 9, 10, 11, 12, 13, 14, 15]]": 0.9615, "[[0, 1], [2, 3]]": 0.9567, "[[0], [1]]": 0.9488}}, {"accuracy": 0.9393, "Layer1": {"[[0, 1, 2, 3, 4, 5, 6, 7], [8, 9, 10, 11, 12, 13, 14, 15]]": 0.994, "[[0, 1], [2, 3]]": 0.9896, "[[0], [1]]": 0.979}, "Layer2": {"[[0, 1, 2, 3, 4, 5, 6, 7], [8, 9, 10, 11, 12, 13, 14, 15]]": 0.9763, "[[0, 1], [2, 3]]": 0.9773, "[[0], [1]]": 0.976}, "Layer3": {"[[0, 1, 2, 3, 4, 5, 6, 7], [8, 9, 10, 11, 12, 13, 14, 15]]": 0.9708, "[[0, 1], [2, 3]]": 0.9649, "[[0], [1]]": 0.9516}}, {"accuracy": 0.9486, "Layer1": {"[[0, 1, 2, 3, 4, 5, 6, 7], [8, 9, 10, 11, 12, 13, 14, 15]]": 0.9931, "[[0, 1], [2, 3]]": 0.9939, "[[0], [1]]": 0.9876}, "Layer2": {"[[0, 1, 2, 3, 4, 5, 6, 7], [8, 9, 10, 11, 12, 13, 14, 15]]": 0.9816, "[[0, 1], [2, 3]]": 0.9825, "[[0], [1]]": 0.9774}, "Layer3": {"[[0, 1, 2, 3, 4, 5, 6, 7], [8, 9, 10, 11, 12, 13, 14, 15]]": 0.9692, "[[0, 1], [2, 3]]": 0.9752, "[[0], [1]]": 0.9713}}, {"accuracy": 0.9576, "Layer1": {"[[0, 1, 2, 3, 4, 5, 6, 7], [8, 9, 10, 11, 12, 13, 14, 15]]": 0.9937, "[[0, 1], [2, 3]]": 0.9897, "[[0], [1]]": 0.9874}, "Layer2": {"[[0, 1, 2, 3, 4, 5, 6, 7], [8, 9, 10, 11, 12, 13, 14, 15]]": 0.9786, "[[0, 1], [2, 3]]": 0.986, "[[0], [1]]": 0.9701}, "Layer3": {"[[0, 1, 2, 3, 4, 5, 6, 7], [8, 9, 10, 11, 12, 13, 14, 15]]": 0.9713, "[[0, 1], [2, 3]]": 0.9641, "[[0], [1]]": 0.9557}}, {"accuracy": 0.9655, "Layer1": {"[[0, 1, 2, 3, 4, 5, 6, 7], [8, 9, 10, 11, 12, 13, 14, 15]]": 0.9916, "[[0, 1], [2, 3]]": 0.9925, "[[0], [1]]": 0.989}, "Layer2": {"[[0, 1, 2, 3, 4, 5, 6, 7], [8, 9, 10, 11, 12, 13, 14, 15]]": 0.9861, "[[0, 1], [2, 3]]": 0.9775, "[[0], [1]]": 0.9796}, "Layer3": {"[[0, 1, 2, 3, 4, 5, 6, 7], [8, 9, 10, 11, 12, 13, 14, 15]]": 0.9781, "[[0, 1], [2, 3]]": 0.9752, "[[0], [1]]": 0.9633}}, {"accuracy": 0.9714, "Layer1": {"[[0, 1, 2, 3, 4, 5, 6, 7], [8, 9, 10, 11, 12, 13, 14, 15]]": 0.9921, "[[0, 1], [2, 3]]": 0.9952, "[[0], [1]]": 0.9862}, "Layer2": {"[[0, 1, 2, 3, 4, 5, 6, 7], [8, 9, 10, 11, 12, 13, 14, 15]]": 0.9848, "[[0, 1], [2, 3]]": 0.9828, "[[0], [1]]": 0.9874}, "Layer3": {"[[0, 1, 2, 3, 4, 5, 6, 7], [8, 9, 10, 11, 12, 13, 14, 15]]": 0.9809, "[[0, 1], [2, 3]]": 0.9812, "[[0], [1]]": 0.9691}}, {"accuracy": 0.9774, "Layer1": {"[[0, 1, 2, 3, 4, 5, 6, 7], [8, 9, 10, 11, 12, 13, 14, 15]]": 0.9933, "[[0, 1], [2, 3]]": 0.9942, "[[0], [1]]": 0.9908}, "Layer2": {"[[0, 1, 2, 3, 4, 5, 6, 7], [8, 9, 10, 11, 12, 13, 14, 15]]": 0.9903, "[[0, 1], [2, 3]]": 0.9905, "[[0], [1]]": 0.9859}, "Layer3": {"[[0, 1, 2, 3, 4, 5, 6, 7], [8, 9, 10, 11, 12, 13, 14, 15]]": 0.98, "[[0, 1], [2, 3]]": 0.9843, "[[0], [1]]": 0.9768}}], [{"accuracy": 0.4986, "Layer1": {"[[0, 1, 2, 3, 4, 5, 6, 7], [8, 9, 10, 11, 12, 13, 14, 15]]": 0.8086, "[[0, 1], [2, 3]]": 0.4967, "[[0], [1]]": 0.4985}, "Layer2": {"[[0, 1, 2, 3, 4, 5, 6, 7], [8, 9, 10, 11, 12, 13, 14, 15]]": 0.5029, "[[0, 1], [2, 3]]": 0.4963, "[[0], [1]]": 0.5152}, "Layer3": {"[[0, 1, 2, 3, 4, 5, 6, 7], [8, 9, 10, 11, 12, 13, 14, 15]]": 0.4949, "[[0, 1], [2, 3]]": 0.4992, "[[0], [1]]": 0.4927}}, {"accuracy": 0.5012, "Layer1": {"[[0, 1, 2, 3, 4, 5, 6, 7], [8, 9, 10, 11, 12, 13, 14, 15]]": 0.7936, "[[0, 1], [2, 3]]": 0.7762, "[[0], [1]]": 0.7598}, "Layer2": {"[[0, 1, 2, 3, 4, 5, 6, 7], [8, 9, 10, 11, 12, 13, 14, 15]]": 0.6166, "[[0, 1], [2, 3]]": 0.5074, "[[0], [1]]": 0.4962}, "Layer3": {"[[0, 1, 2, 3, 4, 5, 6, 7], [8, 9, 10, 11, 12, 13, 14, 15]]": 0.5035, "[[0, 1], [2, 3]]": 0.4913, "[[0], [1]]": 0.4958}}, {"accuracy": 0.5033, "Layer1": {"[[0, 1, 2, 3, 4, 5, 6, 7], [8, 9, 10, 11, 12, 13, 14, 15]]": 0.7827, "[[0, 1], [2, 3]]": 0.8019, "[[0], [1]]": 0.7525}, "Layer2": {"[[0, 1, 2, 3, 4, 5, 6, 7], [8, 9, 10, 11, 12, 13, 14, 15]]": 0.6186, "[[0, 1], [2, 3]]": 0.6496, "[[0], [1]]": 0.6181}, "Layer3": {"[[0, 1, 2, 3, 4, 5, 6, 7], [8, 9, 10, 11, 12, 13, 14, 15]]": 0.4985, "[[0, 1], [2, 3]]": 0.4979, "[[0], [1]]": 0.5022}}, {"accuracy": 0.5597, "Layer1": {"[[0, 1, 2, 3, 4, 5, 6, 7], [8, 9, 10, 11, 12, 13, 14, 15]]": 0.8314, "[[0, 1], [2, 3]]": 0.8102, "[[0], [1]]": 0.8022}, "Layer2": {"[[0, 1, 2, 3, 4, 5, 6, 7], [8, 9, 10, 11, 12, 13, 14, 15]]": 0.7104, "[[0, 1], [2, 3]]": 0.7104, "[[0], [1]]": 0.6775}, "Layer3": {"[[0, 1, 2, 3, 4, 5, 6, 7], [8, 9, 10, 11, 12, 13, 14, 15]]": 0.6419, "[[0, 1], [2, 3]]": 0.643, "[[0], [1]]": 0.6288}}, {"accuracy": 0.6509, "Layer1": {"[[0, 1, 2, 3, 4, 5, 6, 7], [8, 9, 10, 11, 12, 13, 14, 15]]": 0.8893, "[[0, 1], [2, 3]]": 0.8965, "[[0], [1]]": 0.8862}, "Layer2": {"[[0, 1, 2, 3, 4, 5, 6, 7], [8, 9, 10, 11, 12, 13, 14, 15]]": 0.8223, "[[0, 1], [2, 3]]": 0.8112, "[[0], [1]]": 0.7854}, "Layer3": {"[[0, 1, 2, 3, 4, 5, 6, 7], [8, 9, 10, 11, 12, 13, 14, 15]]": 0.7439, "[[0, 1], [2, 3]]": 0.7619, "[[0], [1]]": 0.7326}}, {"accuracy": 0.6613, "Layer1": {"[[0, 1, 2, 3, 4, 5, 6, 7], [8, 9, 10, 11, 12, 13, 14, 15]]": 0.9532, "[[0, 1], [2, 3]]": 0.9397, "[[0], [1]]": 0.9402}, "Layer2": {"[[0, 1, 2, 3, 4, 5, 6, 7], [8, 9, 10, 11, 12, 13, 14, 15]]": 0.8861, "[[0, 1], [2, 3]]": 0.8721, "[[0], [1]]": 0.8559}, "Layer3": {"[[0, 1, 2, 3, 4, 5, 6, 7], [8, 9, 10, 11, 12, 13, 14, 15]]": 0.8034, "[[0, 1], [2, 3]]": 0.8059, "[[0], [1]]": 0.7729}}, {"accuracy": 0.7383, "Layer1": {"[[0, 1, 2, 3, 4, 5, 6, 7], [8, 9, 10, 11, 12, 13, 14, 15]]": 0.9767, "[[0, 1], [2, 3]]": 0.9677, "[[0], [1]]": 0.9533}, "Layer2": {"[[0, 1, 2, 3, 4, 5, 6, 7], [8, 9, 10, 11, 12, 13, 14, 15]]": 0.9216, "[[0, 1], [2, 3]]": 0.9202, "[[0], [1]]": 0.8541}, "Layer3": {"[[0, 1, 2, 3, 4, 5, 6, 7], [8, 9, 10, 11, 12, 13, 14, 15]]": 0.8316, "[[0, 1], [2, 3]]": 0.8371, "[[0], [1]]": 0.82}}, {"accuracy": 0.8104, "Layer1": {"[[0, 1, 2, 3, 4, 5, 6, 7], [8, 9, 10, 11, 12, 13, 14, 15]]": 0.987, "[[0, 1], [2, 3]]": 0.9892, "[[0], [1]]": 0.9527}, "Layer2": {"[[0, 1, 2, 3, 4, 5, 6, 7], [8, 9, 10, 11, 12, 13, 14, 15]]": 0.9508, "[[0, 1], [2, 3]]": 0.9378, "[[0], [1]]": 0.9389}, "Layer3": {"[[0, 1, 2, 3, 4, 5, 6, 7], [8, 9, 10, 11, 12, 13, 14, 15]]": 0.8726, "[[0, 1], [2, 3]]": 0.8686, "[[0], [1]]": 0.8644}}, {"accuracy": 0.8573, "Layer1": {"[[0, 1, 2, 3, 4, 5, 6, 7], [8, 9, 10, 11, 12, 13, 14, 15]]": 0.991, "[[0, 1], [2, 3]]": 0.985, "[[0], [1]]": 0.9801}, "Layer2": {"[[0, 1, 2, 3, 4, 5, 6, 7], [8, 9, 10, 11, 12, 13, 14, 15]]": 0.9579, "[[0, 1], [2, 3]]": 0.9589, "[[0], [1]]": 0.9523}, "Layer3": {"[[0, 1, 2, 3, 4, 5, 6, 7], [8, 9, 10, 11, 12, 13, 14, 15]]": 0.9032, "[[0, 1], [2, 3]]": 0.893, "[[0], [1]]": 0.8753}}, {"accuracy": 0.8934, "Layer1": {"[[0, 1, 2, 3, 4, 5, 6, 7], [8, 9, 10, 11, 12, 13, 14, 15]]": 0.9955, "[[0, 1], [2, 3]]": 0.9847, "[[0], [1]]": 0.9901}, "Layer2": {"[[0, 1, 2, 3, 4, 5, 6, 7], [8, 9, 10, 11, 12, 13, 14, 15]]": 0.9741, "[[0, 1], [2, 3]]": 0.9708, "[[0], [1]]": 0.9605}, "Layer3": {"[[0, 1, 2, 3, 4, 5, 6, 7], [8, 9, 10, 11, 12, 13, 14, 15]]": 0.9242, "[[0, 1], [2, 3]]": 0.9103, "[[0], [1]]": 0.9007}}, {"accuracy": 0.9149, "Layer1": {"[[0, 1, 2, 3, 4, 5, 6, 7], [8, 9, 10, 11, 12, 13, 14, 15]]": 0.9949, "[[0, 1], [2, 3]]": 0.9941, "[[0], [1]]": 0.9787}, "Layer2": {"[[0, 1, 2, 3, 4, 5, 6, 7], [8, 9, 10, 11, 12, 13, 14, 15]]": 0.9758, "[[0, 1], [2, 3]]": 0.9717, "[[0], [1]]": 0.9643}, "Layer3": {"[[0, 1, 2, 3, 4, 5, 6, 7], [8, 9, 10, 11, 12, 13, 14, 15]]": 0.9315, "[[0, 1], [2, 3]]": 0.9305, "[[0], [1]]": 0.9124}}, {"accuracy": 0.9301, "Layer1": {"[[0, 1, 2, 3, 4, 5, 6, 7], [8, 9, 10, 11, 12, 13, 14, 15]]": 0.989, "[[0, 1], [2, 3]]": 0.988, "[[0], [1]]": 0.9892}, "Layer2": {"[[0, 1, 2, 3, 4, 5, 6, 7], [8, 9, 10, 11, 12, 13, 14, 15]]": 0.9799, "[[0, 1], [2, 3]]": 0.9814, "[[0], [1]]": 0.974}, "Layer3": {"[[0, 1, 2, 3, 4, 5, 6, 7], [8, 9, 10, 11, 12, 13, 14, 15]]": 0.9506, "[[0, 1], [2, 3]]": 0.9478, "[[0], [1]]": 0.9384}}, {"accuracy": 0.9429, "Layer1": {"[[0, 1, 2, 3, 4, 5, 6, 7], [8, 9, 10, 11, 12, 13, 14, 15]]": 0.998, "[[0, 1], [2, 3]]": 0.989, "[[0], [1]]": 0.9893}, "Layer2": {"[[0, 1, 2, 3, 4, 5, 6, 7], [8, 9, 10, 11, 12, 13, 14, 15]]": 0.9804, "[[0, 1], [2, 3]]": 0.9842, "[[0], [1]]": 0.9788}, "Layer3": {"[[0, 1, 2, 3, 4, 5, 6, 7], [8, 9, 10, 11, 12, 13, 14, 15]]": 0.9614, "[[0, 1], [2, 3]]": 0.968, "[[0], [1]]": 0.9268}}, {"accuracy": 0.9535, "Layer1": {"[[0, 1, 2, 3, 4, 5, 6, 7], [8, 9, 10, 11, 12, 13, 14, 15]]": 0.9931, "[[0, 1], [2, 3]]": 0.9921, "[[0], [1]]": 0.9931}, "Layer2": {"[[0, 1, 2, 3, 4, 5, 6, 7], [8, 9, 10, 11, 12, 13, 14, 15]]": 0.9866, "[[0, 1], [2, 3]]": 0.988, "[[0], [1]]": 0.9839}, "Layer3": {"[[0, 1, 2, 3, 4, 5, 6, 7], [8, 9, 10, 11, 12, 13, 14, 15]]": 0.9638, "[[0, 1], [2, 3]]": 0.9645, "[[0], [1]]": 0.9406}}, {"accuracy": 0.9596, "Layer1": {"[[0, 1, 2, 3, 4, 5, 6, 7], [8, 9, 10, 11, 12, 13, 14, 15]]": 0.9948, "[[0, 1], [2, 3]]": 0.9917, "[[0], [1]]": 0.9895}, "Layer2": {"[[0, 1, 2, 3, 4, 5, 6, 7], [8, 9, 10, 11, 12, 13, 14, 15]]": 0.991, "[[0, 1], [2, 3]]": 0.9864, "[[0], [1]]": 0.974}, "Layer3": {"[[0, 1, 2, 3, 4, 5, 6, 7], [8, 9, 10, 11, 12, 13, 14, 15]]": 0.9708, "[[0, 1], [2, 3]]": 0.9746, "[[0], [1]]": 0.9349}}, {"accuracy": 0.9651, "Layer1": {"[[0, 1, 2, 3, 4, 5, 6, 7], [8, 9, 10, 11, 12, 13, 14, 15]]": 0.9959, "[[0, 1], [2, 3]]": 0.996, "[[0], [1]]": 0.9935}, "Layer2": {"[[0, 1, 2, 3, 4, 5, 6, 7], [8, 9, 10, 11, 12, 13, 14, 15]]": 0.9864, "[[0, 1], [2, 3]]": 0.9896, "[[0], [1]]": 0.9789}, "Layer3": {"[[0, 1, 2, 3, 4, 5, 6, 7], [8, 9, 10, 11, 12, 13, 14, 15]]": 0.9758, "[[0, 1], [2, 3]]": 0.971, "[[0], [1]]": 0.9649}}, {"accuracy": 0.9733, "Layer1": {"[[0, 1, 2, 3, 4, 5, 6, 7], [8, 9, 10, 11, 12, 13, 14, 15]]": 0.9935, "[[0, 1], [2, 3]]": 0.9918, "[[0], [1]]": 0.9931}, "Layer2": {"[[0, 1, 2, 3, 4, 5, 6, 7], [8, 9, 10, 11, 12, 13, 14, 15]]": 0.9856, "[[0, 1], [2, 3]]": 0.9915, "[[0], [1]]": 0.9886}, "Layer3": {"[[0, 1, 2, 3, 4, 5, 6, 7], [8, 9, 10, 11, 12, 13, 14, 15]]": 0.9836, "[[0, 1], [2, 3]]": 0.9822, "[[0], [1]]": 0.9694}}], [{"accuracy": 0.498, "Layer1": {"[[0, 1, 2, 3, 4, 5, 6, 7], [8, 9, 10, 11, 12, 13, 14, 15]]": 0.8053, "[[0, 1], [2, 3]]": 0.7759, "[[0], [1]]": 0.501}, "Layer2": {"[[0, 1, 2, 3, 4, 5, 6, 7], [8, 9, 10, 11, 12, 13, 14, 15]]": 0.6225, "[[0, 1], [2, 3]]": 0.6327, "[[0], [1]]": 0.4947}, "Layer3": {"[[0, 1, 2, 3, 4, 5, 6, 7], [8, 9, 10, 11, 12, 13, 14, 15]]": 0.5005, "[[0, 1], [2, 3]]": 0.5042, "[[0], [1]]": 0.4907}}, {"accuracy": 0.5066, "Layer1": {"[[0, 1, 2, 3, 4, 5, 6, 7], [8, 9, 10, 11, 12, 13, 14, 15]]": 0.8194, "[[0, 1], [2, 3]]": 0.8042, "[[0], [1]]": 0.7955}, "Layer2": {"[[0, 1, 2, 3, 4, 5, 6, 7], [8, 9, 10, 11, 12, 13, 14, 15]]": 0.6735, "[[0, 1], [2, 3]]": 0.6456, "[[0], [1]]": 0.6383}, "Layer3": {"[[0, 1, 2, 3, 4, 5, 6, 7], [8, 9, 10, 11, 12, 13, 14, 15]]": 0.4969, "[[0, 1], [2, 3]]": 0.5004, "[[0], [1]]": 0.4898}}, {"accuracy": 0.6025, "Layer1": {"[[0, 1, 2, 3, 4, 5, 6, 7], [8, 9, 10, 11, 12, 13, 14, 15]]": 0.8792, "[[0, 1], [2, 3]]": 0.873, "[[0], [1]]": 0.8224}, "Layer2": {"[[0, 1, 2, 3, 4, 5, 6, 7], [8, 9, 10, 11, 12, 13, 14, 15]]": 0.7444, "[[0, 1], [2, 3]]": 0.7652, "[[0], [1]]": 0.7473}, "Layer3": {"[[0, 1, 2, 3, 4, 5, 6, 7], [8, 9, 10, 11, 12, 13, 14, 15]]": 0.6514, "[[0, 1], [2, 3]]": 0.6317, "[[0], [1]]": 0.6303}}, {"accuracy": 0.644, "Layer1": {"[[0, 1, 2, 3, 4, 5, 6, 7], [8, 9, 10, 11, 12, 13, 14, 15]]": 0.9013, "[[0, 1], [2, 3]]": 0.8908, "[[0], [1]]": 0.8783}, "Layer2": {"[[0, 1, 2, 3, 4, 5, 6, 7], [8, 9, 10, 11, 12, 13, 14, 15]]": 0.7932, "[[0, 1], [2, 3]]": 0.809, "[[0], [1]]": 0.7828}, "Layer3": {"[[0, 1, 2, 3, 4, 5, 6, 7], [8, 9, 10, 11, 12, 13, 14, 15]]": 0.6928, "[[0, 1], [2, 3]]": 0.6841, "[[0], [1]]": 0.6419}}, {"accuracy": 0.6974, "Layer1": {"[[0, 1, 2, 3, 4, 5, 6, 7], [8, 9, 10, 11, 12, 13, 14, 15]]": 0.9261, "[[0, 1], [2, 3]]": 0.9092, "[[0], [1]]": 0.8711}, "Layer2": {"[[0, 1, 2, 3, 4, 5, 6, 7], [8, 9, 10, 11, 12, 13, 14, 15]]": 0.8098, "[[0, 1], [2, 3]]": 0.8064, "[[0], [1]]": 0.787}, "Layer3": {"[[0, 1, 2, 3, 4, 5, 6, 7], [8, 9, 10, 11, 12, 13, 14, 15]]": 0.7492, "[[0, 1], [2, 3]]": 0.7345, "[[0], [1]]": 0.7087}}, {"accuracy": 0.755, "Layer1": {"[[0, 1, 2, 3, 4, 5, 6, 7], [8, 9, 10, 11, 12, 13, 14, 15]]": 0.948, "[[0, 1], [2, 3]]": 0.9513, "[[0], [1]]": 0.9285}, "Layer2": {"[[0, 1, 2, 3, 4, 5, 6, 7], [8, 9, 10, 11, 12, 13, 14, 15]]": 0.8189, "[[0, 1], [2, 3]]": 0.806, "[[0], [1]]": 0.7875}, "Layer3": {"[[0, 1, 2, 3, 4, 5, 6, 7], [8, 9, 10, 11, 12, 13, 14, 15]]": 0.7501, "[[0, 1], [2, 3]]": 0.7331, "[[0], [1]]": 0.7248}}, {"accuracy": 0.8079, "Layer1": {"[[0, 1, 2, 3, 4, 5, 6, 7], [8, 9, 10, 11, 12, 13, 14, 15]]": 0.9656, "[[0, 1], [2, 3]]": 0.9632, "[[0], [1]]": 0.9619}, "Layer2": {"[[0, 1, 2, 3, 4, 5, 6, 7], [8, 9, 10, 11, 12, 13, 14, 15]]": 0.8234, "[[0, 1], [2, 3]]": 0.8137, "[[0], [1]]": 0.808}, "Layer3": {"[[0, 1, 2, 3, 4, 5, 6, 7], [8, 9, 10, 11, 12, 13, 14, 15]]": 0.7737, "[[0, 1], [2, 3]]": 0.7731, "[[0], [1]]": 0.7402}}, {"accuracy": 0.8394, "Layer1": {"[[0, 1, 2, 3, 4, 5, 6, 7], [8, 9, 10, 11, 12, 13, 14, 15]]": 0.9736, "[[0, 1], [2, 3]]": 0.9782, "[[0], [1]]": 0.967}, "Layer2": {"[[0, 1, 2, 3, 4, 5, 6, 7], [8, 9, 10, 11, 12, 13, 14, 15]]": 0.8578, "[[0, 1], [2, 3]]": 0.8618, "[[0], [1]]": 0.8331}, "Layer3": {"[[0, 1, 2, 3, 4, 5, 6, 7], [8, 9, 10, 11, 12, 13, 14, 15]]": 0.7948, "[[0, 1], [2, 3]]": 0.766, "[[0], [1]]": 0.7741}}, {"accuracy": 0.8567, "Layer1": {"[[0, 1, 2, 3, 4, 5, 6, 7], [8, 9, 10, 11, 12, 13, 14, 15]]": 0.9809, "[[0, 1], [2, 3]]": 0.9825, "[[0], [1]]": 0.965}, "Layer2": {"[[0, 1, 2, 3, 4, 5, 6, 7], [8, 9, 10, 11, 12, 13, 14, 15]]": 0.8903, "[[0, 1], [2, 3]]": 0.8844, "[[0], [1]]": 0.8853}, "Layer3": {"[[0, 1, 2, 3, 4, 5, 6, 7], [8, 9, 10, 11, 12, 13, 14, 15]]": 0.845, "[[0, 1], [2, 3]]": 0.8573, "[[0], [1]]": 0.7926}}, {"accuracy": 0.8773, "Layer1": {"[[0, 1, 2, 3, 4, 5, 6, 7], [8, 9, 10, 11, 12, 13, 14, 15]]": 0.9865, "[[0, 1], [2, 3]]": 0.9874, "[[0], [1]]": 0.9836}, "Layer2": {"[[0, 1, 2, 3, 4, 5, 6, 7], [8, 9, 10, 11, 12, 13, 14, 15]]": 0.9053, "[[0, 1], [2, 3]]": 0.9152, "[[0], [1]]": 0.911}, "Layer3": {"[[0, 1, 2, 3, 4, 5, 6, 7], [8, 9, 10, 11, 12, 13, 14, 15]]": 0.8791, "[[0, 1], [2, 3]]": 0.9026, "[[0], [1]]": 0.8672}}, {"accuracy": 0.8974, "Layer1": {"[[0, 1, 2, 3, 4, 5, 6, 7], [8, 9, 10, 11, 12, 13, 14, 15]]": 0.9905, "[[0, 1], [2, 3]]": 0.9892, "[[0], [1]]": 0.9865}, "Layer2": {"[[0, 1, 2, 3, 4, 5, 6, 7], [8, 9, 10, 11, 12, 13, 14, 15]]": 0.9601, "[[0, 1], [2, 3]]": 0.9578, "[[0], [1]]": 0.9499}, "Layer3": {"[[0, 1, 2, 3, 4, 5, 6, 7], [8, 9, 10, 11, 12, 13, 14, 15]]": 0.9391, "[[0, 1], [2, 3]]": 0.9168, "[[0], [1]]": 0.9149}}, {"accuracy": 0.9408, "Layer1": {"[[0, 1, 2, 3, 4, 5, 6, 7], [8, 9, 10, 11, 12, 13, 14, 15]]": 0.9937, "[[0, 1], [2, 3]]": 0.9952, "[[0], [1]]": 0.9924}, "Layer2": {"[[0, 1, 2, 3, 4, 5, 6, 7], [8, 9, 10, 11, 12, 13, 14, 15]]": 0.9818, "[[0, 1], [2, 3]]": 0.9812, "[[0], [1]]": 0.9794}, "Layer3": {"[[0, 1, 2, 3, 4, 5, 6, 7], [8, 9, 10, 11, 12, 13, 14, 15]]": 0.9761, "[[0, 1], [2, 3]]": 0.978, "[[0], [1]]": 0.9673}}, {"accuracy": 0.966, "Layer1": {"[[0, 1, 2, 3, 4, 5, 6, 7], [8, 9, 10, 11, 12, 13, 14, 15]]": 0.9968, "[[0, 1], [2, 3]]": 0.9958, "[[0], [1]]": 0.9966}, "Layer2": {"[[0, 1, 2, 3, 4, 5, 6, 7], [8, 9, 10, 11, 12, 13, 14, 15]]": 0.9898, "[[0, 1], [2, 3]]": 0.9898, "[[0], [1]]": 0.9893}, "Layer3": {"[[0, 1, 2, 3, 4, 5, 6, 7], [8, 9, 10, 11, 12, 13, 14, 15]]": 0.9853, "[[0, 1], [2, 3]]": 0.9858, "[[0], [1]]": 0.9852}}, {"accuracy": 0.9801, "Layer1": {"[[0, 1, 2, 3, 4, 5, 6, 7], [8, 9, 10, 11, 12, 13, 14, 15]]": 0.9976, "[[0, 1], [2, 3]]": 0.9963, "[[0], [1]]": 0.9978}, "Layer2": {"[[0, 1, 2, 3, 4, 5, 6, 7], [8, 9, 10, 11, 12, 13, 14, 15]]": 0.995, "[[0, 1], [2, 3]]": 0.9946, "[[0], [1]]": 0.9942}, "Layer3": {"[[0, 1, 2, 3, 4, 5, 6, 7], [8, 9, 10, 11, 12, 13, 14, 15]]": 0.9928, "[[0, 1], [2, 3]]": 0.993, "[[0], [1]]": 0.9936}}, {"accuracy": 0.9867, "Layer1": {"[[0, 1, 2, 3, 4, 5, 6, 7], [8, 9, 10, 11, 12, 13, 14, 15]]": 0.9975, "[[0, 1], [2, 3]]": 0.9969, "[[0], [1]]": 0.9984}, "Layer2": {"[[0, 1, 2, 3, 4, 5, 6, 7], [8, 9, 10, 11, 12, 13, 14, 15]]": 0.9971, "[[0, 1], [2, 3]]": 0.9965, "[[0], [1]]": 0.9967}, "Layer3": {"[[0, 1, 2, 3, 4, 5, 6, 7], [8, 9, 10, 11, 12, 13, 14, 15]]": 0.9959, "[[0, 1], [2, 3]]": 0.996, "[[0], [1]]": 0.9918}}, {"accuracy": 0.9899, "Layer1": {"[[0, 1, 2, 3, 4, 5, 6, 7], [8, 9, 10, 11, 12, 13, 14, 15]]": 0.998, "[[0, 1], [2, 3]]": 0.9971, "[[0], [1]]": 0.9981}, "Layer2": {"[[0, 1, 2, 3, 4, 5, 6, 7], [8, 9, 10, 11, 12, 13, 14, 15]]": 0.9985, "[[0, 1], [2, 3]]": 0.9977, "[[0], [1]]": 0.9977}, "Layer3": {"[[0, 1, 2, 3, 4, 5, 6, 7], [8, 9, 10, 11, 12, 13, 14, 15]]": 0.9968, "[[0, 1], [2, 3]]": 0.997, "[[0], [1]]": 0.9961}}, {"accuracy": 0.9936, "Layer1": {"[[0, 1, 2, 3, 4, 5, 6, 7], [8, 9, 10, 11, 12, 13, 14, 15]]": 0.9979, "[[0, 1], [2, 3]]": 0.9973, "[[0], [1]]": 0.9978}, "Layer2": {"[[0, 1, 2, 3, 4, 5, 6, 7], [8, 9, 10, 11, 12, 13, 14, 15]]": 0.9991, "[[0, 1], [2, 3]]": 0.9993, "[[0], [1]]": 0.9982}, "Layer3": {"[[0, 1, 2, 3, 4, 5, 6, 7], [8, 9, 10, 11, 12, 13, 14, 15]]": 0.998, "[[0, 1], [2, 3]]": 0.9982, "[[0], [1]]": 0.9981}}], [{"accuracy": 0.5005, "Layer1": {"[[0, 1, 2, 3, 4, 5, 6, 7], [8, 9, 10, 11, 12, 13, 14, 15]]": 0.8154, "[[0, 1], [2, 3]]": 0.4964, "[[0], [1]]": 0.5064}, "Layer2": {"[[0, 1, 2, 3, 4, 5, 6, 7], [8, 9, 10, 11, 12, 13, 14, 15]]": 0.5086, "[[0, 1], [2, 3]]": 0.4925, "[[0], [1]]": 0.5091}, "Layer3": {"[[0, 1, 2, 3, 4, 5, 6, 7], [8, 9, 10, 11, 12, 13, 14, 15]]": 0.5026, "[[0, 1], [2, 3]]": 0.5013, "[[0], [1]]": 0.4856}}, {"accuracy": 0.5071, "Layer1": {"[[0, 1, 2, 3, 4, 5, 6, 7], [8, 9, 10, 11, 12, 13, 14, 15]]": 0.7727, "[[0, 1], [2, 3]]": 0.7926, "[[0], [1]]": 0.7367}, "Layer2": {"[[0, 1, 2, 3, 4, 5, 6, 7], [8, 9, 10, 11, 12, 13, 14, 15]]": 0.5988, "[[0, 1], [2, 3]]": 0.6074, "[[0], [1]]": 0.5984}, "Layer3": {"[[0, 1, 2, 3, 4, 5, 6, 7], [8, 9, 10, 11, 12, 13, 14, 15]]": 0.5116, "[[0, 1], [2, 3]]": 0.511, "[[0], [1]]": 0.5043}}, {"accuracy": 0.5649, "Layer1": {"[[0, 1, 2, 3, 4, 5, 6, 7], [8, 9, 10, 11, 12, 13, 14, 15]]": 0.8381, "[[0, 1], [2, 3]]": 0.8237, "[[0], [1]]": 0.7934}, "Layer2": {"[[0, 1, 2, 3, 4, 5, 6, 7], [8, 9, 10, 11, 12, 13, 14, 15]]": 0.6552, "[[0, 1], [2, 3]]": 0.6561, "[[0], [1]]": 0.6356}, "Layer3": {"[[0, 1, 2, 3, 4, 5, 6, 7], [8, 9, 10, 11, 12, 13, 14, 15]]": 0.5182, "[[0, 1], [2, 3]]": 0.5259, "[[0], [1]]": 0.5178}}, {"accuracy": 0.6144, "Layer1": {"[[0, 1, 2, 3, 4, 5, 6, 7], [8, 9, 10, 11, 12, 13, 14, 15]]": 0.8987, "[[0, 1], [2, 3]]": 0.888, "[[0], [1]]": 0.8458}, "Layer2": {"[[0, 1, 2, 3, 4, 5, 6, 7], [8, 9, 10, 11, 12, 13, 14, 15]]": 0.8023, "[[0, 1], [2, 3]]": 0.7955, "[[0], [1]]": 0.764}, "Layer3": {"[[0, 1, 2, 3, 4, 5, 6, 7], [8, 9, 10, 11, 12, 13, 14, 15]]": 0.696, "[[0, 1], [2, 3]]": 0.6802, "[[0], [1]]": 0.6518}}, {"accuracy": 0.6641, "Layer1": {"[[0, 1, 2, 3, 4, 5, 6, 7], [8, 9, 10, 11, 12, 13, 14, 15]]": 0.9628, "[[0, 1], [2, 3]]": 0.9568, "[[0], [1]]": 0.9501}, "Layer2": {"[[0, 1, 2, 3, 4, 5, 6, 7], [8, 9, 10, 11, 12, 13, 14, 15]]": 0.8796, "[[0, 1], [2, 3]]": 0.8883, "[[0], [1]]": 0.8658}, "Layer3": {"[[0, 1, 2, 3, 4, 5, 6, 7], [8, 9, 10, 11, 12, 13, 14, 15]]": 0.7079, "[[0, 1], [2, 3]]": 0.743, "[[0], [1]]": 0.6916}}, {"accuracy": 0.7129, "Layer1": {"[[0, 1, 2, 3, 4, 5, 6, 7], [8, 9, 10, 11, 12, 13, 14, 15]]": 0.9761, "[[0, 1], [2, 3]]": 0.97, "[[0], [1]]": 0.9658}, "Layer2": {"[[0, 1, 2, 3, 4, 5, 6, 7], [8, 9, 10, 11, 12, 13, 14, 15]]": 0.9116, "[[0, 1], [2, 3]]": 0.9002, "[[0], [1]]": 0.882}, "Layer3": {"[[0, 1, 2, 3, 4, 5, 6, 7], [8, 9, 10, 11, 12, 13, 14, 15]]": 0.7774, "[[0, 1], [2, 3]]": 0.7625, "[[0], [1]]": 0.7526}}, {"accuracy": 0.7686, "Layer1": {"[[0, 1, 2, 3, 4, 5, 6, 7], [8, 9, 10, 11, 12, 13, 14, 15]]": 0.9746, "[[0, 1], [2, 3]]": 0.9791, "[[0], [1]]": 0.9515}, "Layer2": {"[[0, 1, 2, 3, 4, 5, 6, 7], [8, 9, 10, 11, 12, 13, 14, 15]]": 0.9293, "[[0, 1], [2, 3]]": 0.9365, "[[0], [1]]": 0.9126}, "Layer3": {"[[0, 1, 2, 3, 4, 5, 6, 7], [8, 9, 10, 11, 12, 13, 14, 15]]": 0.8121, "[[0, 1], [2, 3]]": 0.845, "[[0], [1]]": 0.8067}}, {"accuracy": 0.8064, "Layer1": {"[[0, 1, 2, 3, 4, 5, 6, 7], [8, 9, 10, 11, 12, 13, 14, 15]]": 0.9881, "[[0, 1], [2, 3]]": 0.9839, "[[0], [1]]": 0.9586}, "Layer2": {"[[0, 1, 2, 3, 4, 5, 6, 7], [8, 9, 10, 11, 12, 13, 14, 15]]": 0.9551, "[[0, 1], [2, 3]]": 0.9503, "[[0], [1]]": 0.9368}, "Layer3": {"[[0, 1, 2, 3, 4, 5, 6, 7], [8, 9, 10, 11, 12, 13, 14, 15]]": 0.8598, "[[0, 1], [2, 3]]": 0.8356, "[[0], [1]]": 0.8377}}, {"accuracy": 0.828, "Layer1": {"[[0, 1, 2, 3, 4, 5, 6, 7], [8, 9, 10, 11, 12, 13, 14, 15]]": 0.9844, "[[0, 1], [2, 3]]": 0.9916, "[[0], [1]]": 0.9608}, "Layer2": {"[[0, 1, 2, 3, 4, 5, 6, 7], [8, 9, 10, 11, 12, 13, 14, 15]]": 0.9715, "[[0, 1], [2, 3]]": 0.9609, "[[0], [1]]": 0.9615}, "Layer3": {"[[0, 1, 2, 3, 4, 5, 6, 7], [8, 9, 10, 11, 12, 13, 14, 15]]": 0.8905, "[[0, 1], [2, 3]]": 0.8944, "[[0], [1]]": 0.8733}}, {"accuracy": 0.8466, "Layer1": {"[[0, 1, 2, 3, 4, 5, 6, 7], [8, 9, 10, 11, 12, 13, 14, 15]]": 0.9891, "[[0, 1], [2, 3]]": 0.9836, "[[0], [1]]": 0.9677}, "Layer2": {"[[0, 1, 2, 3, 4, 5, 6, 7], [8, 9, 10, 11, 12, 13, 14, 15]]": 0.9793, "[[0, 1], [2, 3]]": 0.9773, "[[0], [1]]": 0.9671}, "Layer3": {"[[0, 1, 2, 3, 4, 5, 6, 7], [8, 9, 10, 11, 12, 13, 14, 15]]": 0.9251, "[[0, 1], [2, 3]]": 0.91, "[[0], [1]]": 0.8856}}, {"accuracy": 0.8679, "Layer1": {"[[0, 1, 2, 3, 4, 5, 6, 7], [8, 9, 10, 11, 12, 13, 14, 15]]": 0.9945, "[[0, 1], [2, 3]]": 0.983, "[[0], [1]]": 0.9724}, "Layer2": {"[[0, 1, 2, 3, 4, 5, 6, 7], [8, 9, 10, 11, 12, 13, 14, 15]]": 0.9838, "[[0, 1], [2, 3]]": 0.9796, "[[0], [1]]": 0.9748}, "Layer3": {"[[0, 1, 2, 3, 4, 5, 6, 7], [8, 9, 10, 11, 12, 13, 14, 15]]": 0.9414, "[[0, 1], [2, 3]]": 0.9282, "[[0], [1]]": 0.9133}}, {"accuracy": 0.8898, "Layer1": {"[[0, 1, 2, 3, 4, 5, 6, 7], [8, 9, 10, 11, 12, 13, 14, 15]]": 0.995, "[[0, 1], [2, 3]]": 0.9741, "[[0], [1]]": 0.9809}, "Layer2": {"[[0, 1, 2, 3, 4, 5, 6, 7], [8, 9, 10, 11, 12, 13, 14, 15]]": 0.984, "[[0, 1], [2, 3]]": 0.9877, "[[0], [1]]": 0.9779}, "Layer3": {"[[0, 1, 2, 3, 4, 5, 6, 7], [8, 9, 10, 11, 12, 13, 14, 15]]": 0.9506, "[[0, 1], [2, 3]]": 0.9502, "[[0], [1]]": 0.9563}}, {"accuracy": 0.9091, "Layer1": {"[[0, 1, 2, 3, 4, 5, 6, 7], [8, 9, 10, 11, 12, 13, 14, 15]]": 0.992, "[[0, 1], [2, 3]]": 0.9946, "[[0], [1]]": 0.9745}, "Layer2": {"[[0, 1, 2, 3, 4, 5, 6, 7], [8, 9, 10, 11, 12, 13, 14, 15]]": 0.9871, "[[0, 1], [2, 3]]": 0.9856, "[[0], [1]]": 0.987}, "Layer3": {"[[0, 1, 2, 3, 4, 5, 6, 7], [8, 9, 10, 11, 12, 13, 14, 15]]": 0.9581, "[[0, 1], [2, 3]]": 0.9674, "[[0], [1]]": 0.9621}}, {"accuracy": 0.923, "Layer1": {"[[0, 1, 2, 3, 4, 5, 6, 7], [8, 9, 10, 11, 12, 13, 14, 15]]": 0.9891, "[[0, 1], [2, 3]]": 0.9955, "[[0], [1]]": 0.9822}, "Layer2": {"[[0, 1, 2, 3, 4, 5, 6, 7], [8, 9, 10, 11, 12, 13, 14, 15]]": 0.9889, "[[0, 1], [2, 3]]": 0.9881, "[[0], [1]]": 0.9859}, "Layer3": {"[[0, 1, 2, 3, 4, 5, 6, 7], [8, 9, 10, 11, 12, 13, 14, 15]]": 0.9719, "[[0, 1], [2, 3]]": 0.9711, "[[0], [1]]": 0.9697}}, {"accuracy": 0.9364, "Layer1": {"[[0, 1, 2, 3, 4, 5, 6, 7], [8, 9, 10, 11, 12, 13, 14, 15]]": 0.9956, "[[0, 1], [2, 3]]": 0.9901, "[[0], [1]]": 0.9809}, "Layer2": {"[[0, 1, 2, 3, 4, 5, 6, 7], [8, 9, 10, 11, 12, 13, 14, 15]]": 0.9906, "[[0, 1], [2, 3]]": 0.9921, "[[0], [1]]": 0.984}, "Layer3": {"[[0, 1, 2, 3, 4, 5, 6, 7], [8, 9, 10, 11, 12, 13, 14, 15]]": 0.9793, "[[0, 1], [2, 3]]": 0.9771, "[[0], [1]]": 0.9718}}, {"accuracy": 0.9475, "Layer1": {"[[0, 1, 2, 3, 4, 5, 6, 7], [8, 9, 10, 11, 12, 13, 14, 15]]": 0.9946, "[[0, 1], [2, 3]]": 0.9935, "[[0], [1]]": 0.9932}, "Layer2": {"[[0, 1, 2, 3, 4, 5, 6, 7], [8, 9, 10, 11, 12, 13, 14, 15]]": 0.9935, "[[0, 1], [2, 3]]": 0.9906, "[[0], [1]]": 0.9883}, "Layer3": {"[[0, 1, 2, 3, 4, 5, 6, 7], [8, 9, 10, 11, 12, 13, 14, 15]]": 0.9741, "[[0, 1], [2, 3]]": 0.9814, "[[0], [1]]": 0.9768}}, {"accuracy": 0.9553, "Layer1": {"[[0, 1, 2, 3, 4, 5, 6, 7], [8, 9, 10, 11, 12, 13, 14, 15]]": 0.9979, "[[0, 1], [2, 3]]": 0.9944, "[[0], [1]]": 0.9816}, "Layer2": {"[[0, 1, 2, 3, 4, 5, 6, 7], [8, 9, 10, 11, 12, 13, 14, 15]]": 0.9935, "[[0, 1], [2, 3]]": 0.9929, "[[0], [1]]": 0.9925}, "Layer3": {"[[0, 1, 2, 3, 4, 5, 6, 7], [8, 9, 10, 11, 12, 13, 14, 15]]": 0.984, "[[0, 1], [2, 3]]": 0.9834, "[[0], [1]]": 0.9534}}]]