[[{"accuracy": 0.4967, "Layer1": {"[[0, 1, 2, 3, 4, 5, 6, 7], [8, 9, 10, 11, 12, 13, 14, 15]]": 0.4949, "[[0, 1], [2, 3]]": 0.503, "[[0], [1]]": 0.5027}, "Layer2": {"[[0, 1, 2, 3, 4, 5, 6, 7], [8, 9, 10, 11, 12, 13, 14, 15]]": 0.4905, "[[0, 1], [2, 3]]": 0.4925, "[[0], [1]]": 0.494}, "Layer3": {"[[0, 1, 2, 3, 4, 5, 6, 7], [8, 9, 10, 11, 12, 13, 14, 15]]": 0.4925, "[[0, 1], [2, 3]]": 0.4925, "[[0], [1]]": 0.496}}, {"accuracy": 0.5014, "Layer1": {"[[0, 1, 2, 3, 4, 5, 6, 7], [8, 9, 10, 11, 12, 13, 14, 15]]": 0.5698, "[[0, 1], [2, 3]]": 0.5875, "[[0], [1]]": 0.5968}, "Layer2": {"[[0, 1, 2, 3, 4, 5, 6, 7], [8, 9, 10, 11, 12, 13, 14, 15]]": 0.5688, "[[0, 1], [2, 3]]": 0.5755, "[[0], [1]]": 0.5544}, "Layer3": {"[[0, 1, 2, 3, 4, 5, 6, 7], [8, 9, 10, 11, 12, 13, 14, 15]]": 0.4997, "[[0, 1], [2, 3]]": 0.4973, "[[0], [1]]": 0.5014}}, {"accuracy": 0.5715, "Layer1": {"[[0, 1, 2, 3, 4, 5, 6, 7], [8, 9, 10, 11, 12, 13, 14, 15]]": 0.7072, "[[0, 1], [2, 3]]": 0.6965, "[[0], [1]]": 0.6906}, "Layer2": {"[[0, 1, 2, 3, 4, 5, 6, 7], [8, 9, 10, 11, 12, 13, 14, 15]]": 0.6293, "[[0, 1], [2, 3]]": 0.6366, "[[0], [1]]": 0.6317}, "Layer3": {"[[0, 1, 2, 3, 4, 5, 6, 7], [8, 9, 10, 11, 12, 13, 14, 15]]": 0.5528, "[[0, 1], [2, 3]]": 0.5215, "[[0], [1]]": 0.5082}}, {"accuracy": 0.6006, "Layer1": {"[[0, 1, 2, 3, 4, 5, 6, 7], [8, 9, 10, 11, 12, 13, 14, 15]]": 0.8031, "[[0, 1], [2, 3]]": 0.7527, "[[0], [1]]": 0.7568}, "Layer2": {"[[0, 1, 2, 3, 4, 5, 6, 7], [8, 9, 10, 11, 12, 13, 14, 15]]": 0.7047, "[[0, 1], [2, 3]]": 0.6941, "[[0], [1]]": 0.6866}, "Layer3": {"[[0, 1, 2, 3, 4, 5, 6, 7], [8, 9, 10, 11, 12, 13, 14, 15]]": 0.608, "[[0, 1], [2, 3]]": 0.6056, "[[0], [1]]": 0.5882}}, {"accuracy": 0.6782, "Layer1": {"[[0, 1, 2, 3, 4, 5, 6, 7], [8, 9, 10, 11, 12, 13, 14, 15]]": 0.8664, "[[0, 1], [2, 3]]": 0.8306, "[[0], [1]]": 0.8341}, "Layer2": {"[[0, 1, 2, 3, 4, 5, 6, 7], [8, 9, 10, 11, 12, 13, 14, 15]]": 0.8003, "[[0, 1], [2, 3]]": 0.755, "[[0], [1]]": 0.7842}, "Layer3": {"[[0, 1, 2, 3, 4, 5, 6, 7], [8, 9, 10, 11, 12, 13, 14, 15]]": 0.6873, "[[0, 1], [2, 3]]": 0.634, "[[0], [1]]": 0.603}}, {"accuracy": 0.7404, "Layer1": {"[[0, 1, 2, 3, 4, 5, 6, 7], [8, 9, 10, 11, 12, 13, 14, 15]]": 0.9093, "[[0, 1], [2, 3]]": 0.9021, "[[0], [1]]": 0.8817}, "Layer2": {"[[0, 1, 2, 3, 4, 5, 6, 7], [8, 9, 10, 11, 12, 13, 14, 15]]": 0.8387, "[[0, 1], [2, 3]]": 0.8522, "[[0], [1]]": 0.8275}, "Layer3": {"[[0, 1, 2, 3, 4, 5, 6, 7], [8, 9, 10, 11, 12, 13, 14, 15]]": 0.7495, "[[0, 1], [2, 3]]": 0.7129, "[[0], [1]]": 0.6546}}, {"accuracy": 0.824, "Layer1": {"[[0, 1, 2, 3, 4, 5, 6, 7], [8, 9, 10, 11, 12, 13, 14, 15]]": 0.9568, "[[0, 1], [2, 3]]": 0.9505, "[[0], [1]]": 0.9321}, "Layer2": {"[[0, 1, 2, 3, 4, 5, 6, 7], [8, 9, 10, 11, 12, 13, 14, 15]]": 0.8928, "[[0, 1], [2, 3]]": 0.8672, "[[0], [1]]": 0.8669}, "Layer3": {"[[0, 1, 2, 3, 4, 5, 6, 7], [8, 9, 10, 11, 12, 13, 14, 15]]": 0.7944, "[[0, 1], [2, 3]]": 0.768, "[[0], [1]]": 0.7134}}, {"accuracy": 0.8986, "Layer1": {"[[0, 1, 2, 3, 4, 5, 6, 7], [8, 9, 10, 11, 12, 13, 14, 15]]": 0.9784, "[[0, 1], [2, 3]]": 0.957, "[[0], [1]]": 0.9564}, "Layer2": {"[[0, 1, 2, 3, 4, 5, 6, 7], [8, 9, 10, 11, 12, 13, 14, 15]]": 0.9397, "[[0, 1], [2, 3]]": 0.9198, "[[0], [1]]": 0.9117}, "Layer3": {"[[0, 1, 2, 3, 4, 5, 6, 7], [8, 9, 10, 11, 12, 13, 14, 15]]": 0.8491, "[[0, 1], [2, 3]]": 0.7868, "[[0], [1]]": 0.7645}}, {"accuracy": 0.9453, "Layer1": {"[[0, 1, 2, 3, 4, 5, 6, 7], [8, 9, 10, 11, 12, 13, 14, 15]]": 0.9867, "[[0, 1], [2, 3]]": 0.9751, "[[0], [1]]": 0.9509}, "Layer2": {"[[0, 1, 2, 3, 4, 5, 6, 7], [8, 9, 10, 11, 12, 13, 14, 15]]": 0.9622, "[[0, 1], [2, 3]]": 0.9434, "[[0], [1]]": 0.9256}, "Layer3": {"[[0, 1, 2, 3, 4, 5, 6, 7], [8, 9, 10, 11, 12, 13, 14, 15]]": 0.9396, "[[0, 1], [2, 3]]": 0.9142, "[[0], [1]]": 0.8984}}, {"accuracy": 0.9652, "Layer1": {"[[0, 1, 2, 3, 4, 5, 6, 7], [8, 9, 10, 11, 12, 13, 14, 15]]": 0.9883, "[[0, 1], [2, 3]]": 0.9875, "[[0], [1]]": 0.9622}, "Layer2": {"[[0, 1, 2, 3, 4, 5, 6, 7], [8, 9, 10, 11, 12, 13, 14, 15]]": 0.9829, "[[0, 1], [2, 3]]": 0.974, "[[0], [1]]": 0.9676}, "Layer3": {"[[0, 1, 2, 3, 4, 5, 6, 7], [8, 9, 10, 11, 12, 13, 14, 15]]": 0.949, "[[0, 1], [2, 3]]": 0.9191, "[[0], [1]]": 0.7102}}, {"accuracy": 0.9771, "Layer1": {"[[0, 1, 2, 3, 4, 5, 6, 7], [8, 9, 10, 11, 12, 13, 14, 15]]": 0.9947, "[[0, 1], [2, 3]]": 0.9893, "[[0], [1]]": 0.9716}, "Layer2": {"[[0, 1, 2, 3, 4, 5, 6, 7], [8, 9, 10, 11, 12, 13, 14, 15]]": 0.9877, "[[0, 1], [2, 3]]": 0.9811, "[[0], [1]]": 0.9735}, "Layer3": {"[[0, 1, 2, 3, 4, 5, 6, 7], [8, 9, 10, 11, 12, 13, 14, 15]]": 0.97, "[[0, 1], [2, 3]]": 0.8984, "[[0], [1]]": 0.931}}, {"accuracy": 0.9855, "Layer1": {"[[0, 1, 2, 3, 4, 5, 6, 7], [8, 9, 10, 11, 12, 13, 14, 15]]": 0.9962, "[[0, 1], [2, 3]]": 0.9923, "[[0], [1]]": 0.9754}, "Layer2": {"[[0, 1, 2, 3, 4, 5, 6, 7], [8, 9, 10, 11, 12, 13, 14, 15]]": 0.9911, "[[0, 1], [2, 3]]": 0.9861, "[[0], [1]]": 0.9754}, "Layer3": {"[[0, 1, 2, 3, 4, 5, 6, 7], [8, 9, 10, 11, 12, 13, 14, 15]]": 0.962, "[[0, 1], [2, 3]]": 0.9524, "[[0], [1]]": 0.8649}}, {"accuracy": 0.9918, "Layer1": {"[[0, 1, 2, 3, 4, 5, 6, 7], [8, 9, 10, 11, 12, 13, 14, 15]]": 0.9966, "[[0, 1], [2, 3]]": 0.9925, "[[0], [1]]": 0.9373}, "Layer2": {"[[0, 1, 2, 3, 4, 5, 6, 7], [8, 9, 10, 11, 12, 13, 14, 15]]": 0.9938, "[[0, 1], [2, 3]]": 0.9924, "[[0], [1]]": 0.9804}, "Layer3": {"[[0, 1, 2, 3, 4, 5, 6, 7], [8, 9, 10, 11, 12, 13, 14, 15]]": 0.9847, "[[0, 1], [2, 3]]": 0.9653, "[[0], [1]]": 0.9583}}, {"accuracy": 0.9953, "Layer1": {"[[0, 1, 2, 3, 4, 5, 6, 7], [8, 9, 10, 11, 12, 13, 14, 15]]": 0.9969, "[[0, 1], [2, 3]]": 0.9951, "[[0], [1]]": 0.9749}, "Layer2": {"[[0, 1, 2, 3, 4, 5, 6, 7], [8, 9, 10, 11, 12, 13, 14, 15]]": 0.995, "[[0, 1], [2, 3]]": 0.9938, "[[0], [1]]": 0.9803}, "Layer3": {"[[0, 1, 2, 3, 4, 5, 6, 7], [8, 9, 10, 11, 12, 13, 14, 15]]": 0.9882, "[[0, 1], [2, 3]]": 0.9734, "[[0], [1]]": 0.9643}}, {"accuracy": 0.9965, "Layer1": {"[[0, 1, 2, 3, 4, 5, 6, 7], [8, 9, 10, 11, 12, 13, 14, 15]]": 0.998, "[[0, 1], [2, 3]]": 0.9965, "[[0], [1]]": 0.9748}, "Layer2": {"[[0, 1, 2, 3, 4, 5, 6, 7], [8, 9, 10, 11, 12, 13, 14, 15]]": 0.9968, "[[0, 1], [2, 3]]": 0.9959, "[[0], [1]]": 0.9823}, "Layer3": {"[[0, 1, 2, 3, 4, 5, 6, 7], [8, 9, 10, 11, 12, 13, 14, 15]]": 0.9879, "[[0, 1], [2, 3]]": 0.9867, "[[0], [1]]": 0.9782}}, {"accuracy": 0.9971, "Layer1": {"[[0, 1, 2, 3, 4, 5, 6, 7], [8, 9, 10, 11, 12, 13, 14, 15]]": 0.9973, "[[0, 1], [2, 3]]": 0.9964, "[[0], [1]]": 0.9914}, "Layer2": {"[[0, 1, 2, 3, 4, 5, 6, 7], [8, 9, 10, 11, 12, 13, 14, 15]]": 0.9971, "[[0, 1], [2, 3]]": 0.995, "[[0], [1]]": 0.9926}, "Layer3": {"[[0, 1, 2, 3, 4, 5, 6, 7], [8, 9, 10, 11, 12, 13, 14, 15]]": 0.9912, "[[0, 1], [2, 3]]": 0.9748, "[[0], [1]]": 0.9749}}, {"accuracy": 0.9978, "Layer1": {"[[0, 1, 2, 3, 4, 5, 6, 7], [8, 9, 10, 11, 12, 13, 14, 15]]": 0.9963, "[[0, 1], [2, 3]]": 0.9944, "[[0], [1]]": 0.9909}, "Layer2": {"[[0, 1, 2, 3, 4, 5, 6, 7], [8, 9, 10, 11, 12, 13, 14, 15]]": 0.9962, "[[0, 1], [2, 3]]": 0.9951, "[[0], [1]]": 0.9903}, "Layer3": {"[[0, 1, 2, 3, 4, 5, 6, 7], [8, 9, 10, 11, 12, 13, 14, 15]]": 0.9913, "[[0, 1], [2, 3]]": 0.9837, "[[0], [1]]": 0.9781}}], [{"accuracy": 0.4831, "Layer1": {"[[0, 1, 2, 3, 4, 5, 6, 7], [8, 9, 10, 11, 12, 13, 14, 15]]": 0.5011, "[[0, 1], [2, 3]]": 0.492, "[[0], [1]]": 0.5012}, "Layer2": {"[[0, 1, 2, 3, 4, 5, 6, 7], [8, 9, 10, 11, 12, 13, 14, 15]]": 0.4958, "[[0, 1], [2, 3]]": 0.5009, "[[0], [1]]": 0.4991}, "Layer3": {"[[0, 1, 2, 3, 4, 5, 6, 7], [8, 9, 10, 11, 12, 13, 14, 15]]": 0.4884, "[[0, 1], [2, 3]]": 0.4829, "[[0], [1]]": 0.4884}}, {"accuracy": 0.4884, "Layer1": {"[[0, 1, 2, 3, 4, 5, 6, 7], [8, 9, 10, 11, 12, 13, 14, 15]]": 0.5829, "[[0, 1], [2, 3]]": 0.5456, "[[0], [1]]": 0.5599}, "Layer2": {"[[0, 1, 2, 3, 4, 5, 6, 7], [8, 9, 10, 11, 12, 13, 14, 15]]": 0.4896, "[[0, 1], [2, 3]]": 0.4971, "[[0], [1]]": 0.4858}, "Layer3": {"[[0, 1, 2, 3, 4, 5, 6, 7], [8, 9, 10, 11, 12, 13, 14, 15]]": 0.4882, "[[0, 1], [2, 3]]": 0.488, "[[0], [1]]": 0.4866}}, {"accuracy": 0.5761, "Layer1": {"[[0, 1, 2, 3, 4, 5, 6, 7], [8, 9, 10, 11, 12, 13, 14, 15]]": 0.6373, "[[0, 1], [2, 3]]": 0.6288, "[[0], [1]]": 0.6314}, "Layer2": {"[[0, 1, 2, 3, 4, 5, 6, 7], [8, 9, 10, 11, 12, 13, 14, 15]]": 0.5351, "[[0, 1], [2, 3]]": 0.5109, "[[0], [1]]": 0.5278}, "Layer3": {"[[0, 1, 2, 3, 4, 5, 6, 7], [8, 9, 10, 11, 12, 13, 14, 15]]": 0.502, "[[0, 1], [2, 3]]": 0.5051, "[[0], [1]]": 0.501}}, {"accuracy": 0.6418, "Layer1": {"[[0, 1, 2, 3, 4, 5, 6, 7], [8, 9, 10, 11, 12, 13, 14, 15]]": 0.7497, "[[0, 1], [2, 3]]": 0.7248, "[[0], [1]]": 0.7497}, "Layer2": {"[[0, 1, 2, 3, 4, 5, 6, 7], [8, 9, 10, 11, 12, 13, 14, 15]]": 0.6078, "[[0, 1], [2, 3]]": 0.6051, "[[0], [1]]": 0.5993}, "Layer3": {"[[0, 1, 2, 3, 4, 5, 6, 7], [8, 9, 10, 11, 12, 13, 14, 15]]": 0.5849, "[[0, 1], [2, 3]]": 0.5955, "[[0], [1]]": 0.5953}}, {"accuracy": 0.7053, "Layer1": {"[[0, 1, 2, 3, 4, 5, 6, 7], [8, 9, 10, 11, 12, 13, 14, 15]]": 0.8068, "[[0, 1], [2, 3]]": 0.7904, "[[0], [1]]": 0.803}, "Layer2": {"[[0, 1, 2, 3, 4, 5, 6, 7], [8, 9, 10, 11, 12, 13, 14, 15]]": 0.6785, "[[0, 1], [2, 3]]": 0.6636, "[[0], [1]]": 0.652}, "Layer3": {"[[0, 1, 2, 3, 4, 5, 6, 7], [8, 9, 10, 11, 12, 13, 14, 15]]": 0.6262, "[[0, 1], [2, 3]]": 0.6224, "[[0], [1]]": 0.6214}}, {"accuracy": 0.7698, "Layer1": {"[[0, 1, 2, 3, 4, 5, 6, 7], [8, 9, 10, 11, 12, 13, 14, 15]]": 0.8536, "[[0, 1], [2, 3]]": 0.8383, "[[0], [1]]": 0.8475}, "Layer2": {"[[0, 1, 2, 3, 4, 5, 6, 7], [8, 9, 10, 11, 12, 13, 14, 15]]": 0.7496, "[[0, 1], [2, 3]]": 0.7191, "[[0], [1]]": 0.6669}, "Layer3": {"[[0, 1, 2, 3, 4, 5, 6, 7], [8, 9, 10, 11, 12, 13, 14, 15]]": 0.619, "[[0, 1], [2, 3]]": 0.6421, "[[0], [1]]": 0.6308}}, {"accuracy": 0.8204, "Layer1": {"[[0, 1, 2, 3, 4, 5, 6, 7], [8, 9, 10, 11, 12, 13, 14, 15]]": 0.8856, "[[0, 1], [2, 3]]": 0.8462, "[[0], [1]]": 0.8504}, "Layer2": {"[[0, 1, 2, 3, 4, 5, 6, 7], [8, 9, 10, 11, 12, 13, 14, 15]]": 0.7774, "[[0, 1], [2, 3]]": 0.7171, "[[0], [1]]": 0.7158}, "Layer3": {"[[0, 1, 2, 3, 4, 5, 6, 7], [8, 9, 10, 11, 12, 13, 14, 15]]": 0.7442, "[[0, 1], [2, 3]]": 0.6654, "[[0], [1]]": 0.6507}}, {"accuracy": 0.8616, "Layer1": {"[[0, 1, 2, 3, 4, 5, 6, 7], [8, 9, 10, 11, 12, 13, 14, 15]]": 0.9026, "[[0, 1], [2, 3]]": 0.8671, "[[0], [1]]": 0.8728}, "Layer2": {"[[0, 1, 2, 3, 4, 5, 6, 7], [8, 9, 10, 11, 12, 13, 14, 15]]": 0.8388, "[[0, 1], [2, 3]]": 0.7631, "[[0], [1]]": 0.6985}, "Layer3": {"[[0, 1, 2, 3, 4, 5, 6, 7], [8, 9, 10, 11, 12, 13, 14, 15]]": 0.7451, "[[0, 1], [2, 3]]": 0.7027, "[[0], [1]]": 0.6382}}, {"accuracy": 0.8832, "Layer1": {"[[0, 1, 2, 3, 4, 5, 6, 7], [8, 9, 10, 11, 12, 13, 14, 15]]": 0.9173, "[[0, 1], [2, 3]]": 0.8925, "[[0], [1]]": 0.8728}, "Layer2": {"[[0, 1, 2, 3, 4, 5, 6, 7], [8, 9, 10, 11, 12, 13, 14, 15]]": 0.8522, "[[0, 1], [2, 3]]": 0.7924, "[[0], [1]]": 0.7084}, "Layer3": {"[[0, 1, 2, 3, 4, 5, 6, 7], [8, 9, 10, 11, 12, 13, 14, 15]]": 0.791, "[[0, 1], [2, 3]]": 0.7459, "[[0], [1]]": 0.6815}}, {"accuracy": 0.9096, "Layer1": {"[[0, 1, 2, 3, 4, 5, 6, 7], [8, 9, 10, 11, 12, 13, 14, 15]]": 0.9222, "[[0, 1], [2, 3]]": 0.899, "[[0], [1]]": 0.9005}, "Layer2": {"[[0, 1, 2, 3, 4, 5, 6, 7], [8, 9, 10, 11, 12, 13, 14, 15]]": 0.9006, "[[0, 1], [2, 3]]": 0.8523, "[[0], [1]]": 0.7433}, "Layer3": {"[[0, 1, 2, 3, 4, 5, 6, 7], [8, 9, 10, 11, 12, 13, 14, 15]]": 0.6793, "[[0, 1], [2, 3]]": 0.8118, "[[0], [1]]": 0.6843}}, {"accuracy": 0.9319, "Layer1": {"[[0, 1, 2, 3, 4, 5, 6, 7], [8, 9, 10, 11, 12, 13, 14, 15]]": 0.9416, "[[0, 1], [2, 3]]": 0.9129, "[[0], [1]]": 0.9166}, "Layer2": {"[[0, 1, 2, 3, 4, 5, 6, 7], [8, 9, 10, 11, 12, 13, 14, 15]]": 0.9144, "[[0, 1], [2, 3]]": 0.878, "[[0], [1]]": 0.7577}, "Layer3": {"[[0, 1, 2, 3, 4, 5, 6, 7], [8, 9, 10, 11, 12, 13, 14, 15]]": 0.7997, "[[0, 1], [2, 3]]": 0.8699, "[[0], [1]]": 0.6727}}, {"accuracy": 0.9538, "Layer1": {"[[0, 1, 2, 3, 4, 5, 6, 7], [8, 9, 10, 11, 12, 13, 14, 15]]": 0.962, "[[0, 1], [2, 3]]": 0.9359, "[[0], [1]]": 0.9288}, "Layer2": {"[[0, 1, 2, 3, 4, 5, 6, 7], [8, 9, 10, 11, 12, 13, 14, 15]]": 0.9408, "[[0, 1], [2, 3]]": 0.8665, "[[0], [1]]": 0.8527}, "Layer3": {"[[0, 1, 2, 3, 4, 5, 6, 7], [8, 9, 10, 11, 12, 13, 14, 15]]": 0.8867, "[[0, 1], [2, 3]]": 0.8468, "[[0], [1]]": 0.6905}}, {"accuracy": 0.9666, "Layer1": {"[[0, 1, 2, 3, 4, 5, 6, 7], [8, 9, 10, 11, 12, 13, 14, 15]]": 0.9743, "[[0, 1], [2, 3]]": 0.9508, "[[0], [1]]": 0.9424}, "Layer2": {"[[0, 1, 2, 3, 4, 5, 6, 7], [8, 9, 10, 11, 12, 13, 14, 15]]": 0.9546, "[[0, 1], [2, 3]]": 0.9197, "[[0], [1]]": 0.8627}, "Layer3": {"[[0, 1, 2, 3, 4, 5, 6, 7], [8, 9, 10, 11, 12, 13, 14, 15]]": 0.9397, "[[0, 1], [2, 3]]": 0.9414, "[[0], [1]]": 0.7401}}, {"accuracy": 0.9759, "Layer1": {"[[0, 1, 2, 3, 4, 5, 6, 7], [8, 9, 10, 11, 12, 13, 14, 15]]": 0.9777, "[[0, 1], [2, 3]]": 0.9637, "[[0], [1]]": 0.9495}, "Layer2": {"[[0, 1, 2, 3, 4, 5, 6, 7], [8, 9, 10, 11, 12, 13, 14, 15]]": 0.9688, "[[0, 1], [2, 3]]": 0.95, "[[0], [1]]": 0.9212}, "Layer3": {"[[0, 1, 2, 3, 4, 5, 6, 7], [8, 9, 10, 11, 12, 13, 14, 15]]": 0.9643, "[[0, 1], [2, 3]]": 0.9565, "[[0], [1]]": 0.768}}, {"accuracy": 0.9828, "Layer1": {"[[0, 1, 2, 3, 4, 5, 6, 7], [8, 9, 10, 11, 12, 13, 14, 15]]": 0.9804, "[[0, 1], [2, 3]]": 0.9714, "[[0], [1]]": 0.9616}, "Layer2": {"[[0, 1, 2, 3, 4, 5, 6, 7], [8, 9, 10, 11, 12, 13, 14, 15]]": 0.9808, "[[0, 1], [2, 3]]": 0.9671, "[[0], [1]]": 0.8989}, "Layer3": {"[[0, 1, 2, 3, 4, 5, 6, 7], [8, 9, 10, 11, 12, 13, 14, 15]]": 0.9819, "[[0, 1], [2, 3]]": 0.971, "[[0], [1]]": 0.959}}, {"accuracy": 0.9889, "Layer1": {"[[0, 1, 2, 3, 4, 5, 6, 7], [8, 9, 10, 11, 12, 13, 14, 15]]": 0.9898, "[[0, 1], [2, 3]]": 0.9767, "[[0], [1]]": 0.9662}, "Layer2": {"[[0, 1, 2, 3, 4, 5, 6, 7], [8, 9, 10, 11, 12, 13, 14, 15]]": 0.9876, "[[0, 1], [2, 3]]": 0.9769, "[[0], [1]]": 0.9302}, "Layer3": {"[[0, 1, 2, 3, 4, 5, 6, 7], [8, 9, 10, 11, 12, 13, 14, 15]]": 0.9865, "[[0, 1], [2, 3]]": 0.9841, "[[0], [1]]": 0.9755}}, {"accuracy": 0.9921, "Layer1": {"[[0, 1, 2, 3, 4, 5, 6, 7], [8, 9, 10, 11, 12, 13, 14, 15]]": 0.9918, "[[0, 1], [2, 3]]": 0.9814, "[[0], [1]]": 0.9714}, "Layer2": {"[[0, 1, 2, 3, 4, 5, 6, 7], [8, 9, 10, 11, 12, 13, 14, 15]]": 0.9923, "[[0, 1], [2, 3]]": 0.9835, "[[0], [1]]": 0.9304}, "Layer3": {"[[0, 1, 2, 3, 4, 5, 6, 7], [8, 9, 10, 11, 12, 13, 14, 15]]": 0.9926, "[[0, 1], [2, 3]]": 0.9918, "[[0], [1]]": 0.9786}}], [{"accuracy": 0.4986, "Layer1": {"[[0, 1, 2, 3, 4, 5, 6, 7], [8, 9, 10, 11, 12, 13, 14, 15]]": 0.4914, "[[0, 1], [2, 3]]": 0.5013, "[[0], [1]]": 0.4976}, "Layer2": {"[[0, 1, 2, 3, 4, 5, 6, 7], [8, 9, 10, 11, 12, 13, 14, 15]]": 0.4956, "[[0, 1], [2, 3]]": 0.4995, "[[0], [1]]": 0.4984}, "Layer3": {"[[0, 1, 2, 3, 4, 5, 6, 7], [8, 9, 10, 11, 12, 13, 14, 15]]": 0.4981, "[[0, 1], [2, 3]]": 0.4997, "[[0], [1]]": 0.4988}}, {"accuracy": 0.5061, "Layer1": {"[[0, 1, 2, 3, 4, 5, 6, 7], [8, 9, 10, 11, 12, 13, 14, 15]]": 0.5603, "[[0, 1], [2, 3]]": 0.58, "[[0], [1]]": 0.5662}, "Layer2": {"[[0, 1, 2, 3, 4, 5, 6, 7], [8, 9, 10, 11, 12, 13, 14, 15]]": 0.5063, "[[0, 1], [2, 3]]": 0.4943, "[[0], [1]]": 0.501}, "Layer3": {"[[0, 1, 2, 3, 4, 5, 6, 7], [8, 9, 10, 11, 12, 13, 14, 15]]": 0.4946, "[[0, 1], [2, 3]]": 0.4964, "[[0], [1]]": 0.4991}}, {"accuracy": 0.5072, "Layer1": {"[[0, 1, 2, 3, 4, 5, 6, 7], [8, 9, 10, 11, 12, 13, 14, 15]]": 0.605, "[[0, 1], [2, 3]]": 0.5917, "[[0], [1]]": 0.6176}, "Layer2": {"[[0, 1, 2, 3, 4, 5, 6, 7], [8, 9, 10, 11, 12, 13, 14, 15]]": 0.5155, "[[0, 1], [2, 3]]": 0.5306, "[[0], [1]]": 0.5196}, "Layer3": {"[[0, 1, 2, 3, 4, 5, 6, 7], [8, 9, 10, 11, 12, 13, 14, 15]]": 0.4948, "[[0, 1], [2, 3]]": 0.4947, "[[0], [1]]": 0.4936}}, {"accuracy": 0.5801, "Layer1": {"[[0, 1, 2, 3, 4, 5, 6, 7], [8, 9, 10, 11, 12, 13, 14, 15]]": 0.6674, "[[0, 1], [2, 3]]": 0.642, "[[0], [1]]": 0.6426}, "Layer2": {"[[0, 1, 2, 3, 4, 5, 6, 7], [8, 9, 10, 11, 12, 13, 14, 15]]": 0.5999, "[[0, 1], [2, 3]]": 0.5754, "[[0], [1]]": 0.5599}, "Layer3": {"[[0, 1, 2, 3, 4, 5, 6, 7], [8, 9, 10, 11, 12, 13, 14, 15]]": 0.5537, "[[0, 1], [2, 3]]": 0.5284, "[[0], [1]]": 0.5269}}, {"accuracy": 0.6565, "Layer1": {"[[0, 1, 2, 3, 4, 5, 6, 7], [8, 9, 10, 11, 12, 13, 14, 15]]": 0.7083, "[[0, 1], [2, 3]]": 0.6939, "[[0], [1]]": 0.6426}, "Layer2": {"[[0, 1, 2, 3, 4, 5, 6, 7], [8, 9, 10, 11, 12, 13, 14, 15]]": 0.596, "[[0, 1], [2, 3]]": 0.6064, "[[0], [1]]": 0.6176}, "Layer3": {"[[0, 1, 2, 3, 4, 5, 6, 7], [8, 9, 10, 11, 12, 13, 14, 15]]": 0.5984, "[[0, 1], [2, 3]]": 0.5963, "[[0], [1]]": 0.5743}}, {"accuracy": 0.6755, "Layer1": {"[[0, 1, 2, 3, 4, 5, 6, 7], [8, 9, 10, 11, 12, 13, 14, 15]]": 0.7729, "[[0, 1], [2, 3]]": 0.7316, "[[0], [1]]": 0.7436}, "Layer2": {"[[0, 1, 2, 3, 4, 5, 6, 7], [8, 9, 10, 11, 12, 13, 14, 15]]": 0.7362, "[[0, 1], [2, 3]]": 0.6865, "[[0], [1]]": 0.6493}, "Layer3": {"[[0, 1, 2, 3, 4, 5, 6, 7], [8, 9, 10, 11, 12, 13, 14, 15]]": 0.6382, "[[0, 1], [2, 3]]": 0.6291, "[[0], [1]]": 0.6047}}, {"accuracy": 0.7237, "Layer1": {"[[0, 1, 2, 3, 4, 5, 6, 7], [8, 9, 10, 11, 12, 13, 14, 15]]": 0.8596, "[[0, 1], [2, 3]]": 0.8411, "[[0], [1]]": 0.7776}, "Layer2": {"[[0, 1, 2, 3, 4, 5, 6, 7], [8, 9, 10, 11, 12, 13, 14, 15]]": 0.8111, "[[0, 1], [2, 3]]": 0.7721, "[[0], [1]]": 0.7005}, "Layer3": {"[[0, 1, 2, 3, 4, 5, 6, 7], [8, 9, 10, 11, 12, 13, 14, 15]]": 0.6828, "[[0, 1], [2, 3]]": 0.6396, "[[0], [1]]": 0.6309}}, {"accuracy": 0.7852, "Layer1": {"[[0, 1, 2, 3, 4, 5, 6, 7], [8, 9, 10, 11, 12, 13, 14, 15]]": 0.9078, "[[0, 1], [2, 3]]": 0.8561, "[[0], [1]]": 0.8947}, "Layer2": {"[[0, 1, 2, 3, 4, 5, 6, 7], [8, 9, 10, 11, 12, 13, 14, 15]]": 0.8549, "[[0, 1], [2, 3]]": 0.8118, "[[0], [1]]": 0.7807}, "Layer3": {"[[0, 1, 2, 3, 4, 5, 6, 7], [8, 9, 10, 11, 12, 13, 14, 15]]": 0.7186, "[[0, 1], [2, 3]]": 0.6701, "[[0], [1]]": 0.663}}, {"accuracy": 0.8384, "Layer1": {"[[0, 1, 2, 3, 4, 5, 6, 7], [8, 9, 10, 11, 12, 13, 14, 15]]": 0.9291, "[[0, 1], [2, 3]]": 0.9201, "[[0], [1]]": 0.9115}, "Layer2": {"[[0, 1, 2, 3, 4, 5, 6, 7], [8, 9, 10, 11, 12, 13, 14, 15]]": 0.9019, "[[0, 1], [2, 3]]": 0.8457, "[[0], [1]]": 0.8213}, "Layer3": {"[[0, 1, 2, 3, 4, 5, 6, 7], [8, 9, 10, 11, 12, 13, 14, 15]]": 0.818, "[[0, 1], [2, 3]]": 0.722, "[[0], [1]]": 0.6997}}, {"accuracy": 0.8784, "Layer1": {"[[0, 1, 2, 3, 4, 5, 6, 7], [8, 9, 10, 11, 12, 13, 14, 15]]": 0.9523, "[[0, 1], [2, 3]]": 0.9485, "[[0], [1]]": 0.9519}, "Layer2": {"[[0, 1, 2, 3, 4, 5, 6, 7], [8, 9, 10, 11, 12, 13, 14, 15]]": 0.9174, "[[0, 1], [2, 3]]": 0.8654, "[[0], [1]]": 0.8557}, "Layer3": {"[[0, 1, 2, 3, 4, 5, 6, 7], [8, 9, 10, 11, 12, 13, 14, 15]]": 0.857, "[[0, 1], [2, 3]]": 0.7762, "[[0], [1]]": 0.713}}, {"accuracy": 0.9015, "Layer1": {"[[0, 1, 2, 3, 4, 5, 6, 7], [8, 9, 10, 11, 12, 13, 14, 15]]": 0.9545, "[[0, 1], [2, 3]]": 0.9636, "[[0], [1]]": 0.9575}, "Layer2": {"[[0, 1, 2, 3, 4, 5, 6, 7], [8, 9, 10, 11, 12, 13, 14, 15]]": 0.9223, "[[0, 1], [2, 3]]": 0.8837, "[[0], [1]]": 0.875}, "Layer3": {"[[0, 1, 2, 3, 4, 5, 6, 7], [8, 9, 10, 11, 12, 13, 14, 15]]": 0.8702, "[[0, 1], [2, 3]]": 0.8037, "[[0], [1]]": 0.7145}}, {"accuracy": 0.9196, "Layer1": {"[[0, 1, 2, 3, 4, 5, 6, 7], [8, 9, 10, 11, 12, 13, 14, 15]]": 0.9467, "[[0, 1], [2, 3]]": 0.9672, "[[0], [1]]": 0.9609}, "Layer2": {"[[0, 1, 2, 3, 4, 5, 6, 7], [8, 9, 10, 11, 12, 13, 14, 15]]": 0.9324, "[[0, 1], [2, 3]]": 0.887, "[[0], [1]]": 0.8826}, "Layer3": {"[[0, 1, 2, 3, 4, 5, 6, 7], [8, 9, 10, 11, 12, 13, 14, 15]]": 0.8932, "[[0, 1], [2, 3]]": 0.8286, "[[0], [1]]": 0.8192}}, {"accuracy": 0.9357, "Layer1": {"[[0, 1, 2, 3, 4, 5, 6, 7], [8, 9, 10, 11, 12, 13, 14, 15]]": 0.9645, "[[0, 1], [2, 3]]": 0.9705, "[[0], [1]]": 0.9637}, "Layer2": {"[[0, 1, 2, 3, 4, 5, 6, 7], [8, 9, 10, 11, 12, 13, 14, 15]]": 0.948, "[[0, 1], [2, 3]]": 0.8959, "[[0], [1]]": 0.8899}, "Layer3": {"[[0, 1, 2, 3, 4, 5, 6, 7], [8, 9, 10, 11, 12, 13, 14, 15]]": 0.8948, "[[0, 1], [2, 3]]": 0.8625, "[[0], [1]]": 0.8399}}, {"accuracy": 0.9495, "Layer1": {"[[0, 1, 2, 3, 4, 5, 6, 7], [8, 9, 10, 11, 12, 13, 14, 15]]": 0.9782, "[[0, 1], [2, 3]]": 0.9621, "[[0], [1]]": 0.9626}, "Layer2": {"[[0, 1, 2, 3, 4, 5, 6, 7], [8, 9, 10, 11, 12, 13, 14, 15]]": 0.9569, "[[0, 1], [2, 3]]": 0.9107, "[[0], [1]]": 0.9153}, "Layer3": {"[[0, 1, 2, 3, 4, 5, 6, 7], [8, 9, 10, 11, 12, 13, 14, 15]]": 0.9368, "[[0, 1], [2, 3]]": 0.908, "[[0], [1]]": 0.8873}}, {"accuracy": 0.9606, "Layer1": {"[[0, 1, 2, 3, 4, 5, 6, 7], [8, 9, 10, 11, 12, 13, 14, 15]]": 0.9815, "[[0, 1], [2, 3]]": 0.9734, "[[0], [1]]": 0.9814}, "Layer2": {"[[0, 1, 2, 3, 4, 5, 6, 7], [8, 9, 10, 11, 12, 13, 14, 15]]": 0.969, "[[0, 1], [2, 3]]": 0.9284, "[[0], [1]]": 0.9291}, "Layer3": {"[[0, 1, 2, 3, 4, 5, 6, 7], [8, 9, 10, 11, 12, 13, 14, 15]]": 0.9502, "[[0, 1], [2, 3]]": 0.931, "[[0], [1]]": 0.9337}}, {"accuracy": 0.969, "Layer1": {"[[0, 1, 2, 3, 4, 5, 6, 7], [8, 9, 10, 11, 12, 13, 14, 15]]": 0.9852, "[[0, 1], [2, 3]]": 0.9806, "[[0], [1]]": 0.9787}, "Layer2": {"[[0, 1, 2, 3, 4, 5, 6, 7], [8, 9, 10, 11, 12, 13, 14, 15]]": 0.9765, "[[0, 1], [2, 3]]": 0.9487, "[[0], [1]]": 0.9465}, "Layer3": {"[[0, 1, 2, 3, 4, 5, 6, 7], [8, 9, 10, 11, 12, 13, 14, 15]]": 0.97, "[[0, 1], [2, 3]]": 0.9651, "[[0], [1]]": 0.9569}}, {"accuracy": 0.9763, "Layer1": {"[[0, 1, 2, 3, 4, 5, 6, 7], [8, 9, 10, 11, 12, 13, 14, 15]]": 0.9858, "[[0, 1], [2, 3]]": 0.9841, "[[0], [1]]": 0.9848}, "Layer2": {"[[0, 1, 2, 3, 4, 5, 6, 7], [8, 9, 10, 11, 12, 13, 14, 15]]": 0.9827, "[[0, 1], [2, 3]]": 0.9571, "[[0], [1]]": 0.963}, "Layer3": {"[[0, 1, 2, 3, 4, 5, 6, 7], [8, 9, 10, 11, 12, 13, 14, 15]]": 0.9775, "[[0, 1], [2, 3]]": 0.9731, "[[0], [1]]": 0.9673}}], [{"accuracy": 0.498, "Layer1": {"[[0, 1, 2, 3, 4, 5, 6, 7], [8, 9, 10, 11, 12, 13, 14, 15]]": 0.4897, "[[0, 1], [2, 3]]": 0.4918, "[[0], [1]]": 0.494}, "Layer2": {"[[0, 1, 2, 3, 4, 5, 6, 7], [8, 9, 10, 11, 12, 13, 14, 15]]": 0.4959, "[[0, 1], [2, 3]]": 0.494, "[[0], [1]]": 0.494}, "Layer3": {"[[0, 1, 2, 3, 4, 5, 6, 7], [8, 9, 10, 11, 12, 13, 14, 15]]": 0.4966, "[[0, 1], [2, 3]]": 0.4899, "[[0], [1]]": 0.494}}, {"accuracy": 0.5132, "Layer1": {"[[0, 1, 2, 3, 4, 5, 6, 7], [8, 9, 10, 11, 12, 13, 14, 15]]": 0.6382, "[[0, 1], [2, 3]]": 0.63, "[[0], [1]]": 0.6216}, "Layer2": {"[[0, 1, 2, 3, 4, 5, 6, 7], [8, 9, 10, 11, 12, 13, 14, 15]]": 0.5402, "[[0, 1], [2, 3]]": 0.5385, "[[0], [1]]": 0.5512}, "Layer3": {"[[0, 1, 2, 3, 4, 5, 6, 7], [8, 9, 10, 11, 12, 13, 14, 15]]": 0.5006, "[[0, 1], [2, 3]]": 0.5008, "[[0], [1]]": 0.5014}}, {"accuracy": 0.6079, "Layer1": {"[[0, 1, 2, 3, 4, 5, 6, 7], [8, 9, 10, 11, 12, 13, 14, 15]]": 0.7068, "[[0, 1], [2, 3]]": 0.6583, "[[0], [1]]": 0.713}, "Layer2": {"[[0, 1, 2, 3, 4, 5, 6, 7], [8, 9, 10, 11, 12, 13, 14, 15]]": 0.5849, "[[0, 1], [2, 3]]": 0.6145, "[[0], [1]]": 0.5887}, "Layer3": {"[[0, 1, 2, 3, 4, 5, 6, 7], [8, 9, 10, 11, 12, 13, 14, 15]]": 0.5097, "[[0, 1], [2, 3]]": 0.5266, "[[0], [1]]": 0.5143}}, {"accuracy": 0.6449, "Layer1": {"[[0, 1, 2, 3, 4, 5, 6, 7], [8, 9, 10, 11, 12, 13, 14, 15]]": 0.7887, "[[0, 1], [2, 3]]": 0.7432, "[[0], [1]]": 0.7427}, "Layer2": {"[[0, 1, 2, 3, 4, 5, 6, 7], [8, 9, 10, 11, 12, 13, 14, 15]]": 0.6484, "[[0, 1], [2, 3]]": 0.6162, "[[0], [1]]": 0.6296}, "Layer3": {"[[0, 1, 2, 3, 4, 5, 6, 7], [8, 9, 10, 11, 12, 13, 14, 15]]": 0.6142, "[[0, 1], [2, 3]]": 0.609, "[[0], [1]]": 0.5961}}, {"accuracy": 0.7062, "Layer1": {"[[0, 1, 2, 3, 4, 5, 6, 7], [8, 9, 10, 11, 12, 13, 14, 15]]": 0.8031, "[[0, 1], [2, 3]]": 0.7475, "[[0], [1]]": 0.7753}, "Layer2": {"[[0, 1, 2, 3, 4, 5, 6, 7], [8, 9, 10, 11, 12, 13, 14, 15]]": 0.68, "[[0, 1], [2, 3]]": 0.6349, "[[0], [1]]": 0.6577}, "Layer3": {"[[0, 1, 2, 3, 4, 5, 6, 7], [8, 9, 10, 11, 12, 13, 14, 15]]": 0.6319, "[[0, 1], [2, 3]]": 0.6333, "[[0], [1]]": 0.6299}}, {"accuracy": 0.7604, "Layer1": {"[[0, 1, 2, 3, 4, 5, 6, 7], [8, 9, 10, 11, 12, 13, 14, 15]]": 0.8544, "[[0, 1], [2, 3]]": 0.7996, "[[0], [1]]": 0.7862}, "Layer2": {"[[0, 1, 2, 3, 4, 5, 6, 7], [8, 9, 10, 11, 12, 13, 14, 15]]": 0.6877, "[[0, 1], [2, 3]]": 0.6521, "[[0], [1]]": 0.6128}, "Layer3": {"[[0, 1, 2, 3, 4, 5, 6, 7], [8, 9, 10, 11, 12, 13, 14, 15]]": 0.6379, "[[0, 1], [2, 3]]": 0.6397, "[[0], [1]]": 0.6251}}, {"accuracy": 0.8058, "Layer1": {"[[0, 1, 2, 3, 4, 5, 6, 7], [8, 9, 10, 11, 12, 13, 14, 15]]": 0.8865, "[[0, 1], [2, 3]]": 0.8209, "[[0], [1]]": 0.8171}, "Layer2": {"[[0, 1, 2, 3, 4, 5, 6, 7], [8, 9, 10, 11, 12, 13, 14, 15]]": 0.6877, "[[0, 1], [2, 3]]": 0.6476, "[[0], [1]]": 0.6324}, "Layer3": {"[[0, 1, 2, 3, 4, 5, 6, 7], [8, 9, 10, 11, 12, 13, 14, 15]]": 0.6871, "[[0, 1], [2, 3]]": 0.6669, "[[0], [1]]": 0.6488}}, {"accuracy": 0.84, "Layer1": {"[[0, 1, 2, 3, 4, 5, 6, 7], [8, 9, 10, 11, 12, 13, 14, 15]]": 0.9074, "[[0, 1], [2, 3]]": 0.8729, "[[0], [1]]": 0.8191}, "Layer2": {"[[0, 1, 2, 3, 4, 5, 6, 7], [8, 9, 10, 11, 12, 13, 14, 15]]": 0.7605, "[[0, 1], [2, 3]]": 0.6643, "[[0], [1]]": 0.6559}, "Layer3": {"[[0, 1, 2, 3, 4, 5, 6, 7], [8, 9, 10, 11, 12, 13, 14, 15]]": 0.7358, "[[0, 1], [2, 3]]": 0.711, "[[0], [1]]": 0.6582}}, {"accuracy": 0.8612, "Layer1": {"[[0, 1, 2, 3, 4, 5, 6, 7], [8, 9, 10, 11, 12, 13, 14, 15]]": 0.9291, "[[0, 1], [2, 3]]": 0.9215, "[[0], [1]]": 0.8687}, "Layer2": {"[[0, 1, 2, 3, 4, 5, 6, 7], [8, 9, 10, 11, 12, 13, 14, 15]]": 0.8204, "[[0, 1], [2, 3]]": 0.7171, "[[0], [1]]": 0.7573}, "Layer3": {"[[0, 1, 2, 3, 4, 5, 6, 7], [8, 9, 10, 11, 12, 13, 14, 15]]": 0.7784, "[[0, 1], [2, 3]]": 0.7724, "[[0], [1]]": 0.7504}}, {"accuracy": 0.8791, "Layer1": {"[[0, 1, 2, 3, 4, 5, 6, 7], [8, 9, 10, 11, 12, 13, 14, 15]]": 0.9417, "[[0, 1], [2, 3]]": 0.937, "[[0], [1]]": 0.9143}, "Layer2": {"[[0, 1, 2, 3, 4, 5, 6, 7], [8, 9, 10, 11, 12, 13, 14, 15]]": 0.8572, "[[0, 1], [2, 3]]": 0.8071, "[[0], [1]]": 0.7856}, "Layer3": {"[[0, 1, 2, 3, 4, 5, 6, 7], [8, 9, 10, 11, 12, 13, 14, 15]]": 0.8232, "[[0, 1], [2, 3]]": 0.8352, "[[0], [1]]": 0.8126}}, {"accuracy": 0.9032, "Layer1": {"[[0, 1, 2, 3, 4, 5, 6, 7], [8, 9, 10, 11, 12, 13, 14, 15]]": 0.9541, "[[0, 1], [2, 3]]": 0.9505, "[[0], [1]]": 0.9388}, "Layer2": {"[[0, 1, 2, 3, 4, 5, 6, 7], [8, 9, 10, 11, 12, 13, 14, 15]]": 0.9021, "[[0, 1], [2, 3]]": 0.8485, "[[0], [1]]": 0.836}, "Layer3": {"[[0, 1, 2, 3, 4, 5, 6, 7], [8, 9, 10, 11, 12, 13, 14, 15]]": 0.8893, "[[0, 1], [2, 3]]": 0.8706, "[[0], [1]]": 0.8897}}, {"accuracy": 0.9234, "Layer1": {"[[0, 1, 2, 3, 4, 5, 6, 7], [8, 9, 10, 11, 12, 13, 14, 15]]": 0.977, "[[0, 1], [2, 3]]": 0.9681, "[[0], [1]]": 0.9402}, "Layer2": {"[[0, 1, 2, 3, 4, 5, 6, 7], [8, 9, 10, 11, 12, 13, 14, 15]]": 0.9393, "[[0, 1], [2, 3]]": 0.885, "[[0], [1]]": 0.8854}, "Layer3": {"[[0, 1, 2, 3, 4, 5, 6, 7], [8, 9, 10, 11, 12, 13, 14, 15]]": 0.9202, "[[0, 1], [2, 3]]": 0.9143, "[[0], [1]]": 0.9114}}, {"accuracy": 0.9409, "Layer1": {"[[0, 1, 2, 3, 4, 5, 6, 7], [8, 9, 10, 11, 12, 13, 14, 15]]": 0.9714, "[[0, 1], [2, 3]]": 0.9791, "[[0], [1]]": 0.9737}, "Layer2": {"[[0, 1, 2, 3, 4, 5, 6, 7], [8, 9, 10, 11, 12, 13, 14, 15]]": 0.9608, "[[0, 1], [2, 3]]": 0.9034, "[[0], [1]]": 0.9189}, "Layer3": {"[[0, 1, 2, 3, 4, 5, 6, 7], [8, 9, 10, 11, 12, 13, 14, 15]]": 0.9396, "[[0, 1], [2, 3]]": 0.9377, "[[0], [1]]": 0.9558}}, {"accuracy": 0.9608, "Layer1": {"[[0, 1, 2, 3, 4, 5, 6, 7], [8, 9, 10, 11, 12, 13, 14, 15]]": 0.9852, "[[0, 1], [2, 3]]": 0.9815, "[[0], [1]]": 0.9561}, "Layer2": {"[[0, 1, 2, 3, 4, 5, 6, 7], [8, 9, 10, 11, 12, 13, 14, 15]]": 0.9806, "[[0, 1], [2, 3]]": 0.9704, "[[0], [1]]": 0.9696}, "Layer3": {"[[0, 1, 2, 3, 4, 5, 6, 7], [8, 9, 10, 11, 12, 13, 14, 15]]": 0.9745, "[[0, 1], [2, 3]]": 0.972, "[[0], [1]]": 0.9543}}, {"accuracy": 0.977, "Layer1": {"[[0, 1, 2, 3, 4, 5, 6, 7], [8, 9, 10, 11, 12, 13, 14, 15]]": 0.9879, "[[0, 1], [2, 3]]": 0.9897, "[[0], [1]]": 0.9836}, "Layer2": {"[[0, 1, 2, 3, 4, 5, 6, 7], [8, 9, 10, 11, 12, 13, 14, 15]]": 0.989, "[[0, 1], [2, 3]]": 0.9844, "[[0], [1]]": 0.9845}, "Layer3": {"[[0, 1, 2, 3, 4, 5, 6, 7], [8, 9, 10, 11, 12, 13, 14, 15]]": 0.9857, "[[0, 1], [2, 3]]": 0.985, "[[0], [1]]": 0.9835}}, {"accuracy": 0.9853, "Layer1": {"[[0, 1, 2, 3, 4, 5, 6, 7], [8, 9, 10, 11, 12, 13, 14, 15]]": 0.9919, "[[0, 1], [2, 3]]": 0.9913, "[[0], [1]]": 0.9837}, "Layer2": {"[[0, 1, 2, 3, 4, 5, 6, 7], [8, 9, 10, 11, 12, 13, 14, 15]]": 0.9924, "[[0, 1], [2, 3]]": 0.9902, "[[0], [1]]": 0.9883}, "Layer3": {"[[0, 1, 2, 3, 4, 5, 6, 7], [8, 9, 10, 11, 12, 13, 14, 15]]": 0.9911, "[[0, 1], [2, 3]]": 0.9902, "[[0], [1]]": 0.9897}}, {"accuracy": 0.9883, "Layer1": {"[[0, 1, 2, 3, 4, 5, 6, 7], [8, 9, 10, 11, 12, 13, 14, 15]]": 0.9887, "[[0, 1], [2, 3]]": 0.994, "[[0], [1]]": 0.9878}, "Layer2": {"[[0, 1, 2, 3, 4, 5, 6, 7], [8, 9, 10, 11, 12, 13, 14, 15]]": 0.9941, "[[0, 1], [2, 3]]": 0.9907, "[[0], [1]]": 0.9921}, "Layer3": {"[[0, 1, 2, 3, 4, 5, 6, 7], [8, 9, 10, 11, 12, 13, 14, 15]]": 0.995, "[[0, 1], [2, 3]]": 0.9931, "[[0], [1]]": 0.9857}}], [{"accuracy": 0.5005, "Layer1": {"[[0, 1, 2, 3, 4, 5, 6, 7], [8, 9, 10, 11, 12, 13, 14, 15]]": 0.4952, "[[0, 1], [2, 3]]": 0.4963, "[[0], [1]]": 0.4993}, "Layer2": {"[[0, 1, 2, 3, 4, 5, 6, 7], [8, 9, 10, 11, 12, 13, 14, 15]]": 0.5052, "[[0, 1], [2, 3]]": 0.4939, "[[0], [1]]": 0.5027}, "Layer3": {"[[0, 1, 2, 3, 4, 5, 6, 7], [8, 9, 10, 11, 12, 13, 14, 15]]": 0.4964, "[[0, 1], [2, 3]]": 0.4968, "[[0], [1]]": 0.5081}}, {"accuracy": 0.5047, "Layer1": {"[[0, 1, 2, 3, 4, 5, 6, 7], [8, 9, 10, 11, 12, 13, 14, 15]]": 0.5601, "[[0, 1], [2, 3]]": 0.5079, "[[0], [1]]": 0.5712}, "Layer2": {"[[0, 1, 2, 3, 4, 5, 6, 7], [8, 9, 10, 11, 12, 13, 14, 15]]": 0.5124, "[[0, 1], [2, 3]]": 0.5118, "[[0], [1]]": 0.5095}, "Layer3": {"[[0, 1, 2, 3, 4, 5, 6, 7], [8, 9, 10, 11, 12, 13, 14, 15]]": 0.507, "[[0, 1], [2, 3]]": 0.5087, "[[0], [1]]": 0.5115}}, {"accuracy": 0.5076, "Layer1": {"[[0, 1, 2, 3, 4, 5, 6, 7], [8, 9, 10, 11, 12, 13, 14, 15]]": 0.6074, "[[0, 1], [2, 3]]": 0.6282, "[[0], [1]]": 0.6111}, "Layer2": {"[[0, 1, 2, 3, 4, 5, 6, 7], [8, 9, 10, 11, 12, 13, 14, 15]]": 0.5657, "[[0, 1], [2, 3]]": 0.5303, "[[0], [1]]": 0.5333}, "Layer3": {"[[0, 1, 2, 3, 4, 5, 6, 7], [8, 9, 10, 11, 12, 13, 14, 15]]": 0.5022, "[[0, 1], [2, 3]]": 0.5244, "[[0], [1]]": 0.5102}}, {"accuracy": 0.59, "Layer1": {"[[0, 1, 2, 3, 4, 5, 6, 7], [8, 9, 10, 11, 12, 13, 14, 15]]": 0.6933, "[[0, 1], [2, 3]]": 0.6632, "[[0], [1]]": 0.6517}, "Layer2": {"[[0, 1, 2, 3, 4, 5, 6, 7], [8, 9, 10, 11, 12, 13, 14, 15]]": 0.6432, "[[0, 1], [2, 3]]": 0.6591, "[[0], [1]]": 0.6468}, "Layer3": {"[[0, 1, 2, 3, 4, 5, 6, 7], [8, 9, 10, 11, 12, 13, 14, 15]]": 0.6116, "[[0, 1], [2, 3]]": 0.6156, "[[0], [1]]": 0.6088}}, {"accuracy": 0.6794, "Layer1": {"[[0, 1, 2, 3, 4, 5, 6, 7], [8, 9, 10, 11, 12, 13, 14, 15]]": 0.806, "[[0, 1], [2, 3]]": 0.8055, "[[0], [1]]": 0.768}, "Layer2": {"[[0, 1, 2, 3, 4, 5, 6, 7], [8, 9, 10, 11, 12, 13, 14, 15]]": 0.7642, "[[0, 1], [2, 3]]": 0.7247, "[[0], [1]]": 0.7236}, "Layer3": {"[[0, 1, 2, 3, 4, 5, 6, 7], [8, 9, 10, 11, 12, 13, 14, 15]]": 0.6686, "[[0, 1], [2, 3]]": 0.6444, "[[0], [1]]": 0.6489}}, {"accuracy": 0.7279, "Layer1": {"[[0, 1, 2, 3, 4, 5, 6, 7], [8, 9, 10, 11, 12, 13, 14, 15]]": 0.8976, "[[0, 1], [2, 3]]": 0.8108, "[[0], [1]]": 0.84}, "Layer2": {"[[0, 1, 2, 3, 4, 5, 6, 7], [8, 9, 10, 11, 12, 13, 14, 15]]": 0.8023, "[[0, 1], [2, 3]]": 0.7419, "[[0], [1]]": 0.6674}, "Layer3": {"[[0, 1, 2, 3, 4, 5, 6, 7], [8, 9, 10, 11, 12, 13, 14, 15]]": 0.705, "[[0, 1], [2, 3]]": 0.6277, "[[0], [1]]": 0.6327}}, {"accuracy": 0.7889, "Layer1": {"[[0, 1, 2, 3, 4, 5, 6, 7], [8, 9, 10, 11, 12, 13, 14, 15]]": 0.8965, "[[0, 1], [2, 3]]": 0.8562, "[[0], [1]]": 0.8803}, "Layer2": {"[[0, 1, 2, 3, 4, 5, 6, 7], [8, 9, 10, 11, 12, 13, 14, 15]]": 0.8321, "[[0, 1], [2, 3]]": 0.7363, "[[0], [1]]": 0.6978}, "Layer3": {"[[0, 1, 2, 3, 4, 5, 6, 7], [8, 9, 10, 11, 12, 13, 14, 15]]": 0.6331, "[[0, 1], [2, 3]]": 0.6284, "[[0], [1]]": 0.6289}}, {"accuracy": 0.8119, "Layer1": {"[[0, 1, 2, 3, 4, 5, 6, 7], [8, 9, 10, 11, 12, 13, 14, 15]]": 0.9277, "[[0, 1], [2, 3]]": 0.8817, "[[0], [1]]": 0.8606}, "Layer2": {"[[0, 1, 2, 3, 4, 5, 6, 7], [8, 9, 10, 11, 12, 13, 14, 15]]": 0.8631, "[[0, 1], [2, 3]]": 0.796, "[[0], [1]]": 0.6904}, "Layer3": {"[[0, 1, 2, 3, 4, 5, 6, 7], [8, 9, 10, 11, 12, 13, 14, 15]]": 0.6557, "[[0, 1], [2, 3]]": 0.6362, "[[0], [1]]": 0.643}}, {"accuracy": 0.8355, "Layer1": {"[[0, 1, 2, 3, 4, 5, 6, 7], [8, 9, 10, 11, 12, 13, 14, 15]]": 0.9286, "[[0, 1], [2, 3]]": 0.9076, "[[0], [1]]": 0.8568}, "Layer2": {"[[0, 1, 2, 3, 4, 5, 6, 7], [8, 9, 10, 11, 12, 13, 14, 15]]": 0.8945, "[[0, 1], [2, 3]]": 0.8345, "[[0], [1]]": 0.8544}, "Layer3": {"[[0, 1, 2, 3, 4, 5, 6, 7], [8, 9, 10, 11, 12, 13, 14, 15]]": 0.7752, "[[0, 1], [2, 3]]": 0.6397, "[[0], [1]]": 0.6467}}, {"accuracy": 0.8598, "Layer1": {"[[0, 1, 2, 3, 4, 5, 6, 7], [8, 9, 10, 11, 12, 13, 14, 15]]": 0.9428, "[[0, 1], [2, 3]]": 0.9195, "[[0], [1]]": 0.8886}, "Layer2": {"[[0, 1, 2, 3, 4, 5, 6, 7], [8, 9, 10, 11, 12, 13, 14, 15]]": 0.8998, "[[0, 1], [2, 3]]": 0.7499, "[[0], [1]]": 0.8653}, "Layer3": {"[[0, 1, 2, 3, 4, 5, 6, 7], [8, 9, 10, 11, 12, 13, 14, 15]]": 0.7694, "[[0, 1], [2, 3]]": 0.6852, "[[0], [1]]": 0.6943}}, {"accuracy": 0.8804, "Layer1": {"[[0, 1, 2, 3, 4, 5, 6, 7], [8, 9, 10, 11, 12, 13, 14, 15]]": 0.9628, "[[0, 1], [2, 3]]": 0.9173, "[[0], [1]]": 0.8658}, "Layer2": {"[[0, 1, 2, 3, 4, 5, 6, 7], [8, 9, 10, 11, 12, 13, 14, 15]]": 0.9079, "[[0, 1], [2, 3]]": 0.8985, "[[0], [1]]": 0.6983}, "Layer3": {"[[0, 1, 2, 3, 4, 5, 6, 7], [8, 9, 10, 11, 12, 13, 14, 15]]": 0.6871, "[[0, 1], [2, 3]]": 0.6814, "[[0], [1]]": 0.6769}}, {"accuracy": 0.8954, "Layer1": {"[[0, 1, 2, 3, 4, 5, 6, 7], [8, 9, 10, 11, 12, 13, 14, 15]]": 0.9624, "[[0, 1], [2, 3]]": 0.9294, "[[0], [1]]": 0.8811}, "Layer2": {"[[0, 1, 2, 3, 4, 5, 6, 7], [8, 9, 10, 11, 12, 13, 14, 15]]": 0.9167, "[[0, 1], [2, 3]]": 0.9021, "[[0], [1]]": 0.7007}, "Layer3": {"[[0, 1, 2, 3, 4, 5, 6, 7], [8, 9, 10, 11, 12, 13, 14, 15]]": 0.7957, "[[0, 1], [2, 3]]": 0.698, "[[0], [1]]": 0.7006}}, {"accuracy": 0.9082, "Layer1": {"[[0, 1, 2, 3, 4, 5, 6, 7], [8, 9, 10, 11, 12, 13, 14, 15]]": 0.956, "[[0, 1], [2, 3]]": 0.9404, "[[0], [1]]": 0.8864}, "Layer2": {"[[0, 1, 2, 3, 4, 5, 6, 7], [8, 9, 10, 11, 12, 13, 14, 15]]": 0.9172, "[[0, 1], [2, 3]]": 0.8725, "[[0], [1]]": 0.7132}, "Layer3": {"[[0, 1, 2, 3, 4, 5, 6, 7], [8, 9, 10, 11, 12, 13, 14, 15]]": 0.7511, "[[0, 1], [2, 3]]": 0.6999, "[[0], [1]]": 0.6719}}, {"accuracy": 0.9193, "Layer1": {"[[0, 1, 2, 3, 4, 5, 6, 7], [8, 9, 10, 11, 12, 13, 14, 15]]": 0.9725, "[[0, 1], [2, 3]]": 0.9259, "[[0], [1]]": 0.8941}, "Layer2": {"[[0, 1, 2, 3, 4, 5, 6, 7], [8, 9, 10, 11, 12, 13, 14, 15]]": 0.9421, "[[0, 1], [2, 3]]": 0.9174, "[[0], [1]]": 0.7947}, "Layer3": {"[[0, 1, 2, 3, 4, 5, 6, 7], [8, 9, 10, 11, 12, 13, 14, 15]]": 0.8187, "[[0, 1], [2, 3]]": 0.7869, "[[0], [1]]": 0.6814}}, {"accuracy": 0.9312, "Layer1": {"[[0, 1, 2, 3, 4, 5, 6, 7], [8, 9, 10, 11, 12, 13, 14, 15]]": 0.9674, "[[0, 1], [2, 3]]": 0.9243, "[[0], [1]]": 0.8951}, "Layer2": {"[[0, 1, 2, 3, 4, 5, 6, 7], [8, 9, 10, 11, 12, 13, 14, 15]]": 0.9525, "[[0, 1], [2, 3]]": 0.8831, "[[0], [1]]": 0.7099}, "Layer3": {"[[0, 1, 2, 3, 4, 5, 6, 7], [8, 9, 10, 11, 12, 13, 14, 15]]": 0.8547, "[[0, 1], [2, 3]]": 0.7021, "[[0], [1]]": 0.6959}}, {"accuracy": 0.9407, "Layer1": {"[[0, 1, 2, 3, 4, 5, 6, 7], [8, 9, 10, 11, 12, 13, 14, 15]]": 0.9781, "[[0, 1], [2, 3]]": 0.948, "[[0], [1]]": 0.9368}, "Layer2": {"[[0, 1, 2, 3, 4, 5, 6, 7], [8, 9, 10, 11, 12, 13, 14, 15]]": 0.9609, "[[0, 1], [2, 3]]": 0.921, "[[0], [1]]": 0.9028}, "Layer3": {"[[0, 1, 2, 3, 4, 5, 6, 7], [8, 9, 10, 11, 12, 13, 14, 15]]": 0.8937, "[[0, 1], [2, 3]]": 0.748, "[[0], [1]]": 0.7061}}, {"accuracy": 0.9487, "Layer1": {"[[0, 1, 2, 3, 4, 5, 6, 7], [8, 9, 10, 11, 12, 13, 14, 15]]": 0.9764, "[[0, 1], [2, 3]]": 0.9561, "[[0], [1]]": 0.9091}, "Layer2": {"[[0, 1, 2, 3, 4, 5, 6, 7], [8, 9, 10, 11, 12, 13, 14, 15]]": 0.9699, "[[0, 1], [2, 3]]": 0.9273, "[[0], [1]]": 0.7484}, "Layer3": {"[[0, 1, 2, 3, 4, 5, 6, 7], [8, 9, 10, 11, 12, 13, 14, 15]]": 0.8549, "[[0, 1], [2, 3]]": 0.8355, "[[0], [1]]": 0.7454}}]]