[{"accuracy": 0.9999, "9": {"Layer1": {"[[0, 1, 2, 3, 4, 5, 6, 7]]": 0.4991, "[[0, 1]]": 0.5089, "[[0]]": 0.5101}, "Layer2": {"[[0, 1, 2, 3, 4, 5, 6, 7]]": 0.501, "[[0, 1]]": 0.4977, "[[0]]": 0.4964}, "Layer3": {"[[0, 1, 2, 3, 4, 5, 6, 7]]": 0.5012, "[[0, 1]]": 0.4957, "[[0]]": 0.5029}}, "10": {"Layer1": {"[[0, 1, 2, 3, 4, 5, 6, 7]]": 0.5048, "[[0, 1]]": 0.499, "[[0]]": 0.5029}, "Layer2": {"[[0, 1, 2, 3, 4, 5, 6, 7]]": 0.508, "[[0, 1]]": 0.4968, "[[0]]": 0.4894}, "Layer3": {"[[0, 1, 2, 3, 4, 5, 6, 7]]": 0.4956, "[[0, 1]]": 0.4956, "[[0]]": 0.4944}}, "11": {"Layer1": {"[[0, 1, 2, 3, 4, 5, 6, 7]]": 0.5041, "[[0, 1]]": 0.5077, "[[0]]": 0.4973}, "Layer2": {"[[0, 1, 2, 3, 4, 5, 6, 7]]": 0.4941, "[[0, 1]]": 0.4933, "[[0]]": 0.5034}, "Layer3": {"[[0, 1, 2, 3, 4, 5, 6, 7]]": 0.4933, "[[0, 1]]": 0.5022, "[[0]]": 0.4927}}, "12": {"Layer1": {"[[0, 1, 2, 3, 4, 5, 6, 7]]": 0.5147, "[[0, 1]]": 0.5053, "[[0]]": 0.5099}, "Layer2": {"[[0, 1, 2, 3, 4, 5, 6, 7]]": 0.5081, "[[0, 1]]": 0.5023, "[[0]]": 0.5009}, "Layer3": {"[[0, 1, 2, 3, 4, 5, 6, 7]]": 0.4964, "[[0, 1]]": 0.4925, "[[0]]": 0.4995}}, "13": {"Layer1": {"[[0, 1, 2, 3, 4, 5, 6, 7]]": 0.5056, "[[0, 1]]": 0.5153, "[[0]]": 0.4907}, "Layer2": {"[[0, 1, 2, 3, 4, 5, 6, 7]]": 0.4982, "[[0, 1]]": 0.5034, "[[0]]": 0.496}, "Layer3": {"[[0, 1, 2, 3, 4, 5, 6, 7]]": 0.4912, "[[0, 1]]": 0.5054, "[[0]]": 0.5009}}, "14": {"Layer1": {"[[0, 1, 2, 3, 4, 5, 6, 7]]": 0.5107, "[[0, 1]]": 0.5039, "[[0]]": 0.5065}, "Layer2": {"[[0, 1, 2, 3, 4, 5, 6, 7]]": 0.4918, "[[0, 1]]": 0.4949, "[[0]]": 0.5126}, "Layer3": {"[[0, 1, 2, 3, 4, 5, 6, 7]]": 0.494, "[[0, 1]]": 0.5047, "[[0]]": 0.508}}, "15": {"Layer1": {"[[0, 1, 2, 3, 4, 5, 6, 7]]": 0.5054, "[[0, 1]]": 0.4995, "[[0]]": 0.5017}, "Layer2": {"[[0, 1, 2, 3, 4, 5, 6, 7]]": 0.5069, "[[0, 1]]": 0.5066, "[[0]]": 0.5055}, "Layer3": {"[[0, 1, 2, 3, 4, 5, 6, 7]]": 0.503, "[[0, 1]]": 0.5044, "[[0]]": 0.5028}}, "16": {"Layer1": {"[[0, 1, 2, 3, 4, 5, 6, 7]]": 0.5107, "[[0, 1]]": 0.51, "[[0]]": 0.4967}, "Layer2": {"[[0, 1, 2, 3, 4, 5, 6, 7]]": 0.4949, "[[0, 1]]": 0.5146, "[[0]]": 0.5063}, "Layer3": {"[[0, 1, 2, 3, 4, 5, 6, 7]]": 0.4965, "[[0, 1]]": 0.4995, "[[0]]": 0.497}}}, {"accuracy": 0.9993, "9": {"Layer1": {"[[0, 1, 2, 3, 4, 5, 6, 7]]": 0.5023, "[[0, 1]]": 0.5158, "[[0]]": 0.5057}, "Layer2": {"[[0, 1, 2, 3, 4, 5, 6, 7]]": 0.5021, "[[0, 1]]": 0.4995, "[[0]]": 0.4985}, "Layer3": {"[[0, 1, 2, 3, 4, 5, 6, 7]]": 0.5006, "[[0, 1]]": 0.5022, "[[0]]": 0.4989}}, "10": {"Layer1": {"[[0, 1, 2, 3, 4, 5, 6, 7]]": 0.5063, "[[0, 1]]": 0.4988, "[[0]]": 0.5023}, "Layer2": {"[[0, 1, 2, 3, 4, 5, 6, 7]]": 0.503, "[[0, 1]]": 0.5031, "[[0]]": 0.4947}, "Layer3": {"[[0, 1, 2, 3, 4, 5, 6, 7]]": 0.5036, "[[0, 1]]": 0.4997, "[[0]]": 0.498}}, "11": {"Layer1": {"[[0, 1, 2, 3, 4, 5, 6, 7]]": 0.4938, "[[0, 1]]": 0.4973, "[[0]]": 0.5087}, "Layer2": {"[[0, 1, 2, 3, 4, 5, 6, 7]]": 0.5055, "[[0, 1]]": 0.5047, "[[0]]": 0.5088}, "Layer3": {"[[0, 1, 2, 3, 4, 5, 6, 7]]": 0.5042, "[[0, 1]]": 0.4942, "[[0]]": 0.5014}}, "12": {"Layer1": {"[[0, 1, 2, 3, 4, 5, 6, 7]]": 0.504, "[[0, 1]]": 0.5106, "[[0]]": 0.5129}, "Layer2": {"[[0, 1, 2, 3, 4, 5, 6, 7]]": 0.4997, "[[0, 1]]": 0.5081, "[[0]]": 0.5062}, "Layer3": {"[[0, 1, 2, 3, 4, 5, 6, 7]]": 0.4996, "[[0, 1]]": 0.5023, "[[0]]": 0.4996}}, "13": {"Layer1": {"[[0, 1, 2, 3, 4, 5, 6, 7]]": 0.5049, "[[0, 1]]": 0.4923, "[[0]]": 0.4988}, "Layer2": {"[[0, 1, 2, 3, 4, 5, 6, 7]]": 0.5019, "[[0, 1]]": 0.502, "[[0]]": 0.5029}, "Layer3": {"[[0, 1, 2, 3, 4, 5, 6, 7]]": 0.5009, "[[0, 1]]": 0.4924, "[[0]]": 0.5005}}, "14": {"Layer1": {"[[0, 1, 2, 3, 4, 5, 6, 7]]": 0.5067, "[[0, 1]]": 0.4972, "[[0]]": 0.5053}, "Layer2": {"[[0, 1, 2, 3, 4, 5, 6, 7]]": 0.5013, "[[0, 1]]": 0.5057, "[[0]]": 0.505}, "Layer3": {"[[0, 1, 2, 3, 4, 5, 6, 7]]": 0.5007, "[[0, 1]]": 0.4921, "[[0]]": 0.4984}}, "15": {"Layer1": {"[[0, 1, 2, 3, 4, 5, 6, 7]]": 0.5061, "[[0, 1]]": 0.5002, "[[0]]": 0.5066}, "Layer2": {"[[0, 1, 2, 3, 4, 5, 6, 7]]": 0.5093, "[[0, 1]]": 0.4985, "[[0]]": 0.5052}, "Layer3": {"[[0, 1, 2, 3, 4, 5, 6, 7]]": 0.4998, "[[0, 1]]": 0.4972, "[[0]]": 0.5026}}, "16": {"Layer1": {"[[0, 1, 2, 3, 4, 5, 6, 7]]": 0.5099, "[[0, 1]]": 0.5156, "[[0]]": 0.507}, "Layer2": {"[[0, 1, 2, 3, 4, 5, 6, 7]]": 0.5066, "[[0, 1]]": 0.5008, "[[0]]": 0.5082}, "Layer3": {"[[0, 1, 2, 3, 4, 5, 6, 7]]": 0.5033, "[[0, 1]]": 0.4948, "[[0]]": 0.5069}}}, {"accuracy": 0.9977, "9": {"Layer1": {"[[0, 1, 2, 3, 4, 5, 6, 7]]": 0.4894, "[[0, 1]]": 0.5081, "[[0]]": 0.5008}, "Layer2": {"[[0, 1, 2, 3, 4, 5, 6, 7]]": 0.495, "[[0, 1]]": 0.5103, "[[0]]": 0.5055}, "Layer3": {"[[0, 1, 2, 3, 4, 5, 6, 7]]": 0.5006, "[[0, 1]]": 0.4944, "[[0]]": 0.4971}}, "10": {"Layer1": {"[[0, 1, 2, 3, 4, 5, 6, 7]]": 0.4975, "[[0, 1]]": 0.5175, "[[0]]": 0.5029}, "Layer2": {"[[0, 1, 2, 3, 4, 5, 6, 7]]": 0.4963, "[[0, 1]]": 0.495, "[[0]]": 0.502}, "Layer3": {"[[0, 1, 2, 3, 4, 5, 6, 7]]": 0.4982, "[[0, 1]]": 0.4966, "[[0]]": 0.5005}}, "11": {"Layer1": {"[[0, 1, 2, 3, 4, 5, 6, 7]]": 0.5067, "[[0, 1]]": 0.5123, "[[0]]": 0.5061}, "Layer2": {"[[0, 1, 2, 3, 4, 5, 6, 7]]": 0.4975, "[[0, 1]]": 0.504, "[[0]]": 0.5145}, "Layer3": {"[[0, 1, 2, 3, 4, 5, 6, 7]]": 0.4944, "[[0, 1]]": 0.4944, "[[0]]": 0.4982}}, "12": {"Layer1": {"[[0, 1, 2, 3, 4, 5, 6, 7]]": 0.4935, "[[0, 1]]": 0.5091, "[[0]]": 0.5053}, "Layer2": {"[[0, 1, 2, 3, 4, 5, 6, 7]]": 0.5023, "[[0, 1]]": 0.4988, "[[0]]": 0.5022}, "Layer3": {"[[0, 1, 2, 3, 4, 5, 6, 7]]": 0.4935, "[[0, 1]]": 0.5003, "[[0]]": 0.4963}}, "13": {"Layer1": {"[[0, 1, 2, 3, 4, 5, 6, 7]]": 0.4995, "[[0, 1]]": 0.5098, "[[0]]": 0.5121}, "Layer2": {"[[0, 1, 2, 3, 4, 5, 6, 7]]": 0.503, "[[0, 1]]": 0.5107, "[[0]]": 0.505}, "Layer3": {"[[0, 1, 2, 3, 4, 5, 6, 7]]": 0.495, "[[0, 1]]": 0.491, "[[0]]": 0.4969}}, "14": {"Layer1": {"[[0, 1, 2, 3, 4, 5, 6, 7]]": 0.5113, "[[0, 1]]": 0.5091, "[[0]]": 0.5094}, "Layer2": {"[[0, 1, 2, 3, 4, 5, 6, 7]]": 0.5036, "[[0, 1]]": 0.5077, "[[0]]": 0.5117}, "Layer3": {"[[0, 1, 2, 3, 4, 5, 6, 7]]": 0.4913, "[[0, 1]]": 0.4925, "[[0]]": 0.498}}, "15": {"Layer1": {"[[0, 1, 2, 3, 4, 5, 6, 7]]": 0.5031, "[[0, 1]]": 0.5264, "[[0]]": 0.5011}, "Layer2": {"[[0, 1, 2, 3, 4, 5, 6, 7]]": 0.495, "[[0, 1]]": 0.4986, "[[0]]": 0.5045}, "Layer3": {"[[0, 1, 2, 3, 4, 5, 6, 7]]": 0.4937, "[[0, 1]]": 0.4979, "[[0]]": 0.4948}}, "16": {"Layer1": {"[[0, 1, 2, 3, 4, 5, 6, 7]]": 0.4987, "[[0, 1]]": 0.5076, "[[0]]": 0.5056}, "Layer2": {"[[0, 1, 2, 3, 4, 5, 6, 7]]": 0.5023, "[[0, 1]]": 0.509, "[[0]]": 0.5054}, "Layer3": {"[[0, 1, 2, 3, 4, 5, 6, 7]]": 0.4973, "[[0, 1]]": 0.4899, "[[0]]": 0.4904}}}, {"accuracy": 0.9993, "9": {"Layer1": {"[[0, 1, 2, 3, 4, 5, 6, 7]]": 0.4944, "[[0, 1]]": 0.5052, "[[0]]": 0.5016}, "Layer2": {"[[0, 1, 2, 3, 4, 5, 6, 7]]": 0.5098, "[[0, 1]]": 0.4926, "[[0]]": 0.507}, "Layer3": {"[[0, 1, 2, 3, 4, 5, 6, 7]]": 0.5051, "[[0, 1]]": 0.5044, "[[0]]": 0.5017}}, "10": {"Layer1": {"[[0, 1, 2, 3, 4, 5, 6, 7]]": 0.4986, "[[0, 1]]": 0.5103, "[[0]]": 0.5006}, "Layer2": {"[[0, 1, 2, 3, 4, 5, 6, 7]]": 0.5061, "[[0, 1]]": 0.4957, "[[0]]": 0.5003}, "Layer3": {"[[0, 1, 2, 3, 4, 5, 6, 7]]": 0.501, "[[0, 1]]": 0.4954, "[[0]]": 0.4915}}, "11": {"Layer1": {"[[0, 1, 2, 3, 4, 5, 6, 7]]": 0.4953, "[[0, 1]]": 0.5046, "[[0]]": 0.5028}, "Layer2": {"[[0, 1, 2, 3, 4, 5, 6, 7]]": 0.495, "[[0, 1]]": 0.5048, "[[0]]": 0.5104}, "Layer3": {"[[0, 1, 2, 3, 4, 5, 6, 7]]": 0.5089, "[[0, 1]]": 0.5017, "[[0]]": 0.498}}, "12": {"Layer1": {"[[0, 1, 2, 3, 4, 5, 6, 7]]": 0.5031, "[[0, 1]]": 0.518, "[[0]]": 0.501}, "Layer2": {"[[0, 1, 2, 3, 4, 5, 6, 7]]": 0.5038, "[[0, 1]]": 0.4978, "[[0]]": 0.5011}, "Layer3": {"[[0, 1, 2, 3, 4, 5, 6, 7]]": 0.491, "[[0, 1]]": 0.5035, "[[0]]": 0.5108}}, "13": {"Layer1": {"[[0, 1, 2, 3, 4, 5, 6, 7]]": 0.4945, "[[0, 1]]": 0.5098, "[[0]]": 0.4982}, "Layer2": {"[[0, 1, 2, 3, 4, 5, 6, 7]]": 0.4978, "[[0, 1]]": 0.5084, "[[0]]": 0.5076}, "Layer3": {"[[0, 1, 2, 3, 4, 5, 6, 7]]": 0.4955, "[[0, 1]]": 0.5011, "[[0]]": 0.4993}}, "14": {"Layer1": {"[[0, 1, 2, 3, 4, 5, 6, 7]]": 0.5006, "[[0, 1]]": 0.5071, "[[0]]": 0.4985}, "Layer2": {"[[0, 1, 2, 3, 4, 5, 6, 7]]": 0.5038, "[[0, 1]]": 0.4967, "[[0]]": 0.5136}, "Layer3": {"[[0, 1, 2, 3, 4, 5, 6, 7]]": 0.5023, "[[0, 1]]": 0.5041, "[[0]]": 0.5052}}, "15": {"Layer1": {"[[0, 1, 2, 3, 4, 5, 6, 7]]": 0.4985, "[[0, 1]]": 0.5024, "[[0]]": 0.5043}, "Layer2": {"[[0, 1, 2, 3, 4, 5, 6, 7]]": 0.5122, "[[0, 1]]": 0.5037, "[[0]]": 0.5092}, "Layer3": {"[[0, 1, 2, 3, 4, 5, 6, 7]]": 0.4985, "[[0, 1]]": 0.4967, "[[0]]": 0.4973}}, "16": {"Layer1": {"[[0, 1, 2, 3, 4, 5, 6, 7]]": 0.501, "[[0, 1]]": 0.5113, "[[0]]": 0.5004}, "Layer2": {"[[0, 1, 2, 3, 4, 5, 6, 7]]": 0.5049, "[[0, 1]]": 0.4971, "[[0]]": 0.5137}, "Layer3": {"[[0, 1, 2, 3, 4, 5, 6, 7]]": 0.5068, "[[0, 1]]": 0.5079, "[[0]]": 0.511}}}, {"accuracy": 0.9979, "9": {"Layer1": {"[[0, 1, 2, 3, 4, 5, 6, 7]]": 0.5048, "[[0, 1]]": 0.5094, "[[0]]": 0.5075}, "Layer2": {"[[0, 1, 2, 3, 4, 5, 6, 7]]": 0.4979, "[[0, 1]]": 0.5166, "[[0]]": 0.5112}, "Layer3": {"[[0, 1, 2, 3, 4, 5, 6, 7]]": 0.5058, "[[0, 1]]": 0.4967, "[[0]]": 0.4934}}, "10": {"Layer1": {"[[0, 1, 2, 3, 4, 5, 6, 7]]": 0.5141, "[[0, 1]]": 0.5075, "[[0]]": 0.5139}, "Layer2": {"[[0, 1, 2, 3, 4, 5, 6, 7]]": 0.4956, "[[0, 1]]": 0.5028, "[[0]]": 0.5029}, "Layer3": {"[[0, 1, 2, 3, 4, 5, 6, 7]]": 0.5045, "[[0, 1]]": 0.5031, "[[0]]": 0.502}}, "11": {"Layer1": {"[[0, 1, 2, 3, 4, 5, 6, 7]]": 0.5051, "[[0, 1]]": 0.5145, "[[0]]": 0.5122}, "Layer2": {"[[0, 1, 2, 3, 4, 5, 6, 7]]": 0.5004, "[[0, 1]]": 0.5114, "[[0]]": 0.5093}, "Layer3": {"[[0, 1, 2, 3, 4, 5, 6, 7]]": 0.5073, "[[0, 1]]": 0.4994, "[[0]]": 0.4931}}, "12": {"Layer1": {"[[0, 1, 2, 3, 4, 5, 6, 7]]": 0.5045, "[[0, 1]]": 0.5065, "[[0]]": 0.5074}, "Layer2": {"[[0, 1, 2, 3, 4, 5, 6, 7]]": 0.501, "[[0, 1]]": 0.5058, "[[0]]": 0.5082}, "Layer3": {"[[0, 1, 2, 3, 4, 5, 6, 7]]": 0.4978, "[[0, 1]]": 0.4986, "[[0]]": 0.5048}}, "13": {"Layer1": {"[[0, 1, 2, 3, 4, 5, 6, 7]]": 0.5031, "[[0, 1]]": 0.508, "[[0]]": 0.507}, "Layer2": {"[[0, 1, 2, 3, 4, 5, 6, 7]]": 0.5064, "[[0, 1]]": 0.5014, "[[0]]": 0.5101}, "Layer3": {"[[0, 1, 2, 3, 4, 5, 6, 7]]": 0.5084, "[[0, 1]]": 0.5032, "[[0]]": 0.5118}}, "14": {"Layer1": {"[[0, 1, 2, 3, 4, 5, 6, 7]]": 0.5045, "[[0, 1]]": 0.5159, "[[0]]": 0.5139}, "Layer2": {"[[0, 1, 2, 3, 4, 5, 6, 7]]": 0.5096, "[[0, 1]]": 0.5171, "[[0]]": 0.5111}, "Layer3": {"[[0, 1, 2, 3, 4, 5, 6, 7]]": 0.4998, "[[0, 1]]": 0.4989, "[[0]]": 0.5018}}, "15": {"Layer1": {"[[0, 1, 2, 3, 4, 5, 6, 7]]": 0.5022, "[[0, 1]]": 0.5118, "[[0]]": 0.5147}, "Layer2": {"[[0, 1, 2, 3, 4, 5, 6, 7]]": 0.5064, "[[0, 1]]": 0.519, "[[0]]": 0.5096}, "Layer3": {"[[0, 1, 2, 3, 4, 5, 6, 7]]": 0.4982, "[[0, 1]]": 0.5019, "[[0]]": 0.5005}}, "16": {"Layer1": {"[[0, 1, 2, 3, 4, 5, 6, 7]]": 0.5056, "[[0, 1]]": 0.5137, "[[0]]": 0.509}, "Layer2": {"[[0, 1, 2, 3, 4, 5, 6, 7]]": 0.5129, "[[0, 1]]": 0.5063, "[[0]]": 0.5094}, "Layer3": {"[[0, 1, 2, 3, 4, 5, 6, 7]]": 0.5019, "[[0, 1]]": 0.4978, "[[0]]": 0.5056}}}]