[[{"accuracy": 0.4967, "Layer1": {"[[0, 1, 2, 3, 4, 5, 6, 7], [8, 9, 10, 11, 12, 13, 14, 15]]": 0.6314, "[[0, 1], [2, 3]]": 0.5073, "[[0], [1]]": 0.499}, "Layer2": {"[[0, 1, 2, 3, 4, 5, 6, 7], [8, 9, 10, 11, 12, 13, 14, 15]]": 0.5016, "[[0, 1], [2, 3]]": 0.5049, "[[0], [1]]": 0.4973}, "Layer3": {"[[0, 1, 2, 3, 4, 5, 6, 7], [8, 9, 10, 11, 12, 13, 14, 15]]": 0.4977, "[[0, 1], [2, 3]]": 0.5015, "[[0], [1]]": 0.4942}}, {"accuracy": 0.502, "Layer1": {"[[0, 1, 2, 3, 4, 5, 6, 7], [8, 9, 10, 11, 12, 13, 14, 15]]": 0.7172, "[[0, 1], [2, 3]]": 0.7029, "[[0], [1]]": 0.6932}, "Layer2": {"[[0, 1, 2, 3, 4, 5, 6, 7], [8, 9, 10, 11, 12, 13, 14, 15]]": 0.6095, "[[0, 1], [2, 3]]": 0.6203, "[[0], [1]]": 0.6085}, "Layer3": {"[[0, 1, 2, 3, 4, 5, 6, 7], [8, 9, 10, 11, 12, 13, 14, 15]]": 0.5046, "[[0, 1], [2, 3]]": 0.5037, "[[0], [1]]": 0.506}}, {"accuracy": 0.5591, "Layer1": {"[[0, 1, 2, 3, 4, 5, 6, 7], [8, 9, 10, 11, 12, 13, 14, 15]]": 0.8388, "[[0, 1], [2, 3]]": 0.8576, "[[0], [1]]": 0.8219}, "Layer2": {"[[0, 1, 2, 3, 4, 5, 6, 7], [8, 9, 10, 11, 12, 13, 14, 15]]": 0.7419, "[[0, 1], [2, 3]]": 0.7511, "[[0], [1]]": 0.7528}, "Layer3": {"[[0, 1, 2, 3, 4, 5, 6, 7], [8, 9, 10, 11, 12, 13, 14, 15]]": 0.6109, "[[0, 1], [2, 3]]": 0.6218, "[[0], [1]]": 0.5996}}, {"accuracy": 0.6199, "Layer1": {"[[0, 1, 2, 3, 4, 5, 6, 7], [8, 9, 10, 11, 12, 13, 14, 15]]": 0.8966, "[[0, 1], [2, 3]]": 0.9026, "[[0], [1]]": 0.8622}, "Layer2": {"[[0, 1, 2, 3, 4, 5, 6, 7], [8, 9, 10, 11, 12, 13, 14, 15]]": 0.8044, "[[0, 1], [2, 3]]": 0.8132, "[[0], [1]]": 0.7768}, "Layer3": {"[[0, 1, 2, 3, 4, 5, 6, 7], [8, 9, 10, 11, 12, 13, 14, 15]]": 0.718, "[[0, 1], [2, 3]]": 0.7344, "[[0], [1]]": 0.7062}}, {"accuracy": 0.697, "Layer1": {"[[0, 1, 2, 3, 4, 5, 6, 7], [8, 9, 10, 11, 12, 13, 14, 15]]": 0.9485, "[[0, 1], [2, 3]]": 0.9464, "[[0], [1]]": 0.9456}, "Layer2": {"[[0, 1, 2, 3, 4, 5, 6, 7], [8, 9, 10, 11, 12, 13, 14, 15]]": 0.8944, "[[0, 1], [2, 3]]": 0.9009, "[[0], [1]]": 0.895}, "Layer3": {"[[0, 1, 2, 3, 4, 5, 6, 7], [8, 9, 10, 11, 12, 13, 14, 15]]": 0.8306, "[[0, 1], [2, 3]]": 0.8142, "[[0], [1]]": 0.8069}}, {"accuracy": 0.7885, "Layer1": {"[[0, 1, 2, 3, 4, 5, 6, 7], [8, 9, 10, 11, 12, 13, 14, 15]]": 0.9597, "[[0, 1], [2, 3]]": 0.961, "[[0], [1]]": 0.9569}, "Layer2": {"[[0, 1, 2, 3, 4, 5, 6, 7], [8, 9, 10, 11, 12, 13, 14, 15]]": 0.9403, "[[0, 1], [2, 3]]": 0.944, "[[0], [1]]": 0.9197}, "Layer3": {"[[0, 1, 2, 3, 4, 5, 6, 7], [8, 9, 10, 11, 12, 13, 14, 15]]": 0.8611, "[[0, 1], [2, 3]]": 0.8801, "[[0], [1]]": 0.8251}}, {"accuracy": 0.8664, "Layer1": {"[[0, 1, 2, 3, 4, 5, 6, 7], [8, 9, 10, 11, 12, 13, 14, 15]]": 0.9845, "[[0, 1], [2, 3]]": 0.9805, "[[0], [1]]": 0.9754}, "Layer2": {"[[0, 1, 2, 3, 4, 5, 6, 7], [8, 9, 10, 11, 12, 13, 14, 15]]": 0.9638, "[[0, 1], [2, 3]]": 0.9697, "[[0], [1]]": 0.9493}, "Layer3": {"[[0, 1, 2, 3, 4, 5, 6, 7], [8, 9, 10, 11, 12, 13, 14, 15]]": 0.9084, "[[0, 1], [2, 3]]": 0.9236, "[[0], [1]]": 0.8757}}, {"accuracy": 0.9163, "Layer1": {"[[0, 1, 2, 3, 4, 5, 6, 7], [8, 9, 10, 11, 12, 13, 14, 15]]": 0.992, "[[0, 1], [2, 3]]": 0.9907, "[[0], [1]]": 0.976}, "Layer2": {"[[0, 1, 2, 3, 4, 5, 6, 7], [8, 9, 10, 11, 12, 13, 14, 15]]": 0.9783, "[[0, 1], [2, 3]]": 0.9824, "[[0], [1]]": 0.9725}, "Layer3": {"[[0, 1, 2, 3, 4, 5, 6, 7], [8, 9, 10, 11, 12, 13, 14, 15]]": 0.9475, "[[0, 1], [2, 3]]": 0.9444, "[[0], [1]]": 0.8907}}, {"accuracy": 0.9494, "Layer1": {"[[0, 1, 2, 3, 4, 5, 6, 7], [8, 9, 10, 11, 12, 13, 14, 15]]": 0.9935, "[[0, 1], [2, 3]]": 0.994, "[[0], [1]]": 0.9938}, "Layer2": {"[[0, 1, 2, 3, 4, 5, 6, 7], [8, 9, 10, 11, 12, 13, 14, 15]]": 0.9887, "[[0, 1], [2, 3]]": 0.986, "[[0], [1]]": 0.9792}, "Layer3": {"[[0, 1, 2, 3, 4, 5, 6, 7], [8, 9, 10, 11, 12, 13, 14, 15]]": 0.9687, "[[0, 1], [2, 3]]": 0.9792, "[[0], [1]]": 0.9515}}, {"accuracy": 0.9655, "Layer1": {"[[0, 1, 2, 3, 4, 5, 6, 7], [8, 9, 10, 11, 12, 13, 14, 15]]": 0.9966, "[[0, 1], [2, 3]]": 0.9953, "[[0], [1]]": 0.9945}, "Layer2": {"[[0, 1, 2, 3, 4, 5, 6, 7], [8, 9, 10, 11, 12, 13, 14, 15]]": 0.9942, "[[0, 1], [2, 3]]": 0.9926, "[[0], [1]]": 0.9857}, "Layer3": {"[[0, 1, 2, 3, 4, 5, 6, 7], [8, 9, 10, 11, 12, 13, 14, 15]]": 0.9773, "[[0, 1], [2, 3]]": 0.9771, "[[0], [1]]": 0.9685}}, {"accuracy": 0.977, "Layer1": {"[[0, 1, 2, 3, 4, 5, 6, 7], [8, 9, 10, 11, 12, 13, 14, 15]]": 0.9974, "[[0, 1], [2, 3]]": 0.9963, "[[0], [1]]": 0.7424}, "Layer2": {"[[0, 1, 2, 3, 4, 5, 6, 7], [8, 9, 10, 11, 12, 13, 14, 15]]": 0.9963, "[[0, 1], [2, 3]]": 0.9949, "[[0], [1]]": 0.9876}, "Layer3": {"[[0, 1, 2, 3, 4, 5, 6, 7], [8, 9, 10, 11, 12, 13, 14, 15]]": 0.9903, "[[0, 1], [2, 3]]": 0.9896, "[[0], [1]]": 0.973}}, {"accuracy": 0.9857, "Layer1": {"[[0, 1, 2, 3, 4, 5, 6, 7], [8, 9, 10, 11, 12, 13, 14, 15]]": 0.9975, "[[0, 1], [2, 3]]": 0.9974, "[[0], [1]]": 0.9965}, "Layer2": {"[[0, 1, 2, 3, 4, 5, 6, 7], [8, 9, 10, 11, 12, 13, 14, 15]]": 0.9962, "[[0, 1], [2, 3]]": 0.9964, "[[0], [1]]": 0.9884}, "Layer3": {"[[0, 1, 2, 3, 4, 5, 6, 7], [8, 9, 10, 11, 12, 13, 14, 15]]": 0.9948, "[[0, 1], [2, 3]]": 0.9926, "[[0], [1]]": 0.9844}}, {"accuracy": 0.9917, "Layer1": {"[[0, 1, 2, 3, 4, 5, 6, 7], [8, 9, 10, 11, 12, 13, 14, 15]]": 0.998, "[[0, 1], [2, 3]]": 0.9983, "[[0], [1]]": 0.9884}, "Layer2": {"[[0, 1, 2, 3, 4, 5, 6, 7], [8, 9, 10, 11, 12, 13, 14, 15]]": 0.998, "[[0, 1], [2, 3]]": 0.9979, "[[0], [1]]": 0.9965}, "Layer3": {"[[0, 1, 2, 3, 4, 5, 6, 7], [8, 9, 10, 11, 12, 13, 14, 15]]": 0.9967, "[[0, 1], [2, 3]]": 0.9964, "[[0], [1]]": 0.9945}}, {"accuracy": 0.9942, "Layer1": {"[[0, 1, 2, 3, 4, 5, 6, 7], [8, 9, 10, 11, 12, 13, 14, 15]]": 0.9982, "[[0, 1], [2, 3]]": 0.9978, "[[0], [1]]": 0.9981}, "Layer2": {"[[0, 1, 2, 3, 4, 5, 6, 7], [8, 9, 10, 11, 12, 13, 14, 15]]": 0.9981, "[[0, 1], [2, 3]]": 0.9975, "[[0], [1]]": 0.9947}, "Layer3": {"[[0, 1, 2, 3, 4, 5, 6, 7], [8, 9, 10, 11, 12, 13, 14, 15]]": 0.9968, "[[0, 1], [2, 3]]": 0.9974, "[[0], [1]]": 0.9953}}, {"accuracy": 0.996, "Layer1": {"[[0, 1, 2, 3, 4, 5, 6, 7], [8, 9, 10, 11, 12, 13, 14, 15]]": 0.9986, "[[0, 1], [2, 3]]": 0.9967, "[[0], [1]]": 0.9981}, "Layer2": {"[[0, 1, 2, 3, 4, 5, 6, 7], [8, 9, 10, 11, 12, 13, 14, 15]]": 0.9977, "[[0, 1], [2, 3]]": 0.9973, "[[0], [1]]": 0.9926}, "Layer3": {"[[0, 1, 2, 3, 4, 5, 6, 7], [8, 9, 10, 11, 12, 13, 14, 15]]": 0.9977, "[[0, 1], [2, 3]]": 0.996, "[[0], [1]]": 0.9944}}, {"accuracy": 0.9961, "Layer1": {"[[0, 1, 2, 3, 4, 5, 6, 7], [8, 9, 10, 11, 12, 13, 14, 15]]": 0.9981, "[[0, 1], [2, 3]]": 0.9977, "[[0], [1]]": 0.9974}, "Layer2": {"[[0, 1, 2, 3, 4, 5, 6, 7], [8, 9, 10, 11, 12, 13, 14, 15]]": 0.9969, "[[0, 1], [2, 3]]": 0.997, "[[0], [1]]": 0.9951}, "Layer3": {"[[0, 1, 2, 3, 4, 5, 6, 7], [8, 9, 10, 11, 12, 13, 14, 15]]": 0.9984, "[[0, 1], [2, 3]]": 0.9977, "[[0], [1]]": 0.9962}}, {"accuracy": 0.9969, "Layer1": {"[[0, 1, 2, 3, 4, 5, 6, 7], [8, 9, 10, 11, 12, 13, 14, 15]]": 0.9979, "[[0, 1], [2, 3]]": 0.9986, "[[0], [1]]": 0.9909}, "Layer2": {"[[0, 1, 2, 3, 4, 5, 6, 7], [8, 9, 10, 11, 12, 13, 14, 15]]": 0.9986, "[[0, 1], [2, 3]]": 0.9977, "[[0], [1]]": 0.9963}, "Layer3": {"[[0, 1, 2, 3, 4, 5, 6, 7], [8, 9, 10, 11, 12, 13, 14, 15]]": 0.9981, "[[0, 1], [2, 3]]": 0.9973, "[[0], [1]]": 0.9968}}], [{"accuracy": 0.4831, "Layer1": {"[[0, 1, 2, 3, 4, 5, 6, 7], [8, 9, 10, 11, 12, 13, 14, 15]]": 0.6649, "[[0, 1], [2, 3]]": 0.4957, "[[0], [1]]": 0.4992}, "Layer2": {"[[0, 1, 2, 3, 4, 5, 6, 7], [8, 9, 10, 11, 12, 13, 14, 15]]": 0.4975, "[[0, 1], [2, 3]]": 0.5054, "[[0], [1]]": 0.4985}, "Layer3": {"[[0, 1, 2, 3, 4, 5, 6, 7], [8, 9, 10, 11, 12, 13, 14, 15]]": 0.5023, "[[0, 1], [2, 3]]": 0.5037, "[[0], [1]]": 0.4996}}, {"accuracy": 0.5251, "Layer1": {"[[0, 1, 2, 3, 4, 5, 6, 7], [8, 9, 10, 11, 12, 13, 14, 15]]": 0.7154, "[[0, 1], [2, 3]]": 0.7043, "[[0], [1]]": 0.6777}, "Layer2": {"[[0, 1, 2, 3, 4, 5, 6, 7], [8, 9, 10, 11, 12, 13, 14, 15]]": 0.4967, "[[0, 1], [2, 3]]": 0.5034, "[[0], [1]]": 0.501}, "Layer3": {"[[0, 1, 2, 3, 4, 5, 6, 7], [8, 9, 10, 11, 12, 13, 14, 15]]": 0.496, "[[0, 1], [2, 3]]": 0.4963, "[[0], [1]]": 0.4946}}, {"accuracy": 0.5664, "Layer1": {"[[0, 1, 2, 3, 4, 5, 6, 7], [8, 9, 10, 11, 12, 13, 14, 15]]": 0.745, "[[0, 1], [2, 3]]": 0.7566, "[[0], [1]]": 0.7564}, "Layer2": {"[[0, 1, 2, 3, 4, 5, 6, 7], [8, 9, 10, 11, 12, 13, 14, 15]]": 0.5828, "[[0, 1], [2, 3]]": 0.5853, "[[0], [1]]": 0.5918}, "Layer3": {"[[0, 1, 2, 3, 4, 5, 6, 7], [8, 9, 10, 11, 12, 13, 14, 15]]": 0.5182, "[[0, 1], [2, 3]]": 0.5213, "[[0], [1]]": 0.5172}}, {"accuracy": 0.6314, "Layer1": {"[[0, 1, 2, 3, 4, 5, 6, 7], [8, 9, 10, 11, 12, 13, 14, 15]]": 0.8396, "[[0, 1], [2, 3]]": 0.8325, "[[0], [1]]": 0.8264}, "Layer2": {"[[0, 1, 2, 3, 4, 5, 6, 7], [8, 9, 10, 11, 12, 13, 14, 15]]": 0.7127, "[[0, 1], [2, 3]]": 0.722, "[[0], [1]]": 0.7065}, "Layer3": {"[[0, 1, 2, 3, 4, 5, 6, 7], [8, 9, 10, 11, 12, 13, 14, 15]]": 0.6484, "[[0, 1], [2, 3]]": 0.6575, "[[0], [1]]": 0.661}}, {"accuracy": 0.7144, "Layer1": {"[[0, 1, 2, 3, 4, 5, 6, 7], [8, 9, 10, 11, 12, 13, 14, 15]]": 0.8769, "[[0, 1], [2, 3]]": 0.8744, "[[0], [1]]": 0.8389}, "Layer2": {"[[0, 1, 2, 3, 4, 5, 6, 7], [8, 9, 10, 11, 12, 13, 14, 15]]": 0.7717, "[[0, 1], [2, 3]]": 0.7756, "[[0], [1]]": 0.7726}, "Layer3": {"[[0, 1, 2, 3, 4, 5, 6, 7], [8, 9, 10, 11, 12, 13, 14, 15]]": 0.704, "[[0, 1], [2, 3]]": 0.7209, "[[0], [1]]": 0.6168}}, {"accuracy": 0.777, "Layer1": {"[[0, 1, 2, 3, 4, 5, 6, 7], [8, 9, 10, 11, 12, 13, 14, 15]]": 0.9132, "[[0, 1], [2, 3]]": 0.9023, "[[0], [1]]": 0.9099}, "Layer2": {"[[0, 1, 2, 3, 4, 5, 6, 7], [8, 9, 10, 11, 12, 13, 14, 15]]": 0.8073, "[[0, 1], [2, 3]]": 0.8035, "[[0], [1]]": 0.7894}, "Layer3": {"[[0, 1, 2, 3, 4, 5, 6, 7], [8, 9, 10, 11, 12, 13, 14, 15]]": 0.7575, "[[0, 1], [2, 3]]": 0.7617, "[[0], [1]]": 0.7261}}, {"accuracy": 0.8283, "Layer1": {"[[0, 1, 2, 3, 4, 5, 6, 7], [8, 9, 10, 11, 12, 13, 14, 15]]": 0.9423, "[[0, 1], [2, 3]]": 0.9448, "[[0], [1]]": 0.9335}, "Layer2": {"[[0, 1, 2, 3, 4, 5, 6, 7], [8, 9, 10, 11, 12, 13, 14, 15]]": 0.8506, "[[0, 1], [2, 3]]": 0.8447, "[[0], [1]]": 0.8339}, "Layer3": {"[[0, 1, 2, 3, 4, 5, 6, 7], [8, 9, 10, 11, 12, 13, 14, 15]]": 0.8162, "[[0, 1], [2, 3]]": 0.8078, "[[0], [1]]": 0.7768}}, {"accuracy": 0.8771, "Layer1": {"[[0, 1, 2, 3, 4, 5, 6, 7], [8, 9, 10, 11, 12, 13, 14, 15]]": 0.9545, "[[0, 1], [2, 3]]": 0.9603, "[[0], [1]]": 0.9506}, "Layer2": {"[[0, 1, 2, 3, 4, 5, 6, 7], [8, 9, 10, 11, 12, 13, 14, 15]]": 0.8921, "[[0, 1], [2, 3]]": 0.8889, "[[0], [1]]": 0.8819}, "Layer3": {"[[0, 1, 2, 3, 4, 5, 6, 7], [8, 9, 10, 11, 12, 13, 14, 15]]": 0.8363, "[[0, 1], [2, 3]]": 0.8475, "[[0], [1]]": 0.7949}}, {"accuracy": 0.8965, "Layer1": {"[[0, 1, 2, 3, 4, 5, 6, 7], [8, 9, 10, 11, 12, 13, 14, 15]]": 0.9723, "[[0, 1], [2, 3]]": 0.9725, "[[0], [1]]": 0.9669}, "Layer2": {"[[0, 1, 2, 3, 4, 5, 6, 7], [8, 9, 10, 11, 12, 13, 14, 15]]": 0.913, "[[0, 1], [2, 3]]": 0.906, "[[0], [1]]": 0.8952}, "Layer3": {"[[0, 1, 2, 3, 4, 5, 6, 7], [8, 9, 10, 11, 12, 13, 14, 15]]": 0.8639, "[[0, 1], [2, 3]]": 0.8651, "[[0], [1]]": 0.8203}}, {"accuracy": 0.9202, "Layer1": {"[[0, 1, 2, 3, 4, 5, 6, 7], [8, 9, 10, 11, 12, 13, 14, 15]]": 0.9876, "[[0, 1], [2, 3]]": 0.9837, "[[0], [1]]": 0.9875}, "Layer2": {"[[0, 1, 2, 3, 4, 5, 6, 7], [8, 9, 10, 11, 12, 13, 14, 15]]": 0.9394, "[[0, 1], [2, 3]]": 0.9312, "[[0], [1]]": 0.8949}, "Layer3": {"[[0, 1, 2, 3, 4, 5, 6, 7], [8, 9, 10, 11, 12, 13, 14, 15]]": 0.896, "[[0, 1], [2, 3]]": 0.9016, "[[0], [1]]": 0.8908}}, {"accuracy": 0.9355, "Layer1": {"[[0, 1, 2, 3, 4, 5, 6, 7], [8, 9, 10, 11, 12, 13, 14, 15]]": 0.9911, "[[0, 1], [2, 3]]": 0.9896, "[[0], [1]]": 0.9894}, "Layer2": {"[[0, 1, 2, 3, 4, 5, 6, 7], [8, 9, 10, 11, 12, 13, 14, 15]]": 0.9523, "[[0, 1], [2, 3]]": 0.9522, "[[0], [1]]": 0.9565}, "Layer3": {"[[0, 1, 2, 3, 4, 5, 6, 7], [8, 9, 10, 11, 12, 13, 14, 15]]": 0.9364, "[[0, 1], [2, 3]]": 0.9368, "[[0], [1]]": 0.9179}}, {"accuracy": 0.957, "Layer1": {"[[0, 1, 2, 3, 4, 5, 6, 7], [8, 9, 10, 11, 12, 13, 14, 15]]": 0.9955, "[[0, 1], [2, 3]]": 0.9857, "[[0], [1]]": 0.9786}, "Layer2": {"[[0, 1, 2, 3, 4, 5, 6, 7], [8, 9, 10, 11, 12, 13, 14, 15]]": 0.9752, "[[0, 1], [2, 3]]": 0.9757, "[[0], [1]]": 0.9721}, "Layer3": {"[[0, 1, 2, 3, 4, 5, 6, 7], [8, 9, 10, 11, 12, 13, 14, 15]]": 0.9574, "[[0, 1], [2, 3]]": 0.9543, "[[0], [1]]": 0.9522}}, {"accuracy": 0.9727, "Layer1": {"[[0, 1, 2, 3, 4, 5, 6, 7], [8, 9, 10, 11, 12, 13, 14, 15]]": 0.9952, "[[0, 1], [2, 3]]": 0.9946, "[[0], [1]]": 0.997}, "Layer2": {"[[0, 1, 2, 3, 4, 5, 6, 7], [8, 9, 10, 11, 12, 13, 14, 15]]": 0.9867, "[[0, 1], [2, 3]]": 0.9846, "[[0], [1]]": 0.9835}, "Layer3": {"[[0, 1, 2, 3, 4, 5, 6, 7], [8, 9, 10, 11, 12, 13, 14, 15]]": 0.982, "[[0, 1], [2, 3]]": 0.9817, "[[0], [1]]": 0.9759}}, {"accuracy": 0.9851, "Layer1": {"[[0, 1, 2, 3, 4, 5, 6, 7], [8, 9, 10, 11, 12, 13, 14, 15]]": 0.9978, "[[0, 1], [2, 3]]": 0.9929, "[[0], [1]]": 0.996}, "Layer2": {"[[0, 1, 2, 3, 4, 5, 6, 7], [8, 9, 10, 11, 12, 13, 14, 15]]": 0.9928, "[[0, 1], [2, 3]]": 0.9912, "[[0], [1]]": 0.9916}, "Layer3": {"[[0, 1, 2, 3, 4, 5, 6, 7], [8, 9, 10, 11, 12, 13, 14, 15]]": 0.9887, "[[0, 1], [2, 3]]": 0.9874, "[[0], [1]]": 0.9807}}, {"accuracy": 0.9921, "Layer1": {"[[0, 1, 2, 3, 4, 5, 6, 7], [8, 9, 10, 11, 12, 13, 14, 15]]": 0.9972, "[[0, 1], [2, 3]]": 0.9979, "[[0], [1]]": 0.9928}, "Layer2": {"[[0, 1, 2, 3, 4, 5, 6, 7], [8, 9, 10, 11, 12, 13, 14, 15]]": 0.9965, "[[0, 1], [2, 3]]": 0.9943, "[[0], [1]]": 0.9958}, "Layer3": {"[[0, 1, 2, 3, 4, 5, 6, 7], [8, 9, 10, 11, 12, 13, 14, 15]]": 0.9937, "[[0, 1], [2, 3]]": 0.9942, "[[0], [1]]": 0.9897}}, {"accuracy": 0.9949, "Layer1": {"[[0, 1, 2, 3, 4, 5, 6, 7], [8, 9, 10, 11, 12, 13, 14, 15]]": 0.9956, "[[0, 1], [2, 3]]": 0.9969, "[[0], [1]]": 0.9967}, "Layer2": {"[[0, 1, 2, 3, 4, 5, 6, 7], [8, 9, 10, 11, 12, 13, 14, 15]]": 0.9976, "[[0, 1], [2, 3]]": 0.9968, "[[0], [1]]": 0.9975}, "Layer3": {"[[0, 1, 2, 3, 4, 5, 6, 7], [8, 9, 10, 11, 12, 13, 14, 15]]": 0.9966, "[[0, 1], [2, 3]]": 0.9972, "[[0], [1]]": 0.9937}}, {"accuracy": 0.9965, "Layer1": {"[[0, 1, 2, 3, 4, 5, 6, 7], [8, 9, 10, 11, 12, 13, 14, 15]]": 0.9972, "[[0, 1], [2, 3]]": 0.997, "[[0], [1]]": 0.9979}, "Layer2": {"[[0, 1, 2, 3, 4, 5, 6, 7], [8, 9, 10, 11, 12, 13, 14, 15]]": 0.9992, "[[0, 1], [2, 3]]": 0.997, "[[0], [1]]": 0.998}, "Layer3": {"[[0, 1, 2, 3, 4, 5, 6, 7], [8, 9, 10, 11, 12, 13, 14, 15]]": 0.9982, "[[0, 1], [2, 3]]": 0.9979, "[[0], [1]]": 0.9963}}], [{"accuracy": 0.4986, "Layer1": {"[[0, 1, 2, 3, 4, 5, 6, 7], [8, 9, 10, 11, 12, 13, 14, 15]]": 0.4983, "[[0, 1], [2, 3]]": 0.4951, "[[0], [1]]": 0.5018}, "Layer2": {"[[0, 1, 2, 3, 4, 5, 6, 7], [8, 9, 10, 11, 12, 13, 14, 15]]": 0.4954, "[[0, 1], [2, 3]]": 0.5069, "[[0], [1]]": 0.5034}, "Layer3": {"[[0, 1, 2, 3, 4, 5, 6, 7], [8, 9, 10, 11, 12, 13, 14, 15]]": 0.5002, "[[0, 1], [2, 3]]": 0.4987, "[[0], [1]]": 0.4991}}, {"accuracy": 0.5057, "Layer1": {"[[0, 1, 2, 3, 4, 5, 6, 7], [8, 9, 10, 11, 12, 13, 14, 15]]": 0.7544, "[[0, 1], [2, 3]]": 0.7586, "[[0], [1]]": 0.4964}, "Layer2": {"[[0, 1, 2, 3, 4, 5, 6, 7], [8, 9, 10, 11, 12, 13, 14, 15]]": 0.5631, "[[0, 1], [2, 3]]": 0.4949, "[[0], [1]]": 0.4954}, "Layer3": {"[[0, 1, 2, 3, 4, 5, 6, 7], [8, 9, 10, 11, 12, 13, 14, 15]]": 0.4984, "[[0, 1], [2, 3]]": 0.4964, "[[0], [1]]": 0.5008}}, {"accuracy": 0.5123, "Layer1": {"[[0, 1, 2, 3, 4, 5, 6, 7], [8, 9, 10, 11, 12, 13, 14, 15]]": 0.6935, "[[0, 1], [2, 3]]": 0.7349, "[[0], [1]]": 0.7239}, "Layer2": {"[[0, 1, 2, 3, 4, 5, 6, 7], [8, 9, 10, 11, 12, 13, 14, 15]]": 0.5849, "[[0, 1], [2, 3]]": 0.5831, "[[0], [1]]": 0.5791}, "Layer3": {"[[0, 1, 2, 3, 4, 5, 6, 7], [8, 9, 10, 11, 12, 13, 14, 15]]": 0.5096, "[[0, 1], [2, 3]]": 0.5072, "[[0], [1]]": 0.4944}}, {"accuracy": 0.5822, "Layer1": {"[[0, 1, 2, 3, 4, 5, 6, 7], [8, 9, 10, 11, 12, 13, 14, 15]]": 0.8023, "[[0, 1], [2, 3]]": 0.7988, "[[0], [1]]": 0.7663}, "Layer2": {"[[0, 1, 2, 3, 4, 5, 6, 7], [8, 9, 10, 11, 12, 13, 14, 15]]": 0.6729, "[[0, 1], [2, 3]]": 0.68, "[[0], [1]]": 0.6673}, "Layer3": {"[[0, 1, 2, 3, 4, 5, 6, 7], [8, 9, 10, 11, 12, 13, 14, 15]]": 0.6097, "[[0, 1], [2, 3]]": 0.6288, "[[0], [1]]": 0.5552}}, {"accuracy": 0.6436, "Layer1": {"[[0, 1, 2, 3, 4, 5, 6, 7], [8, 9, 10, 11, 12, 13, 14, 15]]": 0.8537, "[[0, 1], [2, 3]]": 0.8762, "[[0], [1]]": 0.8528}, "Layer2": {"[[0, 1, 2, 3, 4, 5, 6, 7], [8, 9, 10, 11, 12, 13, 14, 15]]": 0.7366, "[[0, 1], [2, 3]]": 0.7228, "[[0], [1]]": 0.7437}, "Layer3": {"[[0, 1, 2, 3, 4, 5, 6, 7], [8, 9, 10, 11, 12, 13, 14, 15]]": 0.6584, "[[0, 1], [2, 3]]": 0.6586, "[[0], [1]]": 0.6485}}, {"accuracy": 0.6749, "Layer1": {"[[0, 1, 2, 3, 4, 5, 6, 7], [8, 9, 10, 11, 12, 13, 14, 15]]": 0.9514, "[[0, 1], [2, 3]]": 0.9439, "[[0], [1]]": 0.9254}, "Layer2": {"[[0, 1, 2, 3, 4, 5, 6, 7], [8, 9, 10, 11, 12, 13, 14, 15]]": 0.8202, "[[0, 1], [2, 3]]": 0.8262, "[[0], [1]]": 0.748}, "Layer3": {"[[0, 1, 2, 3, 4, 5, 6, 7], [8, 9, 10, 11, 12, 13, 14, 15]]": 0.7031, "[[0, 1], [2, 3]]": 0.7322, "[[0], [1]]": 0.7335}}, {"accuracy": 0.7376, "Layer1": {"[[0, 1, 2, 3, 4, 5, 6, 7], [8, 9, 10, 11, 12, 13, 14, 15]]": 0.9766, "[[0, 1], [2, 3]]": 0.9773, "[[0], [1]]": 0.9579}, "Layer2": {"[[0, 1, 2, 3, 4, 5, 6, 7], [8, 9, 10, 11, 12, 13, 14, 15]]": 0.8658, "[[0, 1], [2, 3]]": 0.8872, "[[0], [1]]": 0.8698}, "Layer3": {"[[0, 1, 2, 3, 4, 5, 6, 7], [8, 9, 10, 11, 12, 13, 14, 15]]": 0.7783, "[[0, 1], [2, 3]]": 0.7721, "[[0], [1]]": 0.6584}}, {"accuracy": 0.7914, "Layer1": {"[[0, 1, 2, 3, 4, 5, 6, 7], [8, 9, 10, 11, 12, 13, 14, 15]]": 0.9853, "[[0, 1], [2, 3]]": 0.9867, "[[0], [1]]": 0.9613}, "Layer2": {"[[0, 1, 2, 3, 4, 5, 6, 7], [8, 9, 10, 11, 12, 13, 14, 15]]": 0.9031, "[[0, 1], [2, 3]]": 0.9059, "[[0], [1]]": 0.8682}, "Layer3": {"[[0, 1, 2, 3, 4, 5, 6, 7], [8, 9, 10, 11, 12, 13, 14, 15]]": 0.8178, "[[0, 1], [2, 3]]": 0.8405, "[[0], [1]]": 0.7982}}, {"accuracy": 0.8397, "Layer1": {"[[0, 1, 2, 3, 4, 5, 6, 7], [8, 9, 10, 11, 12, 13, 14, 15]]": 0.9842, "[[0, 1], [2, 3]]": 0.9872, "[[0], [1]]": 0.9617}, "Layer2": {"[[0, 1, 2, 3, 4, 5, 6, 7], [8, 9, 10, 11, 12, 13, 14, 15]]": 0.9239, "[[0, 1], [2, 3]]": 0.9253, "[[0], [1]]": 0.9011}, "Layer3": {"[[0, 1, 2, 3, 4, 5, 6, 7], [8, 9, 10, 11, 12, 13, 14, 15]]": 0.8388, "[[0, 1], [2, 3]]": 0.8379, "[[0], [1]]": 0.821}}, {"accuracy": 0.8749, "Layer1": {"[[0, 1, 2, 3, 4, 5, 6, 7], [8, 9, 10, 11, 12, 13, 14, 15]]": 0.9923, "[[0, 1], [2, 3]]": 0.9897, "[[0], [1]]": 0.9847}, "Layer2": {"[[0, 1, 2, 3, 4, 5, 6, 7], [8, 9, 10, 11, 12, 13, 14, 15]]": 0.9363, "[[0, 1], [2, 3]]": 0.9448, "[[0], [1]]": 0.9168}, "Layer3": {"[[0, 1, 2, 3, 4, 5, 6, 7], [8, 9, 10, 11, 12, 13, 14, 15]]": 0.8721, "[[0, 1], [2, 3]]": 0.8849, "[[0], [1]]": 0.8577}}, {"accuracy": 0.9034, "Layer1": {"[[0, 1, 2, 3, 4, 5, 6, 7], [8, 9, 10, 11, 12, 13, 14, 15]]": 0.9929, "[[0, 1], [2, 3]]": 0.9889, "[[0], [1]]": 0.9912}, "Layer2": {"[[0, 1, 2, 3, 4, 5, 6, 7], [8, 9, 10, 11, 12, 13, 14, 15]]": 0.9569, "[[0, 1], [2, 3]]": 0.9462, "[[0], [1]]": 0.9525}, "Layer3": {"[[0, 1, 2, 3, 4, 5, 6, 7], [8, 9, 10, 11, 12, 13, 14, 15]]": 0.9083, "[[0, 1], [2, 3]]": 0.91, "[[0], [1]]": 0.8733}}, {"accuracy": 0.9256, "Layer1": {"[[0, 1, 2, 3, 4, 5, 6, 7], [8, 9, 10, 11, 12, 13, 14, 15]]": 0.9931, "[[0, 1], [2, 3]]": 0.9937, "[[0], [1]]": 0.9944}, "Layer2": {"[[0, 1, 2, 3, 4, 5, 6, 7], [8, 9, 10, 11, 12, 13, 14, 15]]": 0.9638, "[[0, 1], [2, 3]]": 0.9661, "[[0], [1]]": 0.9423}, "Layer3": {"[[0, 1, 2, 3, 4, 5, 6, 7], [8, 9, 10, 11, 12, 13, 14, 15]]": 0.9268, "[[0, 1], [2, 3]]": 0.9289, "[[0], [1]]": 0.9343}}, {"accuracy": 0.944, "Layer1": {"[[0, 1, 2, 3, 4, 5, 6, 7], [8, 9, 10, 11, 12, 13, 14, 15]]": 0.9954, "[[0, 1], [2, 3]]": 0.9971, "[[0], [1]]": 0.9959}, "Layer2": {"[[0, 1, 2, 3, 4, 5, 6, 7], [8, 9, 10, 11, 12, 13, 14, 15]]": 0.9756, "[[0, 1], [2, 3]]": 0.9729, "[[0], [1]]": 0.963}, "Layer3": {"[[0, 1, 2, 3, 4, 5, 6, 7], [8, 9, 10, 11, 12, 13, 14, 15]]": 0.9507, "[[0, 1], [2, 3]]": 0.9444, "[[0], [1]]": 0.9233}}, {"accuracy": 0.9549, "Layer1": {"[[0, 1, 2, 3, 4, 5, 6, 7], [8, 9, 10, 11, 12, 13, 14, 15]]": 0.9948, "[[0, 1], [2, 3]]": 0.9948, "[[0], [1]]": 0.9952}, "Layer2": {"[[0, 1, 2, 3, 4, 5, 6, 7], [8, 9, 10, 11, 12, 13, 14, 15]]": 0.9827, "[[0, 1], [2, 3]]": 0.9773, "[[0], [1]]": 0.9786}, "Layer3": {"[[0, 1, 2, 3, 4, 5, 6, 7], [8, 9, 10, 11, 12, 13, 14, 15]]": 0.9635, "[[0, 1], [2, 3]]": 0.9581, "[[0], [1]]": 0.9394}}, {"accuracy": 0.9677, "Layer1": {"[[0, 1, 2, 3, 4, 5, 6, 7], [8, 9, 10, 11, 12, 13, 14, 15]]": 0.9949, "[[0, 1], [2, 3]]": 0.9975, "[[0], [1]]": 0.9827}, "Layer2": {"[[0, 1, 2, 3, 4, 5, 6, 7], [8, 9, 10, 11, 12, 13, 14, 15]]": 0.9903, "[[0, 1], [2, 3]]": 0.9888, "[[0], [1]]": 0.9731}, "Layer3": {"[[0, 1, 2, 3, 4, 5, 6, 7], [8, 9, 10, 11, 12, 13, 14, 15]]": 0.9797, "[[0, 1], [2, 3]]": 0.9793, "[[0], [1]]": 0.9671}}, {"accuracy": 0.9782, "Layer1": {"[[0, 1, 2, 3, 4, 5, 6, 7], [8, 9, 10, 11, 12, 13, 14, 15]]": 0.9969, "[[0, 1], [2, 3]]": 0.997, "[[0], [1]]": 0.9948}, "Layer2": {"[[0, 1, 2, 3, 4, 5, 6, 7], [8, 9, 10, 11, 12, 13, 14, 15]]": 0.9928, "[[0, 1], [2, 3]]": 0.9913, "[[0], [1]]": 0.9912}, "Layer3": {"[[0, 1, 2, 3, 4, 5, 6, 7], [8, 9, 10, 11, 12, 13, 14, 15]]": 0.9866, "[[0, 1], [2, 3]]": 0.9864, "[[0], [1]]": 0.9737}}, {"accuracy": 0.9844, "Layer1": {"[[0, 1, 2, 3, 4, 5, 6, 7], [8, 9, 10, 11, 12, 13, 14, 15]]": 0.9971, "[[0, 1], [2, 3]]": 0.9973, "[[0], [1]]": 0.9943}, "Layer2": {"[[0, 1, 2, 3, 4, 5, 6, 7], [8, 9, 10, 11, 12, 13, 14, 15]]": 0.9938, "[[0, 1], [2, 3]]": 0.9929, "[[0], [1]]": 0.9942}, "Layer3": {"[[0, 1, 2, 3, 4, 5, 6, 7], [8, 9, 10, 11, 12, 13, 14, 15]]": 0.9911, "[[0, 1], [2, 3]]": 0.9903, "[[0], [1]]": 0.9813}}], [{"accuracy": 0.498, "Layer1": {"[[0, 1, 2, 3, 4, 5, 6, 7], [8, 9, 10, 11, 12, 13, 14, 15]]": 0.7526, "[[0, 1], [2, 3]]": 0.4932, "[[0], [1]]": 0.5044}, "Layer2": {"[[0, 1, 2, 3, 4, 5, 6, 7], [8, 9, 10, 11, 12, 13, 14, 15]]": 0.5027, "[[0, 1], [2, 3]]": 0.5074, "[[0], [1]]": 0.506}, "Layer3": {"[[0, 1, 2, 3, 4, 5, 6, 7], [8, 9, 10, 11, 12, 13, 14, 15]]": 0.5024, "[[0, 1], [2, 3]]": 0.5084, "[[0], [1]]": 0.5066}}, {"accuracy": 0.5097, "Layer1": {"[[0, 1, 2, 3, 4, 5, 6, 7], [8, 9, 10, 11, 12, 13, 14, 15]]": 0.7646, "[[0, 1], [2, 3]]": 0.7654, "[[0], [1]]": 0.7798}, "Layer2": {"[[0, 1, 2, 3, 4, 5, 6, 7], [8, 9, 10, 11, 12, 13, 14, 15]]": 0.6312, "[[0, 1], [2, 3]]": 0.6242, "[[0], [1]]": 0.6157}, "Layer3": {"[[0, 1, 2, 3, 4, 5, 6, 7], [8, 9, 10, 11, 12, 13, 14, 15]]": 0.5093, "[[0, 1], [2, 3]]": 0.4926, "[[0], [1]]": 0.4964}}, {"accuracy": 0.6005, "Layer1": {"[[0, 1, 2, 3, 4, 5, 6, 7], [8, 9, 10, 11, 12, 13, 14, 15]]": 0.8322, "[[0, 1], [2, 3]]": 0.8168, "[[0], [1]]": 0.7893}, "Layer2": {"[[0, 1, 2, 3, 4, 5, 6, 7], [8, 9, 10, 11, 12, 13, 14, 15]]": 0.6939, "[[0, 1], [2, 3]]": 0.7092, "[[0], [1]]": 0.684}, "Layer3": {"[[0, 1, 2, 3, 4, 5, 6, 7], [8, 9, 10, 11, 12, 13, 14, 15]]": 0.5915, "[[0, 1], [2, 3]]": 0.6095, "[[0], [1]]": 0.5922}}, {"accuracy": 0.6359, "Layer1": {"[[0, 1, 2, 3, 4, 5, 6, 7], [8, 9, 10, 11, 12, 13, 14, 15]]": 0.8633, "[[0, 1], [2, 3]]": 0.8705, "[[0], [1]]": 0.8306}, "Layer2": {"[[0, 1, 2, 3, 4, 5, 6, 7], [8, 9, 10, 11, 12, 13, 14, 15]]": 0.7626, "[[0, 1], [2, 3]]": 0.7616, "[[0], [1]]": 0.7668}, "Layer3": {"[[0, 1, 2, 3, 4, 5, 6, 7], [8, 9, 10, 11, 12, 13, 14, 15]]": 0.6657, "[[0, 1], [2, 3]]": 0.669, "[[0], [1]]": 0.6495}}, {"accuracy": 0.7076, "Layer1": {"[[0, 1, 2, 3, 4, 5, 6, 7], [8, 9, 10, 11, 12, 13, 14, 15]]": 0.8962, "[[0, 1], [2, 3]]": 0.895, "[[0], [1]]": 0.8809}, "Layer2": {"[[0, 1, 2, 3, 4, 5, 6, 7], [8, 9, 10, 11, 12, 13, 14, 15]]": 0.7719, "[[0, 1], [2, 3]]": 0.7614, "[[0], [1]]": 0.7641}, "Layer3": {"[[0, 1, 2, 3, 4, 5, 6, 7], [8, 9, 10, 11, 12, 13, 14, 15]]": 0.6601, "[[0, 1], [2, 3]]": 0.6877, "[[0], [1]]": 0.6511}}, {"accuracy": 0.7592, "Layer1": {"[[0, 1, 2, 3, 4, 5, 6, 7], [8, 9, 10, 11, 12, 13, 14, 15]]": 0.9241, "[[0, 1], [2, 3]]": 0.9194, "[[0], [1]]": 0.9258}, "Layer2": {"[[0, 1, 2, 3, 4, 5, 6, 7], [8, 9, 10, 11, 12, 13, 14, 15]]": 0.7941, "[[0, 1], [2, 3]]": 0.8059, "[[0], [1]]": 0.6919}, "Layer3": {"[[0, 1, 2, 3, 4, 5, 6, 7], [8, 9, 10, 11, 12, 13, 14, 15]]": 0.7021, "[[0, 1], [2, 3]]": 0.6807, "[[0], [1]]": 0.6206}}, {"accuracy": 0.806, "Layer1": {"[[0, 1, 2, 3, 4, 5, 6, 7], [8, 9, 10, 11, 12, 13, 14, 15]]": 0.9421, "[[0, 1], [2, 3]]": 0.946, "[[0], [1]]": 0.9346}, "Layer2": {"[[0, 1, 2, 3, 4, 5, 6, 7], [8, 9, 10, 11, 12, 13, 14, 15]]": 0.8261, "[[0, 1], [2, 3]]": 0.8153, "[[0], [1]]": 0.8251}, "Layer3": {"[[0, 1, 2, 3, 4, 5, 6, 7], [8, 9, 10, 11, 12, 13, 14, 15]]": 0.7481, "[[0, 1], [2, 3]]": 0.7507, "[[0], [1]]": 0.743}}, {"accuracy": 0.8348, "Layer1": {"[[0, 1, 2, 3, 4, 5, 6, 7], [8, 9, 10, 11, 12, 13, 14, 15]]": 0.9632, "[[0, 1], [2, 3]]": 0.9603, "[[0], [1]]": 0.9527}, "Layer2": {"[[0, 1, 2, 3, 4, 5, 6, 7], [8, 9, 10, 11, 12, 13, 14, 15]]": 0.8574, "[[0, 1], [2, 3]]": 0.8469, "[[0], [1]]": 0.8417}, "Layer3": {"[[0, 1, 2, 3, 4, 5, 6, 7], [8, 9, 10, 11, 12, 13, 14, 15]]": 0.8199, "[[0, 1], [2, 3]]": 0.8112, "[[0], [1]]": 0.8005}}, {"accuracy": 0.8557, "Layer1": {"[[0, 1, 2, 3, 4, 5, 6, 7], [8, 9, 10, 11, 12, 13, 14, 15]]": 0.9772, "[[0, 1], [2, 3]]": 0.9725, "[[0], [1]]": 0.97}, "Layer2": {"[[0, 1, 2, 3, 4, 5, 6, 7], [8, 9, 10, 11, 12, 13, 14, 15]]": 0.8869, "[[0, 1], [2, 3]]": 0.8886, "[[0], [1]]": 0.8854}, "Layer3": {"[[0, 1, 2, 3, 4, 5, 6, 7], [8, 9, 10, 11, 12, 13, 14, 15]]": 0.8483, "[[0, 1], [2, 3]]": 0.8484, "[[0], [1]]": 0.8361}}, {"accuracy": 0.874, "Layer1": {"[[0, 1, 2, 3, 4, 5, 6, 7], [8, 9, 10, 11, 12, 13, 14, 15]]": 0.9841, "[[0, 1], [2, 3]]": 0.9769, "[[0], [1]]": 0.9827}, "Layer2": {"[[0, 1, 2, 3, 4, 5, 6, 7], [8, 9, 10, 11, 12, 13, 14, 15]]": 0.9064, "[[0, 1], [2, 3]]": 0.9014, "[[0], [1]]": 0.9006}, "Layer3": {"[[0, 1, 2, 3, 4, 5, 6, 7], [8, 9, 10, 11, 12, 13, 14, 15]]": 0.8797, "[[0, 1], [2, 3]]": 0.8675, "[[0], [1]]": 0.8579}}, {"accuracy": 0.8914, "Layer1": {"[[0, 1, 2, 3, 4, 5, 6, 7], [8, 9, 10, 11, 12, 13, 14, 15]]": 0.9877, "[[0, 1], [2, 3]]": 0.9854, "[[0], [1]]": 0.9733}, "Layer2": {"[[0, 1, 2, 3, 4, 5, 6, 7], [8, 9, 10, 11, 12, 13, 14, 15]]": 0.9301, "[[0, 1], [2, 3]]": 0.9326, "[[0], [1]]": 0.9172}, "Layer3": {"[[0, 1, 2, 3, 4, 5, 6, 7], [8, 9, 10, 11, 12, 13, 14, 15]]": 0.8926, "[[0, 1], [2, 3]]": 0.8825, "[[0], [1]]": 0.8511}}, {"accuracy": 0.9068, "Layer1": {"[[0, 1, 2, 3, 4, 5, 6, 7], [8, 9, 10, 11, 12, 13, 14, 15]]": 0.9883, "[[0, 1], [2, 3]]": 0.9867, "[[0], [1]]": 0.97}, "Layer2": {"[[0, 1, 2, 3, 4, 5, 6, 7], [8, 9, 10, 11, 12, 13, 14, 15]]": 0.9461, "[[0, 1], [2, 3]]": 0.9364, "[[0], [1]]": 0.9443}, "Layer3": {"[[0, 1, 2, 3, 4, 5, 6, 7], [8, 9, 10, 11, 12, 13, 14, 15]]": 0.9207, "[[0, 1], [2, 3]]": 0.9082, "[[0], [1]]": 0.8976}}, {"accuracy": 0.9212, "Layer1": {"[[0, 1, 2, 3, 4, 5, 6, 7], [8, 9, 10, 11, 12, 13, 14, 15]]": 0.9906, "[[0, 1], [2, 3]]": 0.9878, "[[0], [1]]": 0.9897}, "Layer2": {"[[0, 1, 2, 3, 4, 5, 6, 7], [8, 9, 10, 11, 12, 13, 14, 15]]": 0.952, "[[0, 1], [2, 3]]": 0.9562, "[[0], [1]]": 0.9553}, "Layer3": {"[[0, 1, 2, 3, 4, 5, 6, 7], [8, 9, 10, 11, 12, 13, 14, 15]]": 0.933, "[[0, 1], [2, 3]]": 0.9353, "[[0], [1]]": 0.9096}}, {"accuracy": 0.934, "Layer1": {"[[0, 1, 2, 3, 4, 5, 6, 7], [8, 9, 10, 11, 12, 13, 14, 15]]": 0.9924, "[[0, 1], [2, 3]]": 0.9886, "[[0], [1]]": 0.9826}, "Layer2": {"[[0, 1, 2, 3, 4, 5, 6, 7], [8, 9, 10, 11, 12, 13, 14, 15]]": 0.9725, "[[0, 1], [2, 3]]": 0.9655, "[[0], [1]]": 0.9437}, "Layer3": {"[[0, 1, 2, 3, 4, 5, 6, 7], [8, 9, 10, 11, 12, 13, 14, 15]]": 0.9483, "[[0, 1], [2, 3]]": 0.9354, "[[0], [1]]": 0.9284}}, {"accuracy": 0.9453, "Layer1": {"[[0, 1, 2, 3, 4, 5, 6, 7], [8, 9, 10, 11, 12, 13, 14, 15]]": 0.995, "[[0, 1], [2, 3]]": 0.9881, "[[0], [1]]": 0.9936}, "Layer2": {"[[0, 1, 2, 3, 4, 5, 6, 7], [8, 9, 10, 11, 12, 13, 14, 15]]": 0.978, "[[0, 1], [2, 3]]": 0.9771, "[[0], [1]]": 0.9621}, "Layer3": {"[[0, 1, 2, 3, 4, 5, 6, 7], [8, 9, 10, 11, 12, 13, 14, 15]]": 0.954, "[[0, 1], [2, 3]]": 0.9564, "[[0], [1]]": 0.8847}}, {"accuracy": 0.9538, "Layer1": {"[[0, 1, 2, 3, 4, 5, 6, 7], [8, 9, 10, 11, 12, 13, 14, 15]]": 0.992, "[[0, 1], [2, 3]]": 0.9903, "[[0], [1]]": 0.9824}, "Layer2": {"[[0, 1, 2, 3, 4, 5, 6, 7], [8, 9, 10, 11, 12, 13, 14, 15]]": 0.9766, "[[0, 1], [2, 3]]": 0.9835, "[[0], [1]]": 0.9636}, "Layer3": {"[[0, 1, 2, 3, 4, 5, 6, 7], [8, 9, 10, 11, 12, 13, 14, 15]]": 0.9624, "[[0, 1], [2, 3]]": 0.9595, "[[0], [1]]": 0.9368}}, {"accuracy": 0.9592, "Layer1": {"[[0, 1, 2, 3, 4, 5, 6, 7], [8, 9, 10, 11, 12, 13, 14, 15]]": 0.9951, "[[0, 1], [2, 3]]": 0.9937, "[[0], [1]]": 0.9838}, "Layer2": {"[[0, 1, 2, 3, 4, 5, 6, 7], [8, 9, 10, 11, 12, 13, 14, 15]]": 0.9794, "[[0, 1], [2, 3]]": 0.9812, "[[0], [1]]": 0.9684}, "Layer3": {"[[0, 1, 2, 3, 4, 5, 6, 7], [8, 9, 10, 11, 12, 13, 14, 15]]": 0.9657, "[[0, 1], [2, 3]]": 0.9665, "[[0], [1]]": 0.945}}], [{"accuracy": 0.5005, "Layer1": {"[[0, 1, 2, 3, 4, 5, 6, 7], [8, 9, 10, 11, 12, 13, 14, 15]]": 0.4991, "[[0, 1], [2, 3]]": 0.5083, "[[0], [1]]": 0.4991}, "Layer2": {"[[0, 1, 2, 3, 4, 5, 6, 7], [8, 9, 10, 11, 12, 13, 14, 15]]": 0.5, "[[0, 1], [2, 3]]": 0.5011, "[[0], [1]]": 0.4993}, "Layer3": {"[[0, 1, 2, 3, 4, 5, 6, 7], [8, 9, 10, 11, 12, 13, 14, 15]]": 0.4958, "[[0, 1], [2, 3]]": 0.4988, "[[0], [1]]": 0.5045}}, {"accuracy": 0.5047, "Layer1": {"[[0, 1, 2, 3, 4, 5, 6, 7], [8, 9, 10, 11, 12, 13, 14, 15]]": 0.6527, "[[0, 1], [2, 3]]": 0.6566, "[[0], [1]]": 0.6315}, "Layer2": {"[[0, 1, 2, 3, 4, 5, 6, 7], [8, 9, 10, 11, 12, 13, 14, 15]]": 0.5374, "[[0, 1], [2, 3]]": 0.519, "[[0], [1]]": 0.4935}, "Layer3": {"[[0, 1, 2, 3, 4, 5, 6, 7], [8, 9, 10, 11, 12, 13, 14, 15]]": 0.4909, "[[0, 1], [2, 3]]": 0.4987, "[[0], [1]]": 0.4975}}, {"accuracy": 0.5143, "Layer1": {"[[0, 1, 2, 3, 4, 5, 6, 7], [8, 9, 10, 11, 12, 13, 14, 15]]": 0.7351, "[[0, 1], [2, 3]]": 0.7401, "[[0], [1]]": 0.7483}, "Layer2": {"[[0, 1, 2, 3, 4, 5, 6, 7], [8, 9, 10, 11, 12, 13, 14, 15]]": 0.6083, "[[0, 1], [2, 3]]": 0.5996, "[[0], [1]]": 0.6123}, "Layer3": {"[[0, 1, 2, 3, 4, 5, 6, 7], [8, 9, 10, 11, 12, 13, 14, 15]]": 0.5217, "[[0, 1], [2, 3]]": 0.4993, "[[0], [1]]": 0.4987}}, {"accuracy": 0.6172, "Layer1": {"[[0, 1, 2, 3, 4, 5, 6, 7], [8, 9, 10, 11, 12, 13, 14, 15]]": 0.7935, "[[0, 1], [2, 3]]": 0.8096, "[[0], [1]]": 0.809}, "Layer2": {"[[0, 1, 2, 3, 4, 5, 6, 7], [8, 9, 10, 11, 12, 13, 14, 15]]": 0.7161, "[[0, 1], [2, 3]]": 0.719, "[[0], [1]]": 0.7144}, "Layer3": {"[[0, 1, 2, 3, 4, 5, 6, 7], [8, 9, 10, 11, 12, 13, 14, 15]]": 0.6193, "[[0, 1], [2, 3]]": 0.619, "[[0], [1]]": 0.587}}, {"accuracy": 0.6902, "Layer1": {"[[0, 1, 2, 3, 4, 5, 6, 7], [8, 9, 10, 11, 12, 13, 14, 15]]": 0.8915, "[[0, 1], [2, 3]]": 0.9071, "[[0], [1]]": 0.8933}, "Layer2": {"[[0, 1, 2, 3, 4, 5, 6, 7], [8, 9, 10, 11, 12, 13, 14, 15]]": 0.806, "[[0, 1], [2, 3]]": 0.8177, "[[0], [1]]": 0.7606}, "Layer3": {"[[0, 1, 2, 3, 4, 5, 6, 7], [8, 9, 10, 11, 12, 13, 14, 15]]": 0.6627, "[[0, 1], [2, 3]]": 0.6234, "[[0], [1]]": 0.6314}}, {"accuracy": 0.7196, "Layer1": {"[[0, 1, 2, 3, 4, 5, 6, 7], [8, 9, 10, 11, 12, 13, 14, 15]]": 0.9532, "[[0, 1], [2, 3]]": 0.9589, "[[0], [1]]": 0.9521}, "Layer2": {"[[0, 1, 2, 3, 4, 5, 6, 7], [8, 9, 10, 11, 12, 13, 14, 15]]": 0.8727, "[[0, 1], [2, 3]]": 0.8793, "[[0], [1]]": 0.8842}, "Layer3": {"[[0, 1, 2, 3, 4, 5, 6, 7], [8, 9, 10, 11, 12, 13, 14, 15]]": 0.7284, "[[0, 1], [2, 3]]": 0.7158, "[[0], [1]]": 0.6217}}, {"accuracy": 0.7845, "Layer1": {"[[0, 1, 2, 3, 4, 5, 6, 7], [8, 9, 10, 11, 12, 13, 14, 15]]": 0.9703, "[[0, 1], [2, 3]]": 0.9744, "[[0], [1]]": 0.9331}, "Layer2": {"[[0, 1, 2, 3, 4, 5, 6, 7], [8, 9, 10, 11, 12, 13, 14, 15]]": 0.9096, "[[0, 1], [2, 3]]": 0.9043, "[[0], [1]]": 0.8831}, "Layer3": {"[[0, 1, 2, 3, 4, 5, 6, 7], [8, 9, 10, 11, 12, 13, 14, 15]]": 0.7755, "[[0, 1], [2, 3]]": 0.7791, "[[0], [1]]": 0.787}}, {"accuracy": 0.8058, "Layer1": {"[[0, 1, 2, 3, 4, 5, 6, 7], [8, 9, 10, 11, 12, 13, 14, 15]]": 0.9841, "[[0, 1], [2, 3]]": 0.9794, "[[0], [1]]": 0.9672}, "Layer2": {"[[0, 1, 2, 3, 4, 5, 6, 7], [8, 9, 10, 11, 12, 13, 14, 15]]": 0.9287, "[[0, 1], [2, 3]]": 0.9331, "[[0], [1]]": 0.9183}, "Layer3": {"[[0, 1, 2, 3, 4, 5, 6, 7], [8, 9, 10, 11, 12, 13, 14, 15]]": 0.7857, "[[0, 1], [2, 3]]": 0.8182, "[[0], [1]]": 0.7637}}, {"accuracy": 0.8217, "Layer1": {"[[0, 1, 2, 3, 4, 5, 6, 7], [8, 9, 10, 11, 12, 13, 14, 15]]": 0.9814, "[[0, 1], [2, 3]]": 0.9794, "[[0], [1]]": 0.9592}, "Layer2": {"[[0, 1, 2, 3, 4, 5, 6, 7], [8, 9, 10, 11, 12, 13, 14, 15]]": 0.9327, "[[0, 1], [2, 3]]": 0.9378, "[[0], [1]]": 0.9392}, "Layer3": {"[[0, 1, 2, 3, 4, 5, 6, 7], [8, 9, 10, 11, 12, 13, 14, 15]]": 0.8052, "[[0, 1], [2, 3]]": 0.8271, "[[0], [1]]": 0.7751}}, {"accuracy": 0.8394, "Layer1": {"[[0, 1, 2, 3, 4, 5, 6, 7], [8, 9, 10, 11, 12, 13, 14, 15]]": 0.984, "[[0, 1], [2, 3]]": 0.9785, "[[0], [1]]": 0.9696}, "Layer2": {"[[0, 1, 2, 3, 4, 5, 6, 7], [8, 9, 10, 11, 12, 13, 14, 15]]": 0.9521, "[[0, 1], [2, 3]]": 0.9436, "[[0], [1]]": 0.9359}, "Layer3": {"[[0, 1, 2, 3, 4, 5, 6, 7], [8, 9, 10, 11, 12, 13, 14, 15]]": 0.8437, "[[0, 1], [2, 3]]": 0.8447, "[[0], [1]]": 0.8423}}, {"accuracy": 0.8585, "Layer1": {"[[0, 1, 2, 3, 4, 5, 6, 7], [8, 9, 10, 11, 12, 13, 14, 15]]": 0.9852, "[[0, 1], [2, 3]]": 0.9818, "[[0], [1]]": 0.981}, "Layer2": {"[[0, 1, 2, 3, 4, 5, 6, 7], [8, 9, 10, 11, 12, 13, 14, 15]]": 0.9502, "[[0, 1], [2, 3]]": 0.9466, "[[0], [1]]": 0.9479}, "Layer3": {"[[0, 1, 2, 3, 4, 5, 6, 7], [8, 9, 10, 11, 12, 13, 14, 15]]": 0.868, "[[0, 1], [2, 3]]": 0.8711, "[[0], [1]]": 0.864}}, {"accuracy": 0.877, "Layer1": {"[[0, 1, 2, 3, 4, 5, 6, 7], [8, 9, 10, 11, 12, 13, 14, 15]]": 0.9898, "[[0, 1], [2, 3]]": 0.987, "[[0], [1]]": 0.9777}, "Layer2": {"[[0, 1, 2, 3, 4, 5, 6, 7], [8, 9, 10, 11, 12, 13, 14, 15]]": 0.9684, "[[0, 1], [2, 3]]": 0.9651, "[[0], [1]]": 0.9618}, "Layer3": {"[[0, 1, 2, 3, 4, 5, 6, 7], [8, 9, 10, 11, 12, 13, 14, 15]]": 0.8962, "[[0, 1], [2, 3]]": 0.8939, "[[0], [1]]": 0.8876}}, {"accuracy": 0.8959, "Layer1": {"[[0, 1, 2, 3, 4, 5, 6, 7], [8, 9, 10, 11, 12, 13, 14, 15]]": 0.9905, "[[0, 1], [2, 3]]": 0.9897, "[[0], [1]]": 0.9887}, "Layer2": {"[[0, 1, 2, 3, 4, 5, 6, 7], [8, 9, 10, 11, 12, 13, 14, 15]]": 0.9739, "[[0, 1], [2, 3]]": 0.9661, "[[0], [1]]": 0.9635}, "Layer3": {"[[0, 1, 2, 3, 4, 5, 6, 7], [8, 9, 10, 11, 12, 13, 14, 15]]": 0.9331, "[[0, 1], [2, 3]]": 0.9175, "[[0], [1]]": 0.9197}}, {"accuracy": 0.9139, "Layer1": {"[[0, 1, 2, 3, 4, 5, 6, 7], [8, 9, 10, 11, 12, 13, 14, 15]]": 0.9913, "[[0, 1], [2, 3]]": 0.9906, "[[0], [1]]": 0.9868}, "Layer2": {"[[0, 1, 2, 3, 4, 5, 6, 7], [8, 9, 10, 11, 12, 13, 14, 15]]": 0.9748, "[[0, 1], [2, 3]]": 0.9703, "[[0], [1]]": 0.9725}, "Layer3": {"[[0, 1, 2, 3, 4, 5, 6, 7], [8, 9, 10, 11, 12, 13, 14, 15]]": 0.9364, "[[0, 1], [2, 3]]": 0.9272, "[[0], [1]]": 0.936}}, {"accuracy": 0.926, "Layer1": {"[[0, 1, 2, 3, 4, 5, 6, 7], [8, 9, 10, 11, 12, 13, 14, 15]]": 0.9926, "[[0, 1], [2, 3]]": 0.9918, "[[0], [1]]": 0.9905}, "Layer2": {"[[0, 1, 2, 3, 4, 5, 6, 7], [8, 9, 10, 11, 12, 13, 14, 15]]": 0.9806, "[[0, 1], [2, 3]]": 0.9764, "[[0], [1]]": 0.9728}, "Layer3": {"[[0, 1, 2, 3, 4, 5, 6, 7], [8, 9, 10, 11, 12, 13, 14, 15]]": 0.9472, "[[0, 1], [2, 3]]": 0.9497, "[[0], [1]]": 0.9385}}, {"accuracy": 0.9426, "Layer1": {"[[0, 1, 2, 3, 4, 5, 6, 7], [8, 9, 10, 11, 12, 13, 14, 15]]": 0.9934, "[[0, 1], [2, 3]]": 0.9925, "[[0], [1]]": 0.9945}, "Layer2": {"[[0, 1, 2, 3, 4, 5, 6, 7], [8, 9, 10, 11, 12, 13, 14, 15]]": 0.9781, "[[0, 1], [2, 3]]": 0.98, "[[0], [1]]": 0.9802}, "Layer3": {"[[0, 1, 2, 3, 4, 5, 6, 7], [8, 9, 10, 11, 12, 13, 14, 15]]": 0.9537, "[[0, 1], [2, 3]]": 0.9544, "[[0], [1]]": 0.9463}}, {"accuracy": 0.955, "Layer1": {"[[0, 1, 2, 3, 4, 5, 6, 7], [8, 9, 10, 11, 12, 13, 14, 15]]": 0.9948, "[[0, 1], [2, 3]]": 0.995, "[[0], [1]]": 0.9956}, "Layer2": {"[[0, 1, 2, 3, 4, 5, 6, 7], [8, 9, 10, 11, 12, 13, 14, 15]]": 0.9891, "[[0, 1], [2, 3]]": 0.983, "[[0], [1]]": 0.9859}, "Layer3": {"[[0, 1, 2, 3, 4, 5, 6, 7], [8, 9, 10, 11, 12, 13, 14, 15]]": 0.9696, "[[0, 1], [2, 3]]": 0.9618, "[[0], [1]]": 0.9595}}]]