[[{"accuracy": 0.4967, "Layer1": {"[[0, 1, 2, 3, 4, 5, 6, 7]]": 0.5137, "[[0, 1]]": 0.4977, "[[0]]": 0.6077}, "Layer2": {"[[0, 1, 2, 3, 4, 5, 6, 7]]": 0.496, "[[0, 1]]": 0.5097, "[[0]]": 0.5031}, "Layer3": {"[[0, 1, 2, 3, 4, 5, 6, 7]]": 0.5037, "[[0, 1]]": 0.501, "[[0]]": 0.4983}}, {"accuracy": 0.502, "Layer1": {"[[0, 1, 2, 3, 4, 5, 6, 7]]": 0.6552, "[[0, 1]]": 0.6373, "[[0]]": 0.6366}, "Layer2": {"[[0, 1, 2, 3, 4, 5, 6, 7]]": 0.5422, "[[0, 1]]": 0.5447, "[[0]]": 0.5296}, "Layer3": {"[[0, 1, 2, 3, 4, 5, 6, 7]]": 0.505, "[[0, 1]]": 0.5087, "[[0]]": 0.5071}}, {"accuracy": 0.5591, "Layer1": {"[[0, 1, 2, 3, 4, 5, 6, 7]]": 0.7051, "[[0, 1]]": 0.6924, "[[0]]": 0.692}, "Layer2": {"[[0, 1, 2, 3, 4, 5, 6, 7]]": 0.6161, "[[0, 1]]": 0.5806, "[[0]]": 0.6076}, "Layer3": {"[[0, 1, 2, 3, 4, 5, 6, 7]]": 0.5507, "[[0, 1]]": 0.5452, "[[0]]": 0.5321}}, {"accuracy": 0.6199, "Layer1": {"[[0, 1, 2, 3, 4, 5, 6, 7]]": 0.7275, "[[0, 1]]": 0.7241, "[[0]]": 0.7041}, "Layer2": {"[[0, 1, 2, 3, 4, 5, 6, 7]]": 0.6579, "[[0, 1]]": 0.6375, "[[0]]": 0.643}, "Layer3": {"[[0, 1, 2, 3, 4, 5, 6, 7]]": 0.5748, "[[0, 1]]": 0.5875, "[[0]]": 0.5699}}, {"accuracy": 0.697, "Layer1": {"[[0, 1, 2, 3, 4, 5, 6, 7]]": 0.7447, "[[0, 1]]": 0.7244, "[[0]]": 0.7333}, "Layer2": {"[[0, 1, 2, 3, 4, 5, 6, 7]]": 0.6633, "[[0, 1]]": 0.6417, "[[0]]": 0.6314}, "Layer3": {"[[0, 1, 2, 3, 4, 5, 6, 7]]": 0.5761, "[[0, 1]]": 0.5115, "[[0]]": 0.5065}}, {"accuracy": 0.7885, "Layer1": {"[[0, 1, 2, 3, 4, 5, 6, 7]]": 0.7253, "[[0, 1]]": 0.7257, "[[0]]": 0.7233}, "Layer2": {"[[0, 1, 2, 3, 4, 5, 6, 7]]": 0.6107, "[[0, 1]]": 0.6231, "[[0]]": 0.5501}, "Layer3": {"[[0, 1, 2, 3, 4, 5, 6, 7]]": 0.507, "[[0, 1]]": 0.5061, "[[0]]": 0.5051}}, {"accuracy": 0.8664, "Layer1": {"[[0, 1, 2, 3, 4, 5, 6, 7]]": 0.6988, "[[0, 1]]": 0.5051, "[[0]]": 0.6559}, "Layer2": {"[[0, 1, 2, 3, 4, 5, 6, 7]]": 0.5199, "[[0, 1]]": 0.5256, "[[0]]": 0.508}, "Layer3": {"[[0, 1, 2, 3, 4, 5, 6, 7]]": 0.5049, "[[0, 1]]": 0.5061, "[[0]]": 0.5069}}, {"accuracy": 0.9163, "Layer1": {"[[0, 1, 2, 3, 4, 5, 6, 7]]": 0.5093, "[[0, 1]]": 0.5148, "[[0]]": 0.5097}, "Layer2": {"[[0, 1, 2, 3, 4, 5, 6, 7]]": 0.5175, "[[0, 1]]": 0.5193, "[[0]]": 0.5037}, "Layer3": {"[[0, 1, 2, 3, 4, 5, 6, 7]]": 0.5018, "[[0, 1]]": 0.5129, "[[0]]": 0.5121}}, {"accuracy": 0.9494, "Layer1": {"[[0, 1, 2, 3, 4, 5, 6, 7]]": 0.5325, "[[0, 1]]": 0.5046, "[[0]]": 0.5238}, "Layer2": {"[[0, 1, 2, 3, 4, 5, 6, 7]]": 0.4998, "[[0, 1]]": 0.5064, "[[0]]": 0.5099}, "Layer3": {"[[0, 1, 2, 3, 4, 5, 6, 7]]": 0.515, "[[0, 1]]": 0.5102, "[[0]]": 0.505}}, {"accuracy": 0.9655, "Layer1": {"[[0, 1, 2, 3, 4, 5, 6, 7]]": 0.513, "[[0, 1]]": 0.5159, "[[0]]": 0.5163}, "Layer2": {"[[0, 1, 2, 3, 4, 5, 6, 7]]": 0.5237, "[[0, 1]]": 0.5302, "[[0]]": 0.5225}, "Layer3": {"[[0, 1, 2, 3, 4, 5, 6, 7]]": 0.5042, "[[0, 1]]": 0.5198, "[[0]]": 0.5048}}, {"accuracy": 0.977, "Layer1": {"[[0, 1, 2, 3, 4, 5, 6, 7]]": 0.5173, "[[0, 1]]": 0.5146, "[[0]]": 0.5087}, "Layer2": {"[[0, 1, 2, 3, 4, 5, 6, 7]]": 0.5231, "[[0, 1]]": 0.5093, "[[0]]": 0.526}, "Layer3": {"[[0, 1, 2, 3, 4, 5, 6, 7]]": 0.5154, "[[0, 1]]": 0.5133, "[[0]]": 0.5139}}, {"accuracy": 0.9857, "Layer1": {"[[0, 1, 2, 3, 4, 5, 6, 7]]": 0.5012, "[[0, 1]]": 0.5345, "[[0]]": 0.5248}, "Layer2": {"[[0, 1, 2, 3, 4, 5, 6, 7]]": 0.5227, "[[0, 1]]": 0.5111, "[[0]]": 0.5167}, "Layer3": {"[[0, 1, 2, 3, 4, 5, 6, 7]]": 0.5151, "[[0, 1]]": 0.5014, "[[0]]": 0.5084}}, {"accuracy": 0.9917, "Layer1": {"[[0, 1, 2, 3, 4, 5, 6, 7]]": 0.5023, "[[0, 1]]": 0.5117, "[[0]]": 0.5059}, "Layer2": {"[[0, 1, 2, 3, 4, 5, 6, 7]]": 0.5063, "[[0, 1]]": 0.5258, "[[0]]": 0.5228}, "Layer3": {"[[0, 1, 2, 3, 4, 5, 6, 7]]": 0.5248, "[[0, 1]]": 0.5267, "[[0]]": 0.5289}}, {"accuracy": 0.9942, "Layer1": {"[[0, 1, 2, 3, 4, 5, 6, 7]]": 0.5362, "[[0, 1]]": 0.5031, "[[0]]": 0.5276}, "Layer2": {"[[0, 1, 2, 3, 4, 5, 6, 7]]": 0.5061, "[[0, 1]]": 0.501, "[[0]]": 0.5078}, "Layer3": {"[[0, 1, 2, 3, 4, 5, 6, 7]]": 0.516, "[[0, 1]]": 0.52, "[[0]]": 0.5133}}, {"accuracy": 0.996, "Layer1": {"[[0, 1, 2, 3, 4, 5, 6, 7]]": 0.5343, "[[0, 1]]": 0.5249, "[[0]]": 0.5079}, "Layer2": {"[[0, 1, 2, 3, 4, 5, 6, 7]]": 0.516, "[[0, 1]]": 0.5183, "[[0]]": 0.5095}, "Layer3": {"[[0, 1, 2, 3, 4, 5, 6, 7]]": 0.5279, "[[0, 1]]": 0.523, "[[0]]": 0.5203}}, {"accuracy": 0.9961, "Layer1": {"[[0, 1, 2, 3, 4, 5, 6, 7]]": 0.5152, "[[0, 1]]": 0.5089, "[[0]]": 0.4968}, "Layer2": {"[[0, 1, 2, 3, 4, 5, 6, 7]]": 0.5038, "[[0, 1]]": 0.5024, "[[0]]": 0.5028}, "Layer3": {"[[0, 1, 2, 3, 4, 5, 6, 7]]": 0.5043, "[[0, 1]]": 0.4984, "[[0]]": 0.5091}}, {"accuracy": 0.9969, "Layer1": {"[[0, 1, 2, 3, 4, 5, 6, 7]]": 0.5036, "[[0, 1]]": 0.5321, "[[0]]": 0.517}, "Layer2": {"[[0, 1, 2, 3, 4, 5, 6, 7]]": 0.503, "[[0, 1]]": 0.496, "[[0]]": 0.501}, "Layer3": {"[[0, 1, 2, 3, 4, 5, 6, 7]]": 0.5168, "[[0, 1]]": 0.5138, "[[0]]": 0.5072}}], [{"accuracy": 0.4831, "Layer1": {"[[0, 1, 2, 3, 4, 5, 6, 7]]": 0.636, "[[0, 1]]": 0.6225, "[[0]]": 0.6329}, "Layer2": {"[[0, 1, 2, 3, 4, 5, 6, 7]]": 0.5098, "[[0, 1]]": 0.4939, "[[0]]": 0.4984}, "Layer3": {"[[0, 1, 2, 3, 4, 5, 6, 7]]": 0.5032, "[[0, 1]]": 0.4986, "[[0]]": 0.5028}}, {"accuracy": 0.5251, "Layer1": {"[[0, 1, 2, 3, 4, 5, 6, 7]]": 0.6896, "[[0, 1]]": 0.6827, "[[0]]": 0.6652}, "Layer2": {"[[0, 1, 2, 3, 4, 5, 6, 7]]": 0.5224, "[[0, 1]]": 0.4991, "[[0]]": 0.5171}, "Layer3": {"[[0, 1, 2, 3, 4, 5, 6, 7]]": 0.4971, "[[0, 1]]": 0.4943, "[[0]]": 0.4967}}, {"accuracy": 0.5664, "Layer1": {"[[0, 1, 2, 3, 4, 5, 6, 7]]": 0.7081, "[[0, 1]]": 0.6969, "[[0]]": 0.6867}, "Layer2": {"[[0, 1, 2, 3, 4, 5, 6, 7]]": 0.5824, "[[0, 1]]": 0.589, "[[0]]": 0.5611}, "Layer3": {"[[0, 1, 2, 3, 4, 5, 6, 7]]": 0.5315, "[[0, 1]]": 0.5346, "[[0]]": 0.5243}}, {"accuracy": 0.6314, "Layer1": {"[[0, 1, 2, 3, 4, 5, 6, 7]]": 0.7084, "[[0, 1]]": 0.7156, "[[0]]": 0.6602}, "Layer2": {"[[0, 1, 2, 3, 4, 5, 6, 7]]": 0.6297, "[[0, 1]]": 0.5931, "[[0]]": 0.5898}, "Layer3": {"[[0, 1, 2, 3, 4, 5, 6, 7]]": 0.5788, "[[0, 1]]": 0.5654, "[[0]]": 0.5363}}, {"accuracy": 0.7144, "Layer1": {"[[0, 1, 2, 3, 4, 5, 6, 7]]": 0.7036, "[[0, 1]]": 0.6619, "[[0]]": 0.6516}, "Layer2": {"[[0, 1, 2, 3, 4, 5, 6, 7]]": 0.6018, "[[0, 1]]": 0.5322, "[[0]]": 0.523}, "Layer3": {"[[0, 1, 2, 3, 4, 5, 6, 7]]": 0.529, "[[0, 1]]": 0.52, "[[0]]": 0.5142}}, {"accuracy": 0.777, "Layer1": {"[[0, 1, 2, 3, 4, 5, 6, 7]]": 0.6682, "[[0, 1]]": 0.6466, "[[0]]": 0.5649}, "Layer2": {"[[0, 1, 2, 3, 4, 5, 6, 7]]": 0.5643, "[[0, 1]]": 0.5789, "[[0]]": 0.5261}, "Layer3": {"[[0, 1, 2, 3, 4, 5, 6, 7]]": 0.5042, "[[0, 1]]": 0.5068, "[[0]]": 0.5049}}, {"accuracy": 0.8283, "Layer1": {"[[0, 1, 2, 3, 4, 5, 6, 7]]": 0.59, "[[0, 1]]": 0.6117, "[[0]]": 0.5228}, "Layer2": {"[[0, 1, 2, 3, 4, 5, 6, 7]]": 0.5019, "[[0, 1]]": 0.4985, "[[0]]": 0.5008}, "Layer3": {"[[0, 1, 2, 3, 4, 5, 6, 7]]": 0.4931, "[[0, 1]]": 0.495, "[[0]]": 0.4995}}, {"accuracy": 0.8771, "Layer1": {"[[0, 1, 2, 3, 4, 5, 6, 7]]": 0.5062, "[[0, 1]]": 0.5193, "[[0]]": 0.4938}, "Layer2": {"[[0, 1, 2, 3, 4, 5, 6, 7]]": 0.4994, "[[0, 1]]": 0.5057, "[[0]]": 0.4957}, "Layer3": {"[[0, 1, 2, 3, 4, 5, 6, 7]]": 0.5012, "[[0, 1]]": 0.5088, "[[0]]": 0.5079}}, {"accuracy": 0.8965, "Layer1": {"[[0, 1, 2, 3, 4, 5, 6, 7]]": 0.5068, "[[0, 1]]": 0.5087, "[[0]]": 0.5114}, "Layer2": {"[[0, 1, 2, 3, 4, 5, 6, 7]]": 0.4891, "[[0, 1]]": 0.5015, "[[0]]": 0.4945}, "Layer3": {"[[0, 1, 2, 3, 4, 5, 6, 7]]": 0.5006, "[[0, 1]]": 0.499, "[[0]]": 0.495}}, {"accuracy": 0.9202, "Layer1": {"[[0, 1, 2, 3, 4, 5, 6, 7]]": 0.4992, "[[0, 1]]": 0.5098, "[[0]]": 0.5033}, "Layer2": {"[[0, 1, 2, 3, 4, 5, 6, 7]]": 0.4943, "[[0, 1]]": 0.4995, "[[0]]": 0.5035}, "Layer3": {"[[0, 1, 2, 3, 4, 5, 6, 7]]": 0.4971, "[[0, 1]]": 0.4997, "[[0]]": 0.4984}}, {"accuracy": 0.9355, "Layer1": {"[[0, 1, 2, 3, 4, 5, 6, 7]]": 0.513, "[[0, 1]]": 0.5081, "[[0]]": 0.5062}, "Layer2": {"[[0, 1, 2, 3, 4, 5, 6, 7]]": 0.5102, "[[0, 1]]": 0.5003, "[[0]]": 0.5081}, "Layer3": {"[[0, 1, 2, 3, 4, 5, 6, 7]]": 0.4999, "[[0, 1]]": 0.4961, "[[0]]": 0.4978}}, {"accuracy": 0.957, "Layer1": {"[[0, 1, 2, 3, 4, 5, 6, 7]]": 0.4925, "[[0, 1]]": 0.5108, "[[0]]": 0.4978}, "Layer2": {"[[0, 1, 2, 3, 4, 5, 6, 7]]": 0.499, "[[0, 1]]": 0.4988, "[[0]]": 0.5012}, "Layer3": {"[[0, 1, 2, 3, 4, 5, 6, 7]]": 0.5022, "[[0, 1]]": 0.4998, "[[0]]": 0.5045}}, {"accuracy": 0.9727, "Layer1": {"[[0, 1, 2, 3, 4, 5, 6, 7]]": 0.5014, "[[0, 1]]": 0.5026, "[[0]]": 0.5084}, "Layer2": {"[[0, 1, 2, 3, 4, 5, 6, 7]]": 0.4997, "[[0, 1]]": 0.4987, "[[0]]": 0.4971}, "Layer3": {"[[0, 1, 2, 3, 4, 5, 6, 7]]": 0.5077, "[[0, 1]]": 0.4946, "[[0]]": 0.5038}}, {"accuracy": 0.9851, "Layer1": {"[[0, 1, 2, 3, 4, 5, 6, 7]]": 0.5031, "[[0, 1]]": 0.5074, "[[0]]": 0.507}, "Layer2": {"[[0, 1, 2, 3, 4, 5, 6, 7]]": 0.4992, "[[0, 1]]": 0.4985, "[[0]]": 0.5}, "Layer3": {"[[0, 1, 2, 3, 4, 5, 6, 7]]": 0.4944, "[[0, 1]]": 0.5002, "[[0]]": 0.4997}}, {"accuracy": 0.9921, "Layer1": {"[[0, 1, 2, 3, 4, 5, 6, 7]]": 0.4987, "[[0, 1]]": 0.4961, "[[0]]": 0.5099}, "Layer2": {"[[0, 1, 2, 3, 4, 5, 6, 7]]": 0.4967, "[[0, 1]]": 0.5014, "[[0]]": 0.4985}, "Layer3": {"[[0, 1, 2, 3, 4, 5, 6, 7]]": 0.4964, "[[0, 1]]": 0.4898, "[[0]]": 0.4985}}, {"accuracy": 0.9949, "Layer1": {"[[0, 1, 2, 3, 4, 5, 6, 7]]": 0.5, "[[0, 1]]": 0.4976, "[[0]]": 0.4906}, "Layer2": {"[[0, 1, 2, 3, 4, 5, 6, 7]]": 0.4976, "[[0, 1]]": 0.5055, "[[0]]": 0.4979}, "Layer3": {"[[0, 1, 2, 3, 4, 5, 6, 7]]": 0.5052, "[[0, 1]]": 0.5037, "[[0]]": 0.4977}}, {"accuracy": 0.9965, "Layer1": {"[[0, 1, 2, 3, 4, 5, 6, 7]]": 0.5008, "[[0, 1]]": 0.5116, "[[0]]": 0.4973}, "Layer2": {"[[0, 1, 2, 3, 4, 5, 6, 7]]": 0.5058, "[[0, 1]]": 0.4954, "[[0]]": 0.5146}, "Layer3": {"[[0, 1, 2, 3, 4, 5, 6, 7]]": 0.511, "[[0, 1]]": 0.5019, "[[0]]": 0.5067}}], [{"accuracy": 0.4986, "Layer1": {"[[0, 1, 2, 3, 4, 5, 6, 7]]": 0.5369, "[[0, 1]]": 0.5037, "[[0]]": 0.5053}, "Layer2": {"[[0, 1, 2, 3, 4, 5, 6, 7]]": 0.503, "[[0, 1]]": 0.5082, "[[0]]": 0.5025}, "Layer3": {"[[0, 1, 2, 3, 4, 5, 6, 7]]": 0.4954, "[[0, 1]]": 0.4973, "[[0]]": 0.4992}}, {"accuracy": 0.5057, "Layer1": {"[[0, 1, 2, 3, 4, 5, 6, 7]]": 0.6418, "[[0, 1]]": 0.6636, "[[0]]": 0.6322}, "Layer2": {"[[0, 1, 2, 3, 4, 5, 6, 7]]": 0.5517, "[[0, 1]]": 0.5469, "[[0]]": 0.5369}, "Layer3": {"[[0, 1, 2, 3, 4, 5, 6, 7]]": 0.5053, "[[0, 1]]": 0.4988, "[[0]]": 0.507}}, {"accuracy": 0.5123, "Layer1": {"[[0, 1, 2, 3, 4, 5, 6, 7]]": 0.6943, "[[0, 1]]": 0.659, "[[0]]": 0.6744}, "Layer2": {"[[0, 1, 2, 3, 4, 5, 6, 7]]": 0.5672, "[[0, 1]]": 0.5693, "[[0]]": 0.5524}, "Layer3": {"[[0, 1, 2, 3, 4, 5, 6, 7]]": 0.5084, "[[0, 1]]": 0.5115, "[[0]]": 0.5267}}, {"accuracy": 0.5822, "Layer1": {"[[0, 1, 2, 3, 4, 5, 6, 7]]": 0.6956, "[[0, 1]]": 0.7153, "[[0]]": 0.7146}, "Layer2": {"[[0, 1, 2, 3, 4, 5, 6, 7]]": 0.579, "[[0, 1]]": 0.5881, "[[0]]": 0.5891}, "Layer3": {"[[0, 1, 2, 3, 4, 5, 6, 7]]": 0.5421, "[[0, 1]]": 0.5253, "[[0]]": 0.5377}}, {"accuracy": 0.6436, "Layer1": {"[[0, 1, 2, 3, 4, 5, 6, 7]]": 0.7445, "[[0, 1]]": 0.7272, "[[0]]": 0.7216}, "Layer2": {"[[0, 1, 2, 3, 4, 5, 6, 7]]": 0.6353, "[[0, 1]]": 0.6113, "[[0]]": 0.6049}, "Layer3": {"[[0, 1, 2, 3, 4, 5, 6, 7]]": 0.5744, "[[0, 1]]": 0.5967, "[[0]]": 0.5328}}, {"accuracy": 0.6749, "Layer1": {"[[0, 1, 2, 3, 4, 5, 6, 7]]": 0.7573, "[[0, 1]]": 0.7458, "[[0]]": 0.7479}, "Layer2": {"[[0, 1, 2, 3, 4, 5, 6, 7]]": 0.5793, "[[0, 1]]": 0.6096, "[[0]]": 0.535}, "Layer3": {"[[0, 1, 2, 3, 4, 5, 6, 7]]": 0.57, "[[0, 1]]": 0.5423, "[[0]]": 0.5228}}, {"accuracy": 0.7376, "Layer1": {"[[0, 1, 2, 3, 4, 5, 6, 7]]": 0.7766, "[[0, 1]]": 0.7474, "[[0]]": 0.756}, "Layer2": {"[[0, 1, 2, 3, 4, 5, 6, 7]]": 0.5308, "[[0, 1]]": 0.5313, "[[0]]": 0.5243}, "Layer3": {"[[0, 1, 2, 3, 4, 5, 6, 7]]": 0.5092, "[[0, 1]]": 0.5355, "[[0]]": 0.5258}}, {"accuracy": 0.7914, "Layer1": {"[[0, 1, 2, 3, 4, 5, 6, 7]]": 0.7312, "[[0, 1]]": 0.7323, "[[0]]": 0.7173}, "Layer2": {"[[0, 1, 2, 3, 4, 5, 6, 7]]": 0.5398, "[[0, 1]]": 0.5381, "[[0]]": 0.5313}, "Layer3": {"[[0, 1, 2, 3, 4, 5, 6, 7]]": 0.5215, "[[0, 1]]": 0.5282, "[[0]]": 0.5249}}, {"accuracy": 0.8397, "Layer1": {"[[0, 1, 2, 3, 4, 5, 6, 7]]": 0.6993, "[[0, 1]]": 0.7173, "[[0]]": 0.687}, "Layer2": {"[[0, 1, 2, 3, 4, 5, 6, 7]]": 0.5333, "[[0, 1]]": 0.5386, "[[0]]": 0.521}, "Layer3": {"[[0, 1, 2, 3, 4, 5, 6, 7]]": 0.5357, "[[0, 1]]": 0.5183, "[[0]]": 0.5174}}, {"accuracy": 0.8749, "Layer1": {"[[0, 1, 2, 3, 4, 5, 6, 7]]": 0.5453, "[[0, 1]]": 0.661, "[[0]]": 0.5335}, "Layer2": {"[[0, 1, 2, 3, 4, 5, 6, 7]]": 0.5449, "[[0, 1]]": 0.522, "[[0]]": 0.5352}, "Layer3": {"[[0, 1, 2, 3, 4, 5, 6, 7]]": 0.5218, "[[0, 1]]": 0.5231, "[[0]]": 0.526}}, {"accuracy": 0.9034, "Layer1": {"[[0, 1, 2, 3, 4, 5, 6, 7]]": 0.5398, "[[0, 1]]": 0.5341, "[[0]]": 0.5329}, "Layer2": {"[[0, 1, 2, 3, 4, 5, 6, 7]]": 0.5127, "[[0, 1]]": 0.535, "[[0]]": 0.5245}, "Layer3": {"[[0, 1, 2, 3, 4, 5, 6, 7]]": 0.5141, "[[0, 1]]": 0.5127, "[[0]]": 0.5144}}, {"accuracy": 0.9256, "Layer1": {"[[0, 1, 2, 3, 4, 5, 6, 7]]": 0.5325, "[[0, 1]]": 0.6241, "[[0]]": 0.5247}, "Layer2": {"[[0, 1, 2, 3, 4, 5, 6, 7]]": 0.5424, "[[0, 1]]": 0.5363, "[[0]]": 0.5154}, "Layer3": {"[[0, 1, 2, 3, 4, 5, 6, 7]]": 0.5291, "[[0, 1]]": 0.5096, "[[0]]": 0.5105}}, {"accuracy": 0.944, "Layer1": {"[[0, 1, 2, 3, 4, 5, 6, 7]]": 0.5319, "[[0, 1]]": 0.6102, "[[0]]": 0.5403}, "Layer2": {"[[0, 1, 2, 3, 4, 5, 6, 7]]": 0.5265, "[[0, 1]]": 0.5257, "[[0]]": 0.5183}, "Layer3": {"[[0, 1, 2, 3, 4, 5, 6, 7]]": 0.5087, "[[0, 1]]": 0.5173, "[[0]]": 0.5059}}, {"accuracy": 0.9549, "Layer1": {"[[0, 1, 2, 3, 4, 5, 6, 7]]": 0.534, "[[0, 1]]": 0.5297, "[[0]]": 0.5328}, "Layer2": {"[[0, 1, 2, 3, 4, 5, 6, 7]]": 0.5242, "[[0, 1]]": 0.5251, "[[0]]": 0.5244}, "Layer3": {"[[0, 1, 2, 3, 4, 5, 6, 7]]": 0.5191, "[[0, 1]]": 0.5033, "[[0]]": 0.5085}}, {"accuracy": 0.9677, "Layer1": {"[[0, 1, 2, 3, 4, 5, 6, 7]]": 0.5252, "[[0, 1]]": 0.52, "[[0]]": 0.5306}, "Layer2": {"[[0, 1, 2, 3, 4, 5, 6, 7]]": 0.5299, "[[0, 1]]": 0.5213, "[[0]]": 0.532}, "Layer3": {"[[0, 1, 2, 3, 4, 5, 6, 7]]": 0.5107, "[[0, 1]]": 0.5088, "[[0]]": 0.5111}}, {"accuracy": 0.9782, "Layer1": {"[[0, 1, 2, 3, 4, 5, 6, 7]]": 0.5115, "[[0, 1]]": 0.5166, "[[0]]": 0.527}, "Layer2": {"[[0, 1, 2, 3, 4, 5, 6, 7]]": 0.5136, "[[0, 1]]": 0.5129, "[[0]]": 0.5077}, "Layer3": {"[[0, 1, 2, 3, 4, 5, 6, 7]]": 0.5065, "[[0, 1]]": 0.5066, "[[0]]": 0.5231}}, {"accuracy": 0.9844, "Layer1": {"[[0, 1, 2, 3, 4, 5, 6, 7]]": 0.5285, "[[0, 1]]": 0.5217, "[[0]]": 0.5182}, "Layer2": {"[[0, 1, 2, 3, 4, 5, 6, 7]]": 0.5147, "[[0, 1]]": 0.5063, "[[0]]": 0.5144}, "Layer3": {"[[0, 1, 2, 3, 4, 5, 6, 7]]": 0.5196, "[[0, 1]]": 0.5108, "[[0]]": 0.517}}], [{"accuracy": 0.498, "Layer1": {"[[0, 1, 2, 3, 4, 5, 6, 7]]": 0.6823, "[[0, 1]]": 0.6973, "[[0]]": 0.6747}, "Layer2": {"[[0, 1, 2, 3, 4, 5, 6, 7]]": 0.5961, "[[0, 1]]": 0.5822, "[[0]]": 0.6049}, "Layer3": {"[[0, 1, 2, 3, 4, 5, 6, 7]]": 0.5089, "[[0, 1]]": 0.5123, "[[0]]": 0.5059}}, {"accuracy": 0.5097, "Layer1": {"[[0, 1, 2, 3, 4, 5, 6, 7]]": 0.737, "[[0, 1]]": 0.742, "[[0]]": 0.7244}, "Layer2": {"[[0, 1, 2, 3, 4, 5, 6, 7]]": 0.6551, "[[0, 1]]": 0.6323, "[[0]]": 0.6257}, "Layer3": {"[[0, 1, 2, 3, 4, 5, 6, 7]]": 0.5177, "[[0, 1]]": 0.5164, "[[0]]": 0.5002}}, {"accuracy": 0.6005, "Layer1": {"[[0, 1, 2, 3, 4, 5, 6, 7]]": 0.7713, "[[0, 1]]": 0.7608, "[[0]]": 0.7434}, "Layer2": {"[[0, 1, 2, 3, 4, 5, 6, 7]]": 0.6897, "[[0, 1]]": 0.6893, "[[0]]": 0.653}, "Layer3": {"[[0, 1, 2, 3, 4, 5, 6, 7]]": 0.6043, "[[0, 1]]": 0.577, "[[0]]": 0.5992}}, {"accuracy": 0.6359, "Layer1": {"[[0, 1, 2, 3, 4, 5, 6, 7]]": 0.7763, "[[0, 1]]": 0.7606, "[[0]]": 0.7292}, "Layer2": {"[[0, 1, 2, 3, 4, 5, 6, 7]]": 0.6783, "[[0, 1]]": 0.6759, "[[0]]": 0.6406}, "Layer3": {"[[0, 1, 2, 3, 4, 5, 6, 7]]": 0.5945, "[[0, 1]]": 0.5915, "[[0]]": 0.5091}}, {"accuracy": 0.7076, "Layer1": {"[[0, 1, 2, 3, 4, 5, 6, 7]]": 0.7808, "[[0, 1]]": 0.7782, "[[0]]": 0.7404}, "Layer2": {"[[0, 1, 2, 3, 4, 5, 6, 7]]": 0.6382, "[[0, 1]]": 0.6466, "[[0]]": 0.6005}, "Layer3": {"[[0, 1, 2, 3, 4, 5, 6, 7]]": 0.5815, "[[0, 1]]": 0.5802, "[[0]]": 0.522}}, {"accuracy": 0.7592, "Layer1": {"[[0, 1, 2, 3, 4, 5, 6, 7]]": 0.7714, "[[0, 1]]": 0.7929, "[[0]]": 0.7514}, "Layer2": {"[[0, 1, 2, 3, 4, 5, 6, 7]]": 0.6168, "[[0, 1]]": 0.6017, "[[0]]": 0.6078}, "Layer3": {"[[0, 1, 2, 3, 4, 5, 6, 7]]": 0.5051, "[[0, 1]]": 0.5122, "[[0]]": 0.5149}}, {"accuracy": 0.806, "Layer1": {"[[0, 1, 2, 3, 4, 5, 6, 7]]": 0.7773, "[[0, 1]]": 0.7833, "[[0]]": 0.7312}, "Layer2": {"[[0, 1, 2, 3, 4, 5, 6, 7]]": 0.6078, "[[0, 1]]": 0.5189, "[[0]]": 0.5044}, "Layer3": {"[[0, 1, 2, 3, 4, 5, 6, 7]]": 0.5009, "[[0, 1]]": 0.5078, "[[0]]": 0.5111}}, {"accuracy": 0.8348, "Layer1": {"[[0, 1, 2, 3, 4, 5, 6, 7]]": 0.7372, "[[0, 1]]": 0.7754, "[[0]]": 0.7135}, "Layer2": {"[[0, 1, 2, 3, 4, 5, 6, 7]]": 0.5876, "[[0, 1]]": 0.5041, "[[0]]": 0.5135}, "Layer3": {"[[0, 1, 2, 3, 4, 5, 6, 7]]": 0.506, "[[0, 1]]": 0.4973, "[[0]]": 0.5013}}, {"accuracy": 0.8557, "Layer1": {"[[0, 1, 2, 3, 4, 5, 6, 7]]": 0.6893, "[[0, 1]]": 0.7009, "[[0]]": 0.5198}, "Layer2": {"[[0, 1, 2, 3, 4, 5, 6, 7]]": 0.5708, "[[0, 1]]": 0.5022, "[[0]]": 0.4985}, "Layer3": {"[[0, 1, 2, 3, 4, 5, 6, 7]]": 0.5082, "[[0, 1]]": 0.4956, "[[0]]": 0.5056}}, {"accuracy": 0.874, "Layer1": {"[[0, 1, 2, 3, 4, 5, 6, 7]]": 0.6552, "[[0, 1]]": 0.6833, "[[0]]": 0.6009}, "Layer2": {"[[0, 1, 2, 3, 4, 5, 6, 7]]": 0.5051, "[[0, 1]]": 0.5039, "[[0]]": 0.5012}, "Layer3": {"[[0, 1, 2, 3, 4, 5, 6, 7]]": 0.5059, "[[0, 1]]": 0.5004, "[[0]]": 0.5027}}, {"accuracy": 0.8914, "Layer1": {"[[0, 1, 2, 3, 4, 5, 6, 7]]": 0.5067, "[[0, 1]]": 0.5086, "[[0]]": 0.5087}, "Layer2": {"[[0, 1, 2, 3, 4, 5, 6, 7]]": 0.4994, "[[0, 1]]": 0.5123, "[[0]]": 0.5114}, "Layer3": {"[[0, 1, 2, 3, 4, 5, 6, 7]]": 0.4945, "[[0, 1]]": 0.4888, "[[0]]": 0.5007}}, {"accuracy": 0.9068, "Layer1": {"[[0, 1, 2, 3, 4, 5, 6, 7]]": 0.5018, "[[0, 1]]": 0.5138, "[[0]]": 0.5101}, "Layer2": {"[[0, 1, 2, 3, 4, 5, 6, 7]]": 0.505, "[[0, 1]]": 0.4962, "[[0]]": 0.4972}, "Layer3": {"[[0, 1, 2, 3, 4, 5, 6, 7]]": 0.4898, "[[0, 1]]": 0.4928, "[[0]]": 0.5008}}, {"accuracy": 0.9212, "Layer1": {"[[0, 1, 2, 3, 4, 5, 6, 7]]": 0.5044, "[[0, 1]]": 0.5156, "[[0]]": 0.5121}, "Layer2": {"[[0, 1, 2, 3, 4, 5, 6, 7]]": 0.5083, "[[0, 1]]": 0.5036, "[[0]]": 0.4952}, "Layer3": {"[[0, 1, 2, 3, 4, 5, 6, 7]]": 0.512, "[[0, 1]]": 0.5022, "[[0]]": 0.4966}}, {"accuracy": 0.934, "Layer1": {"[[0, 1, 2, 3, 4, 5, 6, 7]]": 0.4962, "[[0, 1]]": 0.5001, "[[0]]": 0.5101}, "Layer2": {"[[0, 1, 2, 3, 4, 5, 6, 7]]": 0.5088, "[[0, 1]]": 0.5008, "[[0]]": 0.504}, "Layer3": {"[[0, 1, 2, 3, 4, 5, 6, 7]]": 0.5007, "[[0, 1]]": 0.5006, "[[0]]": 0.5004}}, {"accuracy": 0.9453, "Layer1": {"[[0, 1, 2, 3, 4, 5, 6, 7]]": 0.4997, "[[0, 1]]": 0.5072, "[[0]]": 0.505}, "Layer2": {"[[0, 1, 2, 3, 4, 5, 6, 7]]": 0.5114, "[[0, 1]]": 0.5028, "[[0]]": 0.5087}, "Layer3": {"[[0, 1, 2, 3, 4, 5, 6, 7]]": 0.5092, "[[0, 1]]": 0.5107, "[[0]]": 0.5116}}, {"accuracy": 0.9538, "Layer1": {"[[0, 1, 2, 3, 4, 5, 6, 7]]": 0.5083, "[[0, 1]]": 0.5068, "[[0]]": 0.5055}, "Layer2": {"[[0, 1, 2, 3, 4, 5, 6, 7]]": 0.5113, "[[0, 1]]": 0.4986, "[[0]]": 0.499}, "Layer3": {"[[0, 1, 2, 3, 4, 5, 6, 7]]": 0.5045, "[[0, 1]]": 0.4958, "[[0]]": 0.4937}}, {"accuracy": 0.9592, "Layer1": {"[[0, 1, 2, 3, 4, 5, 6, 7]]": 0.5078, "[[0, 1]]": 0.5189, "[[0]]": 0.5112}, "Layer2": {"[[0, 1, 2, 3, 4, 5, 6, 7]]": 0.5033, "[[0, 1]]": 0.5077, "[[0]]": 0.4965}, "Layer3": {"[[0, 1, 2, 3, 4, 5, 6, 7]]": 0.518, "[[0, 1]]": 0.5041, "[[0]]": 0.4991}}], [{"accuracy": 0.5005, "Layer1": {"[[0, 1, 2, 3, 4, 5, 6, 7]]": 0.636, "[[0, 1]]": 0.6102, "[[0]]": 0.6149}, "Layer2": {"[[0, 1, 2, 3, 4, 5, 6, 7]]": 0.5653, "[[0, 1]]": 0.5601, "[[0]]": 0.5579}, "Layer3": {"[[0, 1, 2, 3, 4, 5, 6, 7]]": 0.5287, "[[0, 1]]": 0.525, "[[0]]": 0.5252}}, {"accuracy": 0.5047, "Layer1": {"[[0, 1, 2, 3, 4, 5, 6, 7]]": 0.6641, "[[0, 1]]": 0.6781, "[[0]]": 0.6402}, "Layer2": {"[[0, 1, 2, 3, 4, 5, 6, 7]]": 0.5371, "[[0, 1]]": 0.5441, "[[0]]": 0.4996}, "Layer3": {"[[0, 1, 2, 3, 4, 5, 6, 7]]": 0.4959, "[[0, 1]]": 0.4977, "[[0]]": 0.4994}}, {"accuracy": 0.5143, "Layer1": {"[[0, 1, 2, 3, 4, 5, 6, 7]]": 0.661, "[[0, 1]]": 0.6569, "[[0]]": 0.6403}, "Layer2": {"[[0, 1, 2, 3, 4, 5, 6, 7]]": 0.5543, "[[0, 1]]": 0.5466, "[[0]]": 0.5544}, "Layer3": {"[[0, 1, 2, 3, 4, 5, 6, 7]]": 0.5089, "[[0, 1]]": 0.4982, "[[0]]": 0.4991}}, {"accuracy": 0.6172, "Layer1": {"[[0, 1, 2, 3, 4, 5, 6, 7]]": 0.7079, "[[0, 1]]": 0.6718, "[[0]]": 0.6687}, "Layer2": {"[[0, 1, 2, 3, 4, 5, 6, 7]]": 0.5993, "[[0, 1]]": 0.6214, "[[0]]": 0.5757}, "Layer3": {"[[0, 1, 2, 3, 4, 5, 6, 7]]": 0.5229, "[[0, 1]]": 0.5317, "[[0]]": 0.5194}}, {"accuracy": 0.6902, "Layer1": {"[[0, 1, 2, 3, 4, 5, 6, 7]]": 0.748, "[[0, 1]]": 0.7545, "[[0]]": 0.7087}, "Layer2": {"[[0, 1, 2, 3, 4, 5, 6, 7]]": 0.619, "[[0, 1]]": 0.6114, "[[0]]": 0.5949}, "Layer3": {"[[0, 1, 2, 3, 4, 5, 6, 7]]": 0.5474, "[[0, 1]]": 0.543, "[[0]]": 0.5072}}, {"accuracy": 0.7196, "Layer1": {"[[0, 1, 2, 3, 4, 5, 6, 7]]": 0.7585, "[[0, 1]]": 0.7625, "[[0]]": 0.6694}, "Layer2": {"[[0, 1, 2, 3, 4, 5, 6, 7]]": 0.5158, "[[0, 1]]": 0.6179, "[[0]]": 0.5018}, "Layer3": {"[[0, 1, 2, 3, 4, 5, 6, 7]]": 0.4999, "[[0, 1]]": 0.5088, "[[0]]": 0.5194}}, {"accuracy": 0.7845, "Layer1": {"[[0, 1, 2, 3, 4, 5, 6, 7]]": 0.7332, "[[0, 1]]": 0.7589, "[[0]]": 0.7658}, "Layer2": {"[[0, 1, 2, 3, 4, 5, 6, 7]]": 0.6032, "[[0, 1]]": 0.5289, "[[0]]": 0.5345}, "Layer3": {"[[0, 1, 2, 3, 4, 5, 6, 7]]": 0.5147, "[[0, 1]]": 0.5077, "[[0]]": 0.5066}}, {"accuracy": 0.8058, "Layer1": {"[[0, 1, 2, 3, 4, 5, 6, 7]]": 0.7625, "[[0, 1]]": 0.7724, "[[0]]": 0.7415}, "Layer2": {"[[0, 1, 2, 3, 4, 5, 6, 7]]": 0.5094, "[[0, 1]]": 0.5403, "[[0]]": 0.5369}, "Layer3": {"[[0, 1, 2, 3, 4, 5, 6, 7]]": 0.5189, "[[0, 1]]": 0.5074, "[[0]]": 0.5071}}, {"accuracy": 0.8217, "Layer1": {"[[0, 1, 2, 3, 4, 5, 6, 7]]": 0.7022, "[[0, 1]]": 0.7587, "[[0]]": 0.6999}, "Layer2": {"[[0, 1, 2, 3, 4, 5, 6, 7]]": 0.5164, "[[0, 1]]": 0.4996, "[[0]]": 0.5278}, "Layer3": {"[[0, 1, 2, 3, 4, 5, 6, 7]]": 0.5171, "[[0, 1]]": 0.5215, "[[0]]": 0.5089}}, {"accuracy": 0.8394, "Layer1": {"[[0, 1, 2, 3, 4, 5, 6, 7]]": 0.7551, "[[0, 1]]": 0.7702, "[[0]]": 0.7081}, "Layer2": {"[[0, 1, 2, 3, 4, 5, 6, 7]]": 0.548, "[[0, 1]]": 0.5979, "[[0]]": 0.5213}, "Layer3": {"[[0, 1, 2, 3, 4, 5, 6, 7]]": 0.5274, "[[0, 1]]": 0.5109, "[[0]]": 0.5143}}, {"accuracy": 0.8585, "Layer1": {"[[0, 1, 2, 3, 4, 5, 6, 7]]": 0.744, "[[0, 1]]": 0.7787, "[[0]]": 0.7099}, "Layer2": {"[[0, 1, 2, 3, 4, 5, 6, 7]]": 0.6021, "[[0, 1]]": 0.5247, "[[0]]": 0.513}, "Layer3": {"[[0, 1, 2, 3, 4, 5, 6, 7]]": 0.5252, "[[0, 1]]": 0.5105, "[[0]]": 0.4995}}, {"accuracy": 0.877, "Layer1": {"[[0, 1, 2, 3, 4, 5, 6, 7]]": 0.7677, "[[0, 1]]": 0.7412, "[[0]]": 0.6716}, "Layer2": {"[[0, 1, 2, 3, 4, 5, 6, 7]]": 0.5607, "[[0, 1]]": 0.5267, "[[0]]": 0.5069}, "Layer3": {"[[0, 1, 2, 3, 4, 5, 6, 7]]": 0.5118, "[[0, 1]]": 0.5124, "[[0]]": 0.5133}}, {"accuracy": 0.8959, "Layer1": {"[[0, 1, 2, 3, 4, 5, 6, 7]]": 0.7233, "[[0, 1]]": 0.778, "[[0]]": 0.6921}, "Layer2": {"[[0, 1, 2, 3, 4, 5, 6, 7]]": 0.5957, "[[0, 1]]": 0.515, "[[0]]": 0.5175}, "Layer3": {"[[0, 1, 2, 3, 4, 5, 6, 7]]": 0.5164, "[[0, 1]]": 0.531, "[[0]]": 0.5183}}, {"accuracy": 0.9139, "Layer1": {"[[0, 1, 2, 3, 4, 5, 6, 7]]": 0.8002, "[[0, 1]]": 0.7856, "[[0]]": 0.5267}, "Layer2": {"[[0, 1, 2, 3, 4, 5, 6, 7]]": 0.5297, "[[0, 1]]": 0.522, "[[0]]": 0.5179}, "Layer3": {"[[0, 1, 2, 3, 4, 5, 6, 7]]": 0.5116, "[[0, 1]]": 0.523, "[[0]]": 0.5034}}, {"accuracy": 0.926, "Layer1": {"[[0, 1, 2, 3, 4, 5, 6, 7]]": 0.7219, "[[0, 1]]": 0.7507, "[[0]]": 0.5309}, "Layer2": {"[[0, 1, 2, 3, 4, 5, 6, 7]]": 0.5511, "[[0, 1]]": 0.5187, "[[0]]": 0.5267}, "Layer3": {"[[0, 1, 2, 3, 4, 5, 6, 7]]": 0.5308, "[[0, 1]]": 0.5149, "[[0]]": 0.5164}}, {"accuracy": 0.9426, "Layer1": {"[[0, 1, 2, 3, 4, 5, 6, 7]]": 0.7356, "[[0, 1]]": 0.7186, "[[0]]": 0.5378}, "Layer2": {"[[0, 1, 2, 3, 4, 5, 6, 7]]": 0.5141, "[[0, 1]]": 0.5196, "[[0]]": 0.5105}, "Layer3": {"[[0, 1, 2, 3, 4, 5, 6, 7]]": 0.5208, "[[0, 1]]": 0.5218, "[[0]]": 0.5151}}, {"accuracy": 0.955, "Layer1": {"[[0, 1, 2, 3, 4, 5, 6, 7]]": 0.7046, "[[0, 1]]": 0.7254, "[[0]]": 0.5281}, "Layer2": {"[[0, 1, 2, 3, 4, 5, 6, 7]]": 0.5186, "[[0, 1]]": 0.5271, "[[0]]": 0.5232}, "Layer3": {"[[0, 1, 2, 3, 4, 5, 6, 7]]": 0.53, "[[0, 1]]": 0.5238, "[[0]]": 0.5211}}]]