[[{"accuracy": 0.4967, "Layer1": {"[[0, 1, 2, 3, 4, 5, 6, 7], [8, 9, 10, 11, 12, 13, 14, 15]]": 0.4977, "[[0, 1], [2, 3]]": 0.4977, "[[0], [1]]": 0.4977}, "Layer2": {"[[0, 1, 2, 3, 4, 5, 6, 7], [8, 9, 10, 11, 12, 13, 14, 15]]": 0.4977, "[[0, 1], [2, 3]]": 0.4977, "[[0], [1]]": 0.4977}, "Layer3": {"[[0, 1, 2, 3, 4, 5, 6, 7], [8, 9, 10, 11, 12, 13, 14, 15]]": 0.4977, "[[0, 1], [2, 3]]": 0.4977, "[[0], [1]]": 0.4977}}, {"accuracy": 0.5007, "Layer1": {"[[0, 1, 2, 3, 4, 5, 6, 7], [8, 9, 10, 11, 12, 13, 14, 15]]": 0.5018, "[[0, 1], [2, 3]]": 0.5003, "[[0], [1]]": 0.5042}, "Layer2": {"[[0, 1, 2, 3, 4, 5, 6, 7], [8, 9, 10, 11, 12, 13, 14, 15]]": 0.5023, "[[0, 1], [2, 3]]": 0.505, "[[0], [1]]": 0.5045}, "Layer3": {"[[0, 1, 2, 3, 4, 5, 6, 7], [8, 9, 10, 11, 12, 13, 14, 15]]": 0.5013, "[[0, 1], [2, 3]]": 0.5007, "[[0], [1]]": 0.506}}, {"accuracy": 0.5955, "Layer1": {"[[0, 1, 2, 3, 4, 5, 6, 7], [8, 9, 10, 11, 12, 13, 14, 15]]": 0.5433, "[[0, 1], [2, 3]]": 0.5399, "[[0], [1]]": 0.529}, "Layer2": {"[[0, 1, 2, 3, 4, 5, 6, 7], [8, 9, 10, 11, 12, 13, 14, 15]]": 0.5138, "[[0, 1], [2, 3]]": 0.5043, "[[0], [1]]": 0.5147}, "Layer3": {"[[0, 1, 2, 3, 4, 5, 6, 7], [8, 9, 10, 11, 12, 13, 14, 15]]": 0.5059, "[[0, 1], [2, 3]]": 0.5018, "[[0], [1]]": 0.5033}}, {"accuracy": 0.6273, "Layer1": {"[[0, 1, 2, 3, 4, 5, 6, 7], [8, 9, 10, 11, 12, 13, 14, 15]]": 0.5482, "[[0, 1], [2, 3]]": 0.5427, "[[0], [1]]": 0.5438}, "Layer2": {"[[0, 1, 2, 3, 4, 5, 6, 7], [8, 9, 10, 11, 12, 13, 14, 15]]": 0.5072, "[[0, 1], [2, 3]]": 0.5135, "[[0], [1]]": 0.513}, "Layer3": {"[[0, 1, 2, 3, 4, 5, 6, 7], [8, 9, 10, 11, 12, 13, 14, 15]]": 0.4962, "[[0, 1], [2, 3]]": 0.4956, "[[0], [1]]": 0.4912}}, {"accuracy": 0.6825, "Layer1": {"[[0, 1, 2, 3, 4, 5, 6, 7], [8, 9, 10, 11, 12, 13, 14, 15]]": 0.59, "[[0, 1], [2, 3]]": 0.5922, "[[0], [1]]": 0.5665}, "Layer2": {"[[0, 1, 2, 3, 4, 5, 6, 7], [8, 9, 10, 11, 12, 13, 14, 15]]": 0.4973, "[[0, 1], [2, 3]]": 0.4985, "[[0], [1]]": 0.4956}, "Layer3": {"[[0, 1, 2, 3, 4, 5, 6, 7], [8, 9, 10, 11, 12, 13, 14, 15]]": 0.4751, "[[0, 1], [2, 3]]": 0.4824, "[[0], [1]]": 0.4794}}, {"accuracy": 0.7494, "Layer1": {"[[0, 1, 2, 3, 4, 5, 6, 7], [8, 9, 10, 11, 12, 13, 14, 15]]": 0.6455, "[[0, 1], [2, 3]]": 0.6343, "[[0], [1]]": 0.6072}, "Layer2": {"[[0, 1, 2, 3, 4, 5, 6, 7], [8, 9, 10, 11, 12, 13, 14, 15]]": 0.5081, "[[0, 1], [2, 3]]": 0.5144, "[[0], [1]]": 0.5169}, "Layer3": {"[[0, 1, 2, 3, 4, 5, 6, 7], [8, 9, 10, 11, 12, 13, 14, 15]]": 0.4722, "[[0, 1], [2, 3]]": 0.4733, "[[0], [1]]": 0.473}}, {"accuracy": 0.8472, "Layer1": {"[[0, 1, 2, 3, 4, 5, 6, 7], [8, 9, 10, 11, 12, 13, 14, 15]]": 0.7188, "[[0, 1], [2, 3]]": 0.6804, "[[0], [1]]": 0.6612}, "Layer2": {"[[0, 1, 2, 3, 4, 5, 6, 7], [8, 9, 10, 11, 12, 13, 14, 15]]": 0.5236, "[[0, 1], [2, 3]]": 0.5298, "[[0], [1]]": 0.5005}, "Layer3": {"[[0, 1, 2, 3, 4, 5, 6, 7], [8, 9, 10, 11, 12, 13, 14, 15]]": 0.479, "[[0, 1], [2, 3]]": 0.4797, "[[0], [1]]": 0.482}}, {"accuracy": 0.9131, "Layer1": {"[[0, 1, 2, 3, 4, 5, 6, 7], [8, 9, 10, 11, 12, 13, 14, 15]]": 0.7879, "[[0, 1], [2, 3]]": 0.7191, "[[0], [1]]": 0.6886}, "Layer2": {"[[0, 1, 2, 3, 4, 5, 6, 7], [8, 9, 10, 11, 12, 13, 14, 15]]": 0.5525, "[[0, 1], [2, 3]]": 0.548, "[[0], [1]]": 0.5187}, "Layer3": {"[[0, 1, 2, 3, 4, 5, 6, 7], [8, 9, 10, 11, 12, 13, 14, 15]]": 0.4875, "[[0, 1], [2, 3]]": 0.4873, "[[0], [1]]": 0.4867}}, {"accuracy": 0.9452, "Layer1": {"[[0, 1, 2, 3, 4, 5, 6, 7], [8, 9, 10, 11, 12, 13, 14, 15]]": 0.8467, "[[0, 1], [2, 3]]": 0.734, "[[0], [1]]": 0.6924}, "Layer2": {"[[0, 1, 2, 3, 4, 5, 6, 7], [8, 9, 10, 11, 12, 13, 14, 15]]": 0.5805, "[[0, 1], [2, 3]]": 0.5641, "[[0], [1]]": 0.5307}, "Layer3": {"[[0, 1, 2, 3, 4, 5, 6, 7], [8, 9, 10, 11, 12, 13, 14, 15]]": 0.4991, "[[0, 1], [2, 3]]": 0.4986, "[[0], [1]]": 0.4969}}, {"accuracy": 0.9613, "Layer1": {"[[0, 1, 2, 3, 4, 5, 6, 7], [8, 9, 10, 11, 12, 13, 14, 15]]": 0.8642, "[[0, 1], [2, 3]]": 0.7561, "[[0], [1]]": 0.7062}, "Layer2": {"[[0, 1, 2, 3, 4, 5, 6, 7], [8, 9, 10, 11, 12, 13, 14, 15]]": 0.5924, "[[0, 1], [2, 3]]": 0.5761, "[[0], [1]]": 0.5355}, "Layer3": {"[[0, 1, 2, 3, 4, 5, 6, 7], [8, 9, 10, 11, 12, 13, 14, 15]]": 0.5063, "[[0, 1], [2, 3]]": 0.4963, "[[0], [1]]": 0.5002}}, {"accuracy": 0.9777, "Layer1": {"[[0, 1, 2, 3, 4, 5, 6, 7], [8, 9, 10, 11, 12, 13, 14, 15]]": 0.8689, "[[0, 1], [2, 3]]": 0.7576, "[[0], [1]]": 0.7039}, "Layer2": {"[[0, 1, 2, 3, 4, 5, 6, 7], [8, 9, 10, 11, 12, 13, 14, 15]]": 0.6018, "[[0, 1], [2, 3]]": 0.491, "[[0], [1]]": 0.504}, "Layer3": {"[[0, 1, 2, 3, 4, 5, 6, 7], [8, 9, 10, 11, 12, 13, 14, 15]]": 0.4957, "[[0, 1], [2, 3]]": 0.4925, "[[0], [1]]": 0.4959}}, {"accuracy": 0.9853, "Layer1": {"[[0, 1, 2, 3, 4, 5, 6, 7], [8, 9, 10, 11, 12, 13, 14, 15]]": 0.8701, "[[0, 1], [2, 3]]": 0.7754, "[[0], [1]]": 0.6958}, "Layer2": {"[[0, 1, 2, 3, 4, 5, 6, 7], [8, 9, 10, 11, 12, 13, 14, 15]]": 0.6054, "[[0, 1], [2, 3]]": 0.5798, "[[0], [1]]": 0.5395}, "Layer3": {"[[0, 1, 2, 3, 4, 5, 6, 7], [8, 9, 10, 11, 12, 13, 14, 15]]": 0.4964, "[[0, 1], [2, 3]]": 0.4934, "[[0], [1]]": 0.4918}}, {"accuracy": 0.9901, "Layer1": {"[[0, 1, 2, 3, 4, 5, 6, 7], [8, 9, 10, 11, 12, 13, 14, 15]]": 0.8778, "[[0, 1], [2, 3]]": 0.7891, "[[0], [1]]": 0.7033}, "Layer2": {"[[0, 1, 2, 3, 4, 5, 6, 7], [8, 9, 10, 11, 12, 13, 14, 15]]": 0.4798, "[[0, 1], [2, 3]]": 0.5732, "[[0], [1]]": 0.5199}, "Layer3": {"[[0, 1, 2, 3, 4, 5, 6, 7], [8, 9, 10, 11, 12, 13, 14, 15]]": 0.5022, "[[0, 1], [2, 3]]": 0.4982, "[[0], [1]]": 0.5008}}, {"accuracy": 0.9935, "Layer1": {"[[0, 1, 2, 3, 4, 5, 6, 7], [8, 9, 10, 11, 12, 13, 14, 15]]": 0.888, "[[0, 1], [2, 3]]": 0.7948, "[[0], [1]]": 0.7133}, "Layer2": {"[[0, 1, 2, 3, 4, 5, 6, 7], [8, 9, 10, 11, 12, 13, 14, 15]]": 0.489, "[[0, 1], [2, 3]]": 0.5869, "[[0], [1]]": 0.5464}, "Layer3": {"[[0, 1, 2, 3, 4, 5, 6, 7], [8, 9, 10, 11, 12, 13, 14, 15]]": 0.502, "[[0, 1], [2, 3]]": 0.5037, "[[0], [1]]": 0.5041}}, {"accuracy": 0.9956, "Layer1": {"[[0, 1, 2, 3, 4, 5, 6, 7], [8, 9, 10, 11, 12, 13, 14, 15]]": 0.8937, "[[0, 1], [2, 3]]": 0.7453, "[[0], [1]]": 0.7602}, "Layer2": {"[[0, 1, 2, 3, 4, 5, 6, 7], [8, 9, 10, 11, 12, 13, 14, 15]]": 0.6145, "[[0, 1], [2, 3]]": 0.5903, "[[0], [1]]": 0.5074}, "Layer3": {"[[0, 1, 2, 3, 4, 5, 6, 7], [8, 9, 10, 11, 12, 13, 14, 15]]": 0.4955, "[[0, 1], [2, 3]]": 0.5017, "[[0], [1]]": 0.493}}, {"accuracy": 0.9968, "Layer1": {"[[0, 1, 2, 3, 4, 5, 6, 7], [8, 9, 10, 11, 12, 13, 14, 15]]": 0.9029, "[[0, 1], [2, 3]]": 0.8038, "[[0], [1]]": 0.7631}, "Layer2": {"[[0, 1, 2, 3, 4, 5, 6, 7], [8, 9, 10, 11, 12, 13, 14, 15]]": 0.6014, "[[0, 1], [2, 3]]": 0.5796, "[[0], [1]]": 0.5458}, "Layer3": {"[[0, 1, 2, 3, 4, 5, 6, 7], [8, 9, 10, 11, 12, 13, 14, 15]]": 0.5005, "[[0, 1], [2, 3]]": 0.4957, "[[0], [1]]": 0.5021}}, {"accuracy": 0.9972, "Layer1": {"[[0, 1, 2, 3, 4, 5, 6, 7], [8, 9, 10, 11, 12, 13, 14, 15]]": 0.9005, "[[0, 1], [2, 3]]": 0.8057, "[[0], [1]]": 0.7556}, "Layer2": {"[[0, 1, 2, 3, 4, 5, 6, 7], [8, 9, 10, 11, 12, 13, 14, 15]]": 0.6168, "[[0, 1], [2, 3]]": 0.5896, "[[0], [1]]": 0.556}, "Layer3": {"[[0, 1, 2, 3, 4, 5, 6, 7], [8, 9, 10, 11, 12, 13, 14, 15]]": 0.5017, "[[0, 1], [2, 3]]": 0.5211, "[[0], [1]]": 0.4946}}], [{"accuracy": 0.4831, "Layer1": {"[[0, 1, 2, 3, 4, 5, 6, 7], [8, 9, 10, 11, 12, 13, 14, 15]]": 0.5037, "[[0, 1], [2, 3]]": 0.5037, "[[0], [1]]": 0.5037}, "Layer2": {"[[0, 1, 2, 3, 4, 5, 6, 7], [8, 9, 10, 11, 12, 13, 14, 15]]": 0.5037, "[[0, 1], [2, 3]]": 0.5037, "[[0], [1]]": 0.5037}, "Layer3": {"[[0, 1, 2, 3, 4, 5, 6, 7], [8, 9, 10, 11, 12, 13, 14, 15]]": 0.5037, "[[0, 1], [2, 3]]": 0.5037, "[[0], [1]]": 0.5037}}, {"accuracy": 0.5018, "Layer1": {"[[0, 1, 2, 3, 4, 5, 6, 7], [8, 9, 10, 11, 12, 13, 14, 15]]": 0.505, "[[0, 1], [2, 3]]": 0.5099, "[[0], [1]]": 0.5017}, "Layer2": {"[[0, 1, 2, 3, 4, 5, 6, 7], [8, 9, 10, 11, 12, 13, 14, 15]]": 0.5114, "[[0, 1], [2, 3]]": 0.5051, "[[0], [1]]": 0.5095}, "Layer3": {"[[0, 1, 2, 3, 4, 5, 6, 7], [8, 9, 10, 11, 12, 13, 14, 15]]": 0.5096, "[[0, 1], [2, 3]]": 0.5075, "[[0], [1]]": 0.5072}}, {"accuracy": 0.5554, "Layer1": {"[[0, 1, 2, 3, 4, 5, 6, 7], [8, 9, 10, 11, 12, 13, 14, 15]]": 0.5045, "[[0, 1], [2, 3]]": 0.5125, "[[0], [1]]": 0.5094}, "Layer2": {"[[0, 1, 2, 3, 4, 5, 6, 7], [8, 9, 10, 11, 12, 13, 14, 15]]": 0.5023, "[[0, 1], [2, 3]]": 0.5048, "[[0], [1]]": 0.5039}, "Layer3": {"[[0, 1, 2, 3, 4, 5, 6, 7], [8, 9, 10, 11, 12, 13, 14, 15]]": 0.4963, "[[0, 1], [2, 3]]": 0.5027, "[[0], [1]]": 0.5014}}, {"accuracy": 0.6658, "Layer1": {"[[0, 1, 2, 3, 4, 5, 6, 7], [8, 9, 10, 11, 12, 13, 14, 15]]": 0.5271, "[[0, 1], [2, 3]]": 0.5214, "[[0], [1]]": 0.5217}, "Layer2": {"[[0, 1, 2, 3, 4, 5, 6, 7], [8, 9, 10, 11, 12, 13, 14, 15]]": 0.4954, "[[0, 1], [2, 3]]": 0.4983, "[[0], [1]]": 0.4999}, "Layer3": {"[[0, 1, 2, 3, 4, 5, 6, 7], [8, 9, 10, 11, 12, 13, 14, 15]]": 0.4946, "[[0, 1], [2, 3]]": 0.4972, "[[0], [1]]": 0.4981}}, {"accuracy": 0.7078, "Layer1": {"[[0, 1, 2, 3, 4, 5, 6, 7], [8, 9, 10, 11, 12, 13, 14, 15]]": 0.5387, "[[0, 1], [2, 3]]": 0.537, "[[0], [1]]": 0.5409}, "Layer2": {"[[0, 1, 2, 3, 4, 5, 6, 7], [8, 9, 10, 11, 12, 13, 14, 15]]": 0.473, "[[0, 1], [2, 3]]": 0.4787, "[[0], [1]]": 0.4862}, "Layer3": {"[[0, 1, 2, 3, 4, 5, 6, 7], [8, 9, 10, 11, 12, 13, 14, 15]]": 0.4724, "[[0, 1], [2, 3]]": 0.477, "[[0], [1]]": 0.4814}}, {"accuracy": 0.7789, "Layer1": {"[[0, 1, 2, 3, 4, 5, 6, 7], [8, 9, 10, 11, 12, 13, 14, 15]]": 0.582, "[[0, 1], [2, 3]]": 0.5759, "[[0], [1]]": 0.576}, "Layer2": {"[[0, 1, 2, 3, 4, 5, 6, 7], [8, 9, 10, 11, 12, 13, 14, 15]]": 0.4692, "[[0, 1], [2, 3]]": 0.4755, "[[0], [1]]": 0.4852}, "Layer3": {"[[0, 1, 2, 3, 4, 5, 6, 7], [8, 9, 10, 11, 12, 13, 14, 15]]": 0.4669, "[[0, 1], [2, 3]]": 0.477, "[[0], [1]]": 0.4744}}, {"accuracy": 0.8287, "Layer1": {"[[0, 1, 2, 3, 4, 5, 6, 7], [8, 9, 10, 11, 12, 13, 14, 15]]": 0.5958, "[[0, 1], [2, 3]]": 0.6024, "[[0], [1]]": 0.6053}, "Layer2": {"[[0, 1, 2, 3, 4, 5, 6, 7], [8, 9, 10, 11, 12, 13, 14, 15]]": 0.4762, "[[0, 1], [2, 3]]": 0.488, "[[0], [1]]": 0.4803}, "Layer3": {"[[0, 1, 2, 3, 4, 5, 6, 7], [8, 9, 10, 11, 12, 13, 14, 15]]": 0.4701, "[[0, 1], [2, 3]]": 0.4726, "[[0], [1]]": 0.4759}}, {"accuracy": 0.8651, "Layer1": {"[[0, 1, 2, 3, 4, 5, 6, 7], [8, 9, 10, 11, 12, 13, 14, 15]]": 0.6217, "[[0, 1], [2, 3]]": 0.6306, "[[0], [1]]": 0.628}, "Layer2": {"[[0, 1, 2, 3, 4, 5, 6, 7], [8, 9, 10, 11, 12, 13, 14, 15]]": 0.4792, "[[0, 1], [2, 3]]": 0.4778, "[[0], [1]]": 0.4889}, "Layer3": {"[[0, 1, 2, 3, 4, 5, 6, 7], [8, 9, 10, 11, 12, 13, 14, 15]]": 0.4794, "[[0, 1], [2, 3]]": 0.4777, "[[0], [1]]": 0.4789}}, {"accuracy": 0.8852, "Layer1": {"[[0, 1, 2, 3, 4, 5, 6, 7], [8, 9, 10, 11, 12, 13, 14, 15]]": 0.6494, "[[0, 1], [2, 3]]": 0.6456, "[[0], [1]]": 0.6447}, "Layer2": {"[[0, 1, 2, 3, 4, 5, 6, 7], [8, 9, 10, 11, 12, 13, 14, 15]]": 0.4862, "[[0, 1], [2, 3]]": 0.4828, "[[0], [1]]": 0.4839}, "Layer3": {"[[0, 1, 2, 3, 4, 5, 6, 7], [8, 9, 10, 11, 12, 13, 14, 15]]": 0.4818, "[[0, 1], [2, 3]]": 0.4812, "[[0], [1]]": 0.4825}}, {"accuracy": 0.9064, "Layer1": {"[[0, 1, 2, 3, 4, 5, 6, 7], [8, 9, 10, 11, 12, 13, 14, 15]]": 0.6538, "[[0, 1], [2, 3]]": 0.663, "[[0], [1]]": 0.6584}, "Layer2": {"[[0, 1, 2, 3, 4, 5, 6, 7], [8, 9, 10, 11, 12, 13, 14, 15]]": 0.4868, "[[0, 1], [2, 3]]": 0.4924, "[[0], [1]]": 0.4923}, "Layer3": {"[[0, 1, 2, 3, 4, 5, 6, 7], [8, 9, 10, 11, 12, 13, 14, 15]]": 0.4912, "[[0, 1], [2, 3]]": 0.492, "[[0], [1]]": 0.492}}, {"accuracy": 0.9274, "Layer1": {"[[0, 1, 2, 3, 4, 5, 6, 7], [8, 9, 10, 11, 12, 13, 14, 15]]": 0.6746, "[[0, 1], [2, 3]]": 0.6783, "[[0], [1]]": 0.6621}, "Layer2": {"[[0, 1, 2, 3, 4, 5, 6, 7], [8, 9, 10, 11, 12, 13, 14, 15]]": 0.4987, "[[0, 1], [2, 3]]": 0.4956, "[[0], [1]]": 0.496}, "Layer3": {"[[0, 1, 2, 3, 4, 5, 6, 7], [8, 9, 10, 11, 12, 13, 14, 15]]": 0.4923, "[[0, 1], [2, 3]]": 0.4941, "[[0], [1]]": 0.4941}}, {"accuracy": 0.9465, "Layer1": {"[[0, 1, 2, 3, 4, 5, 6, 7], [8, 9, 10, 11, 12, 13, 14, 15]]": 0.6759, "[[0, 1], [2, 3]]": 0.6621, "[[0], [1]]": 0.6646}, "Layer2": {"[[0, 1, 2, 3, 4, 5, 6, 7], [8, 9, 10, 11, 12, 13, 14, 15]]": 0.5031, "[[0, 1], [2, 3]]": 0.4997, "[[0], [1]]": 0.5}, "Layer3": {"[[0, 1, 2, 3, 4, 5, 6, 7], [8, 9, 10, 11, 12, 13, 14, 15]]": 0.4957, "[[0, 1], [2, 3]]": 0.4965, "[[0], [1]]": 0.496}}, {"accuracy": 0.962, "Layer1": {"[[0, 1, 2, 3, 4, 5, 6, 7], [8, 9, 10, 11, 12, 13, 14, 15]]": 0.6987, "[[0, 1], [2, 3]]": 0.6944, "[[0], [1]]": 0.6707}, "Layer2": {"[[0, 1, 2, 3, 4, 5, 6, 7], [8, 9, 10, 11, 12, 13, 14, 15]]": 0.5014, "[[0, 1], [2, 3]]": 0.4985, "[[0], [1]]": 0.5014}, "Layer3": {"[[0, 1, 2, 3, 4, 5, 6, 7], [8, 9, 10, 11, 12, 13, 14, 15]]": 0.5009, "[[0, 1], [2, 3]]": 0.4996, "[[0], [1]]": 0.5004}}, {"accuracy": 0.9732, "Layer1": {"[[0, 1, 2, 3, 4, 5, 6, 7], [8, 9, 10, 11, 12, 13, 14, 15]]": 0.6831, "[[0, 1], [2, 3]]": 0.6821, "[[0], [1]]": 0.6809}, "Layer2": {"[[0, 1, 2, 3, 4, 5, 6, 7], [8, 9, 10, 11, 12, 13, 14, 15]]": 0.5026, "[[0, 1], [2, 3]]": 0.4989, "[[0], [1]]": 0.5038}, "Layer3": {"[[0, 1, 2, 3, 4, 5, 6, 7], [8, 9, 10, 11, 12, 13, 14, 15]]": 0.4985, "[[0, 1], [2, 3]]": 0.5032, "[[0], [1]]": 0.5035}}, {"accuracy": 0.9795, "Layer1": {"[[0, 1, 2, 3, 4, 5, 6, 7], [8, 9, 10, 11, 12, 13, 14, 15]]": 0.7197, "[[0, 1], [2, 3]]": 0.7036, "[[0], [1]]": 0.6812}, "Layer2": {"[[0, 1, 2, 3, 4, 5, 6, 7], [8, 9, 10, 11, 12, 13, 14, 15]]": 0.5028, "[[0, 1], [2, 3]]": 0.5021, "[[0], [1]]": 0.5018}, "Layer3": {"[[0, 1, 2, 3, 4, 5, 6, 7], [8, 9, 10, 11, 12, 13, 14, 15]]": 0.4987, "[[0, 1], [2, 3]]": 0.5016, "[[0], [1]]": 0.5013}}, {"accuracy": 0.9845, "Layer1": {"[[0, 1, 2, 3, 4, 5, 6, 7], [8, 9, 10, 11, 12, 13, 14, 15]]": 0.7179, "[[0, 1], [2, 3]]": 0.6861, "[[0], [1]]": 0.7014}, "Layer2": {"[[0, 1, 2, 3, 4, 5, 6, 7], [8, 9, 10, 11, 12, 13, 14, 15]]": 0.5032, "[[0, 1], [2, 3]]": 0.5021, "[[0], [1]]": 0.5041}, "Layer3": {"[[0, 1, 2, 3, 4, 5, 6, 7], [8, 9, 10, 11, 12, 13, 14, 15]]": 0.4965, "[[0, 1], [2, 3]]": 0.5033, "[[0], [1]]": 0.5019}}, {"accuracy": 0.9877, "Layer1": {"[[0, 1, 2, 3, 4, 5, 6, 7], [8, 9, 10, 11, 12, 13, 14, 15]]": 0.7301, "[[0, 1], [2, 3]]": 0.7006, "[[0], [1]]": 0.6976}, "Layer2": {"[[0, 1, 2, 3, 4, 5, 6, 7], [8, 9, 10, 11, 12, 13, 14, 15]]": 0.5029, "[[0, 1], [2, 3]]": 0.5115, "[[0], [1]]": 0.5062}, "Layer3": {"[[0, 1, 2, 3, 4, 5, 6, 7], [8, 9, 10, 11, 12, 13, 14, 15]]": 0.5018, "[[0, 1], [2, 3]]": 0.5015, "[[0], [1]]": 0.5006}}], [{"accuracy": 0.4986, "Layer1": {"[[0, 1, 2, 3, 4, 5, 6, 7], [8, 9, 10, 11, 12, 13, 14, 15]]": 0.497, "[[0, 1], [2, 3]]": 0.497, "[[0], [1]]": 0.497}, "Layer2": {"[[0, 1, 2, 3, 4, 5, 6, 7], [8, 9, 10, 11, 12, 13, 14, 15]]": 0.497, "[[0, 1], [2, 3]]": 0.497, "[[0], [1]]": 0.497}, "Layer3": {"[[0, 1, 2, 3, 4, 5, 6, 7], [8, 9, 10, 11, 12, 13, 14, 15]]": 0.497, "[[0, 1], [2, 3]]": 0.497, "[[0], [1]]": 0.497}}, {"accuracy": 0.5083, "Layer1": {"[[0, 1, 2, 3, 4, 5, 6, 7], [8, 9, 10, 11, 12, 13, 14, 15]]": 0.5035, "[[0, 1], [2, 3]]": 0.4951, "[[0], [1]]": 0.4932}, "Layer2": {"[[0, 1, 2, 3, 4, 5, 6, 7], [8, 9, 10, 11, 12, 13, 14, 15]]": 0.4986, "[[0, 1], [2, 3]]": 0.4962, "[[0], [1]]": 0.4943}, "Layer3": {"[[0, 1, 2, 3, 4, 5, 6, 7], [8, 9, 10, 11, 12, 13, 14, 15]]": 0.4963, "[[0, 1], [2, 3]]": 0.4965, "[[0], [1]]": 0.4996}}, {"accuracy": 0.523, "Layer1": {"[[0, 1, 2, 3, 4, 5, 6, 7], [8, 9, 10, 11, 12, 13, 14, 15]]": 0.5054, "[[0, 1], [2, 3]]": 0.5049, "[[0], [1]]": 0.5003}, "Layer2": {"[[0, 1, 2, 3, 4, 5, 6, 7], [8, 9, 10, 11, 12, 13, 14, 15]]": 0.508, "[[0, 1], [2, 3]]": 0.5065, "[[0], [1]]": 0.5051}, "Layer3": {"[[0, 1, 2, 3, 4, 5, 6, 7], [8, 9, 10, 11, 12, 13, 14, 15]]": 0.503, "[[0, 1], [2, 3]]": 0.5047, "[[0], [1]]": 0.5049}}, {"accuracy": 0.5783, "Layer1": {"[[0, 1, 2, 3, 4, 5, 6, 7], [8, 9, 10, 11, 12, 13, 14, 15]]": 0.5258, "[[0, 1], [2, 3]]": 0.5214, "[[0], [1]]": 0.5197}, "Layer2": {"[[0, 1, 2, 3, 4, 5, 6, 7], [8, 9, 10, 11, 12, 13, 14, 15]]": 0.5041, "[[0, 1], [2, 3]]": 0.5037, "[[0], [1]]": 0.4993}, "Layer3": {"[[0, 1, 2, 3, 4, 5, 6, 7], [8, 9, 10, 11, 12, 13, 14, 15]]": 0.5042, "[[0, 1], [2, 3]]": 0.5017, "[[0], [1]]": 0.5024}}, {"accuracy": 0.648, "Layer1": {"[[0, 1, 2, 3, 4, 5, 6, 7], [8, 9, 10, 11, 12, 13, 14, 15]]": 0.5496, "[[0, 1], [2, 3]]": 0.5478, "[[0], [1]]": 0.546}, "Layer2": {"[[0, 1, 2, 3, 4, 5, 6, 7], [8, 9, 10, 11, 12, 13, 14, 15]]": 0.5131, "[[0, 1], [2, 3]]": 0.5128, "[[0], [1]]": 0.5124}, "Layer3": {"[[0, 1, 2, 3, 4, 5, 6, 7], [8, 9, 10, 11, 12, 13, 14, 15]]": 0.5032, "[[0, 1], [2, 3]]": 0.5017, "[[0], [1]]": 0.5047}}, {"accuracy": 0.6704, "Layer1": {"[[0, 1, 2, 3, 4, 5, 6, 7], [8, 9, 10, 11, 12, 13, 14, 15]]": 0.5583, "[[0, 1], [2, 3]]": 0.5667, "[[0], [1]]": 0.556}, "Layer2": {"[[0, 1, 2, 3, 4, 5, 6, 7], [8, 9, 10, 11, 12, 13, 14, 15]]": 0.5202, "[[0, 1], [2, 3]]": 0.5154, "[[0], [1]]": 0.5118}, "Layer3": {"[[0, 1, 2, 3, 4, 5, 6, 7], [8, 9, 10, 11, 12, 13, 14, 15]]": 0.482, "[[0, 1], [2, 3]]": 0.489, "[[0], [1]]": 0.4857}}, {"accuracy": 0.7194, "Layer1": {"[[0, 1, 2, 3, 4, 5, 6, 7], [8, 9, 10, 11, 12, 13, 14, 15]]": 0.5654, "[[0, 1], [2, 3]]": 0.5665, "[[0], [1]]": 0.5197}, "Layer2": {"[[0, 1, 2, 3, 4, 5, 6, 7], [8, 9, 10, 11, 12, 13, 14, 15]]": 0.5347, "[[0, 1], [2, 3]]": 0.5268, "[[0], [1]]": 0.4976}, "Layer3": {"[[0, 1, 2, 3, 4, 5, 6, 7], [8, 9, 10, 11, 12, 13, 14, 15]]": 0.4759, "[[0, 1], [2, 3]]": 0.4722, "[[0], [1]]": 0.4884}}, {"accuracy": 0.7688, "Layer1": {"[[0, 1, 2, 3, 4, 5, 6, 7], [8, 9, 10, 11, 12, 13, 14, 15]]": 0.5856, "[[0, 1], [2, 3]]": 0.5458, "[[0], [1]]": 0.5243}, "Layer2": {"[[0, 1, 2, 3, 4, 5, 6, 7], [8, 9, 10, 11, 12, 13, 14, 15]]": 0.5329, "[[0, 1], [2, 3]]": 0.5414, "[[0], [1]]": 0.4978}, "Layer3": {"[[0, 1, 2, 3, 4, 5, 6, 7], [8, 9, 10, 11, 12, 13, 14, 15]]": 0.4806, "[[0, 1], [2, 3]]": 0.4801, "[[0], [1]]": 0.4818}}, {"accuracy": 0.8119, "Layer1": {"[[0, 1, 2, 3, 4, 5, 6, 7], [8, 9, 10, 11, 12, 13, 14, 15]]": 0.6286, "[[0, 1], [2, 3]]": 0.5711, "[[0], [1]]": 0.5373}, "Layer2": {"[[0, 1, 2, 3, 4, 5, 6, 7], [8, 9, 10, 11, 12, 13, 14, 15]]": 0.5626, "[[0, 1], [2, 3]]": 0.5571, "[[0], [1]]": 0.5233}, "Layer3": {"[[0, 1, 2, 3, 4, 5, 6, 7], [8, 9, 10, 11, 12, 13, 14, 15]]": 0.4815, "[[0, 1], [2, 3]]": 0.4863, "[[0], [1]]": 0.4889}}, {"accuracy": 0.8491, "Layer1": {"[[0, 1, 2, 3, 4, 5, 6, 7], [8, 9, 10, 11, 12, 13, 14, 15]]": 0.6404, "[[0, 1], [2, 3]]": 0.5994, "[[0], [1]]": 0.5673}, "Layer2": {"[[0, 1, 2, 3, 4, 5, 6, 7], [8, 9, 10, 11, 12, 13, 14, 15]]": 0.5792, "[[0, 1], [2, 3]]": 0.578, "[[0], [1]]": 0.5517}, "Layer3": {"[[0, 1, 2, 3, 4, 5, 6, 7], [8, 9, 10, 11, 12, 13, 14, 15]]": 0.4908, "[[0, 1], [2, 3]]": 0.4948, "[[0], [1]]": 0.4946}}, {"accuracy": 0.8829, "Layer1": {"[[0, 1, 2, 3, 4, 5, 6, 7], [8, 9, 10, 11, 12, 13, 14, 15]]": 0.6751, "[[0, 1], [2, 3]]": 0.6299, "[[0], [1]]": 0.5902}, "Layer2": {"[[0, 1, 2, 3, 4, 5, 6, 7], [8, 9, 10, 11, 12, 13, 14, 15]]": 0.6128, "[[0, 1], [2, 3]]": 0.6025, "[[0], [1]]": 0.5173}, "Layer3": {"[[0, 1, 2, 3, 4, 5, 6, 7], [8, 9, 10, 11, 12, 13, 14, 15]]": 0.497, "[[0, 1], [2, 3]]": 0.4947, "[[0], [1]]": 0.4903}}, {"accuracy": 0.906, "Layer1": {"[[0, 1, 2, 3, 4, 5, 6, 7], [8, 9, 10, 11, 12, 13, 14, 15]]": 0.7047, "[[0, 1], [2, 3]]": 0.651, "[[0], [1]]": 0.5975}, "Layer2": {"[[0, 1, 2, 3, 4, 5, 6, 7], [8, 9, 10, 11, 12, 13, 14, 15]]": 0.6339, "[[0, 1], [2, 3]]": 0.6152, "[[0], [1]]": 0.581}, "Layer3": {"[[0, 1, 2, 3, 4, 5, 6, 7], [8, 9, 10, 11, 12, 13, 14, 15]]": 0.5023, "[[0, 1], [2, 3]]": 0.4986, "[[0], [1]]": 0.4972}}, {"accuracy": 0.9235, "Layer1": {"[[0, 1, 2, 3, 4, 5, 6, 7], [8, 9, 10, 11, 12, 13, 14, 15]]": 0.7226, "[[0, 1], [2, 3]]": 0.6648, "[[0], [1]]": 0.642}, "Layer2": {"[[0, 1, 2, 3, 4, 5, 6, 7], [8, 9, 10, 11, 12, 13, 14, 15]]": 0.645, "[[0, 1], [2, 3]]": 0.6188, "[[0], [1]]": 0.5417}, "Layer3": {"[[0, 1, 2, 3, 4, 5, 6, 7], [8, 9, 10, 11, 12, 13, 14, 15]]": 0.5031, "[[0, 1], [2, 3]]": 0.5025, "[[0], [1]]": 0.5017}}, {"accuracy": 0.9402, "Layer1": {"[[0, 1, 2, 3, 4, 5, 6, 7], [8, 9, 10, 11, 12, 13, 14, 15]]": 0.7293, "[[0, 1], [2, 3]]": 0.6723, "[[0], [1]]": 0.619}, "Layer2": {"[[0, 1, 2, 3, 4, 5, 6, 7], [8, 9, 10, 11, 12, 13, 14, 15]]": 0.6515, "[[0, 1], [2, 3]]": 0.5121, "[[0], [1]]": 0.5277}, "Layer3": {"[[0, 1, 2, 3, 4, 5, 6, 7], [8, 9, 10, 11, 12, 13, 14, 15]]": 0.5017, "[[0, 1], [2, 3]]": 0.5037, "[[0], [1]]": 0.5032}}, {"accuracy": 0.9533, "Layer1": {"[[0, 1, 2, 3, 4, 5, 6, 7], [8, 9, 10, 11, 12, 13, 14, 15]]": 0.7373, "[[0, 1], [2, 3]]": 0.6809, "[[0], [1]]": 0.662}, "Layer2": {"[[0, 1, 2, 3, 4, 5, 6, 7], [8, 9, 10, 11, 12, 13, 14, 15]]": 0.6583, "[[0, 1], [2, 3]]": 0.6272, "[[0], [1]]": 0.5249}, "Layer3": {"[[0, 1, 2, 3, 4, 5, 6, 7], [8, 9, 10, 11, 12, 13, 14, 15]]": 0.5081, "[[0, 1], [2, 3]]": 0.5003, "[[0], [1]]": 0.502}}, {"accuracy": 0.964, "Layer1": {"[[0, 1, 2, 3, 4, 5, 6, 7], [8, 9, 10, 11, 12, 13, 14, 15]]": 0.7344, "[[0, 1], [2, 3]]": 0.6825, "[[0], [1]]": 0.6699}, "Layer2": {"[[0, 1, 2, 3, 4, 5, 6, 7], [8, 9, 10, 11, 12, 13, 14, 15]]": 0.6615, "[[0, 1], [2, 3]]": 0.6371, "[[0], [1]]": 0.6092}, "Layer3": {"[[0, 1, 2, 3, 4, 5, 6, 7], [8, 9, 10, 11, 12, 13, 14, 15]]": 0.5061, "[[0, 1], [2, 3]]": 0.5053, "[[0], [1]]": 0.5013}}, {"accuracy": 0.9702, "Layer1": {"[[0, 1, 2, 3, 4, 5, 6, 7], [8, 9, 10, 11, 12, 13, 14, 15]]": 0.7527, "[[0, 1], [2, 3]]": 0.677, "[[0], [1]]": 0.5738}, "Layer2": {"[[0, 1, 2, 3, 4, 5, 6, 7], [8, 9, 10, 11, 12, 13, 14, 15]]": 0.6592, "[[0, 1], [2, 3]]": 0.6437, "[[0], [1]]": 0.6172}, "Layer3": {"[[0, 1, 2, 3, 4, 5, 6, 7], [8, 9, 10, 11, 12, 13, 14, 15]]": 0.5046, "[[0, 1], [2, 3]]": 0.5087, "[[0], [1]]": 0.5062}}], [{"accuracy": 0.498, "Layer1": {"[[0, 1, 2, 3, 4, 5, 6, 7], [8, 9, 10, 11, 12, 13, 14, 15]]": 0.5095, "[[0, 1], [2, 3]]": 0.5095, "[[0], [1]]": 0.5095}, "Layer2": {"[[0, 1, 2, 3, 4, 5, 6, 7], [8, 9, 10, 11, 12, 13, 14, 15]]": 0.5095, "[[0, 1], [2, 3]]": 0.5095, "[[0], [1]]": 0.5095}, "Layer3": {"[[0, 1, 2, 3, 4, 5, 6, 7], [8, 9, 10, 11, 12, 13, 14, 15]]": 0.5095, "[[0, 1], [2, 3]]": 0.5095, "[[0], [1]]": 0.5095}}, {"accuracy": 0.5112, "Layer1": {"[[0, 1, 2, 3, 4, 5, 6, 7], [8, 9, 10, 11, 12, 13, 14, 15]]": 0.5042, "[[0, 1], [2, 3]]": 0.5069, "[[0], [1]]": 0.504}, "Layer2": {"[[0, 1, 2, 3, 4, 5, 6, 7], [8, 9, 10, 11, 12, 13, 14, 15]]": 0.4932, "[[0, 1], [2, 3]]": 0.5024, "[[0], [1]]": 0.5024}, "Layer3": {"[[0, 1, 2, 3, 4, 5, 6, 7], [8, 9, 10, 11, 12, 13, 14, 15]]": 0.5006, "[[0, 1], [2, 3]]": 0.4974, "[[0], [1]]": 0.5008}}, {"accuracy": 0.6057, "Layer1": {"[[0, 1, 2, 3, 4, 5, 6, 7], [8, 9, 10, 11, 12, 13, 14, 15]]": 0.518, "[[0, 1], [2, 3]]": 0.5024, "[[0], [1]]": 0.5088}, "Layer2": {"[[0, 1, 2, 3, 4, 5, 6, 7], [8, 9, 10, 11, 12, 13, 14, 15]]": 0.5041, "[[0, 1], [2, 3]]": 0.5035, "[[0], [1]]": 0.5006}, "Layer3": {"[[0, 1, 2, 3, 4, 5, 6, 7], [8, 9, 10, 11, 12, 13, 14, 15]]": 0.5045, "[[0, 1], [2, 3]]": 0.5017, "[[0], [1]]": 0.5004}}, {"accuracy": 0.6436, "Layer1": {"[[0, 1, 2, 3, 4, 5, 6, 7], [8, 9, 10, 11, 12, 13, 14, 15]]": 0.5175, "[[0, 1], [2, 3]]": 0.5129, "[[0], [1]]": 0.5202}, "Layer2": {"[[0, 1, 2, 3, 4, 5, 6, 7], [8, 9, 10, 11, 12, 13, 14, 15]]": 0.497, "[[0, 1], [2, 3]]": 0.487, "[[0], [1]]": 0.4944}, "Layer3": {"[[0, 1, 2, 3, 4, 5, 6, 7], [8, 9, 10, 11, 12, 13, 14, 15]]": 0.4842, "[[0, 1], [2, 3]]": 0.4845, "[[0], [1]]": 0.4868}}, {"accuracy": 0.7021, "Layer1": {"[[0, 1, 2, 3, 4, 5, 6, 7], [8, 9, 10, 11, 12, 13, 14, 15]]": 0.5338, "[[0, 1], [2, 3]]": 0.5275, "[[0], [1]]": 0.5314}, "Layer2": {"[[0, 1, 2, 3, 4, 5, 6, 7], [8, 9, 10, 11, 12, 13, 14, 15]]": 0.4787, "[[0, 1], [2, 3]]": 0.4768, "[[0], [1]]": 0.4787}, "Layer3": {"[[0, 1, 2, 3, 4, 5, 6, 7], [8, 9, 10, 11, 12, 13, 14, 15]]": 0.4701, "[[0, 1], [2, 3]]": 0.4685, "[[0], [1]]": 0.4696}}, {"accuracy": 0.7551, "Layer1": {"[[0, 1, 2, 3, 4, 5, 6, 7], [8, 9, 10, 11, 12, 13, 14, 15]]": 0.5713, "[[0, 1], [2, 3]]": 0.5608, "[[0], [1]]": 0.5611}, "Layer2": {"[[0, 1, 2, 3, 4, 5, 6, 7], [8, 9, 10, 11, 12, 13, 14, 15]]": 0.488, "[[0, 1], [2, 3]]": 0.4846, "[[0], [1]]": 0.4984}, "Layer3": {"[[0, 1, 2, 3, 4, 5, 6, 7], [8, 9, 10, 11, 12, 13, 14, 15]]": 0.4573, "[[0, 1], [2, 3]]": 0.4719, "[[0], [1]]": 0.4748}}, {"accuracy": 0.7997, "Layer1": {"[[0, 1, 2, 3, 4, 5, 6, 7], [8, 9, 10, 11, 12, 13, 14, 15]]": 0.6058, "[[0, 1], [2, 3]]": 0.5918, "[[0], [1]]": 0.593}, "Layer2": {"[[0, 1, 2, 3, 4, 5, 6, 7], [8, 9, 10, 11, 12, 13, 14, 15]]": 0.4869, "[[0, 1], [2, 3]]": 0.4867, "[[0], [1]]": 0.4851}, "Layer3": {"[[0, 1, 2, 3, 4, 5, 6, 7], [8, 9, 10, 11, 12, 13, 14, 15]]": 0.4625, "[[0, 1], [2, 3]]": 0.4702, "[[0], [1]]": 0.4678}}, {"accuracy": 0.8318, "Layer1": {"[[0, 1, 2, 3, 4, 5, 6, 7], [8, 9, 10, 11, 12, 13, 14, 15]]": 0.636, "[[0, 1], [2, 3]]": 0.6105, "[[0], [1]]": 0.6085}, "Layer2": {"[[0, 1, 2, 3, 4, 5, 6, 7], [8, 9, 10, 11, 12, 13, 14, 15]]": 0.4905, "[[0, 1], [2, 3]]": 0.4946, "[[0], [1]]": 0.4918}, "Layer3": {"[[0, 1, 2, 3, 4, 5, 6, 7], [8, 9, 10, 11, 12, 13, 14, 15]]": 0.4706, "[[0, 1], [2, 3]]": 0.4775, "[[0], [1]]": 0.4775}}, {"accuracy": 0.8512, "Layer1": {"[[0, 1, 2, 3, 4, 5, 6, 7], [8, 9, 10, 11, 12, 13, 14, 15]]": 0.647, "[[0, 1], [2, 3]]": 0.6158, "[[0], [1]]": 0.6071}, "Layer2": {"[[0, 1, 2, 3, 4, 5, 6, 7], [8, 9, 10, 11, 12, 13, 14, 15]]": 0.494, "[[0, 1], [2, 3]]": 0.4986, "[[0], [1]]": 0.4923}, "Layer3": {"[[0, 1, 2, 3, 4, 5, 6, 7], [8, 9, 10, 11, 12, 13, 14, 15]]": 0.4767, "[[0, 1], [2, 3]]": 0.4818, "[[0], [1]]": 0.4814}}, {"accuracy": 0.8681, "Layer1": {"[[0, 1, 2, 3, 4, 5, 6, 7], [8, 9, 10, 11, 12, 13, 14, 15]]": 0.6627, "[[0, 1], [2, 3]]": 0.6303, "[[0], [1]]": 0.6151}, "Layer2": {"[[0, 1, 2, 3, 4, 5, 6, 7], [8, 9, 10, 11, 12, 13, 14, 15]]": 0.4961, "[[0, 1], [2, 3]]": 0.4976, "[[0], [1]]": 0.493}, "Layer3": {"[[0, 1, 2, 3, 4, 5, 6, 7], [8, 9, 10, 11, 12, 13, 14, 15]]": 0.4801, "[[0, 1], [2, 3]]": 0.484, "[[0], [1]]": 0.4897}}, {"accuracy": 0.8835, "Layer1": {"[[0, 1, 2, 3, 4, 5, 6, 7], [8, 9, 10, 11, 12, 13, 14, 15]]": 0.674, "[[0, 1], [2, 3]]": 0.6409, "[[0], [1]]": 0.6213}, "Layer2": {"[[0, 1, 2, 3, 4, 5, 6, 7], [8, 9, 10, 11, 12, 13, 14, 15]]": 0.4957, "[[0, 1], [2, 3]]": 0.4984, "[[0], [1]]": 0.4919}, "Layer3": {"[[0, 1, 2, 3, 4, 5, 6, 7], [8, 9, 10, 11, 12, 13, 14, 15]]": 0.4808, "[[0, 1], [2, 3]]": 0.4869, "[[0], [1]]": 0.4872}}, {"accuracy": 0.8991, "Layer1": {"[[0, 1, 2, 3, 4, 5, 6, 7], [8, 9, 10, 11, 12, 13, 14, 15]]": 0.687, "[[0, 1], [2, 3]]": 0.6461, "[[0], [1]]": 0.6267}, "Layer2": {"[[0, 1, 2, 3, 4, 5, 6, 7], [8, 9, 10, 11, 12, 13, 14, 15]]": 0.4963, "[[0, 1], [2, 3]]": 0.5032, "[[0], [1]]": 0.4966}, "Layer3": {"[[0, 1, 2, 3, 4, 5, 6, 7], [8, 9, 10, 11, 12, 13, 14, 15]]": 0.4848, "[[0, 1], [2, 3]]": 0.491, "[[0], [1]]": 0.4897}}, {"accuracy": 0.9109, "Layer1": {"[[0, 1, 2, 3, 4, 5, 6, 7], [8, 9, 10, 11, 12, 13, 14, 15]]": 0.6986, "[[0, 1], [2, 3]]": 0.655, "[[0], [1]]": 0.6381}, "Layer2": {"[[0, 1, 2, 3, 4, 5, 6, 7], [8, 9, 10, 11, 12, 13, 14, 15]]": 0.4975, "[[0, 1], [2, 3]]": 0.5029, "[[0], [1]]": 0.4999}, "Layer3": {"[[0, 1, 2, 3, 4, 5, 6, 7], [8, 9, 10, 11, 12, 13, 14, 15]]": 0.4874, "[[0, 1], [2, 3]]": 0.4937, "[[0], [1]]": 0.4937}}, {"accuracy": 0.9235, "Layer1": {"[[0, 1, 2, 3, 4, 5, 6, 7], [8, 9, 10, 11, 12, 13, 14, 15]]": 0.7083, "[[0, 1], [2, 3]]": 0.6689, "[[0], [1]]": 0.6487}, "Layer2": {"[[0, 1, 2, 3, 4, 5, 6, 7], [8, 9, 10, 11, 12, 13, 14, 15]]": 0.5002, "[[0, 1], [2, 3]]": 0.5077, "[[0], [1]]": 0.4936}, "Layer3": {"[[0, 1, 2, 3, 4, 5, 6, 7], [8, 9, 10, 11, 12, 13, 14, 15]]": 0.4938, "[[0, 1], [2, 3]]": 0.4953, "[[0], [1]]": 0.4934}}, {"accuracy": 0.9363, "Layer1": {"[[0, 1, 2, 3, 4, 5, 6, 7], [8, 9, 10, 11, 12, 13, 14, 15]]": 0.7073, "[[0, 1], [2, 3]]": 0.68, "[[0], [1]]": 0.6656}, "Layer2": {"[[0, 1, 2, 3, 4, 5, 6, 7], [8, 9, 10, 11, 12, 13, 14, 15]]": 0.5015, "[[0, 1], [2, 3]]": 0.5037, "[[0], [1]]": 0.4989}, "Layer3": {"[[0, 1, 2, 3, 4, 5, 6, 7], [8, 9, 10, 11, 12, 13, 14, 15]]": 0.4962, "[[0, 1], [2, 3]]": 0.4979, "[[0], [1]]": 0.498}}, {"accuracy": 0.9474, "Layer1": {"[[0, 1, 2, 3, 4, 5, 6, 7], [8, 9, 10, 11, 12, 13, 14, 15]]": 0.7351, "[[0, 1], [2, 3]]": 0.691, "[[0], [1]]": 0.676}, "Layer2": {"[[0, 1, 2, 3, 4, 5, 6, 7], [8, 9, 10, 11, 12, 13, 14, 15]]": 0.5137, "[[0, 1], [2, 3]]": 0.5061, "[[0], [1]]": 0.5009}, "Layer3": {"[[0, 1, 2, 3, 4, 5, 6, 7], [8, 9, 10, 11, 12, 13, 14, 15]]": 0.4959, "[[0, 1], [2, 3]]": 0.4993, "[[0], [1]]": 0.4998}}, {"accuracy": 0.9562, "Layer1": {"[[0, 1, 2, 3, 4, 5, 6, 7], [8, 9, 10, 11, 12, 13, 14, 15]]": 0.7297, "[[0, 1], [2, 3]]": 0.6783, "[[0], [1]]": 0.6887}, "Layer2": {"[[0, 1, 2, 3, 4, 5, 6, 7], [8, 9, 10, 11, 12, 13, 14, 15]]": 0.5061, "[[0, 1], [2, 3]]": 0.5032, "[[0], [1]]": 0.507}, "Layer3": {"[[0, 1, 2, 3, 4, 5, 6, 7], [8, 9, 10, 11, 12, 13, 14, 15]]": 0.4979, "[[0, 1], [2, 3]]": 0.502, "[[0], [1]]": 0.5}}], [{"accuracy": 0.5005, "Layer1": {"[[0, 1, 2, 3, 4, 5, 6, 7], [8, 9, 10, 11, 12, 13, 14, 15]]": 0.5011, "[[0, 1], [2, 3]]": 0.5011, "[[0], [1]]": 0.5011}, "Layer2": {"[[0, 1, 2, 3, 4, 5, 6, 7], [8, 9, 10, 11, 12, 13, 14, 15]]": 0.5011, "[[0, 1], [2, 3]]": 0.5011, "[[0], [1]]": 0.5011}, "Layer3": {"[[0, 1, 2, 3, 4, 5, 6, 7], [8, 9, 10, 11, 12, 13, 14, 15]]": 0.5011, "[[0, 1], [2, 3]]": 0.5011, "[[0], [1]]": 0.5011}}, {"accuracy": 0.4976, "Layer1": {"[[0, 1, 2, 3, 4, 5, 6, 7], [8, 9, 10, 11, 12, 13, 14, 15]]": 0.4957, "[[0, 1], [2, 3]]": 0.5014, "[[0], [1]]": 0.4965}, "Layer2": {"[[0, 1, 2, 3, 4, 5, 6, 7], [8, 9, 10, 11, 12, 13, 14, 15]]": 0.4992, "[[0, 1], [2, 3]]": 0.4951, "[[0], [1]]": 0.4948}, "Layer3": {"[[0, 1, 2, 3, 4, 5, 6, 7], [8, 9, 10, 11, 12, 13, 14, 15]]": 0.4945, "[[0, 1], [2, 3]]": 0.4982, "[[0], [1]]": 0.4997}}, {"accuracy": 0.5651, "Layer1": {"[[0, 1, 2, 3, 4, 5, 6, 7], [8, 9, 10, 11, 12, 13, 14, 15]]": 0.5138, "[[0, 1], [2, 3]]": 0.5004, "[[0], [1]]": 0.4995}, "Layer2": {"[[0, 1, 2, 3, 4, 5, 6, 7], [8, 9, 10, 11, 12, 13, 14, 15]]": 0.504, "[[0, 1], [2, 3]]": 0.5002, "[[0], [1]]": 0.5012}, "Layer3": {"[[0, 1, 2, 3, 4, 5, 6, 7], [8, 9, 10, 11, 12, 13, 14, 15]]": 0.5046, "[[0, 1], [2, 3]]": 0.5037, "[[0], [1]]": 0.5048}}, {"accuracy": 0.6384, "Layer1": {"[[0, 1, 2, 3, 4, 5, 6, 7], [8, 9, 10, 11, 12, 13, 14, 15]]": 0.5235, "[[0, 1], [2, 3]]": 0.5231, "[[0], [1]]": 0.4913}, "Layer2": {"[[0, 1, 2, 3, 4, 5, 6, 7], [8, 9, 10, 11, 12, 13, 14, 15]]": 0.5095, "[[0, 1], [2, 3]]": 0.5094, "[[0], [1]]": 0.5125}, "Layer3": {"[[0, 1, 2, 3, 4, 5, 6, 7], [8, 9, 10, 11, 12, 13, 14, 15]]": 0.4871, "[[0, 1], [2, 3]]": 0.4937, "[[0], [1]]": 0.4928}}, {"accuracy": 0.659, "Layer1": {"[[0, 1, 2, 3, 4, 5, 6, 7], [8, 9, 10, 11, 12, 13, 14, 15]]": 0.5355, "[[0, 1], [2, 3]]": 0.5309, "[[0], [1]]": 0.5088}, "Layer2": {"[[0, 1, 2, 3, 4, 5, 6, 7], [8, 9, 10, 11, 12, 13, 14, 15]]": 0.5118, "[[0, 1], [2, 3]]": 0.5129, "[[0], [1]]": 0.5137}, "Layer3": {"[[0, 1, 2, 3, 4, 5, 6, 7], [8, 9, 10, 11, 12, 13, 14, 15]]": 0.4426, "[[0, 1], [2, 3]]": 0.4526, "[[0], [1]]": 0.458}}, {"accuracy": 0.7152, "Layer1": {"[[0, 1, 2, 3, 4, 5, 6, 7], [8, 9, 10, 11, 12, 13, 14, 15]]": 0.561, "[[0, 1], [2, 3]]": 0.5586, "[[0], [1]]": 0.5364}, "Layer2": {"[[0, 1, 2, 3, 4, 5, 6, 7], [8, 9, 10, 11, 12, 13, 14, 15]]": 0.5377, "[[0, 1], [2, 3]]": 0.5379, "[[0], [1]]": 0.5333}, "Layer3": {"[[0, 1, 2, 3, 4, 5, 6, 7], [8, 9, 10, 11, 12, 13, 14, 15]]": 0.442, "[[0, 1], [2, 3]]": 0.4443, "[[0], [1]]": 0.4449}}, {"accuracy": 0.7773, "Layer1": {"[[0, 1, 2, 3, 4, 5, 6, 7], [8, 9, 10, 11, 12, 13, 14, 15]]": 0.5902, "[[0, 1], [2, 3]]": 0.5875, "[[0], [1]]": 0.5703}, "Layer2": {"[[0, 1, 2, 3, 4, 5, 6, 7], [8, 9, 10, 11, 12, 13, 14, 15]]": 0.5703, "[[0, 1], [2, 3]]": 0.5676, "[[0], [1]]": 0.5667}, "Layer3": {"[[0, 1, 2, 3, 4, 5, 6, 7], [8, 9, 10, 11, 12, 13, 14, 15]]": 0.4541, "[[0, 1], [2, 3]]": 0.4584, "[[0], [1]]": 0.4592}}, {"accuracy": 0.7971, "Layer1": {"[[0, 1, 2, 3, 4, 5, 6, 7], [8, 9, 10, 11, 12, 13, 14, 15]]": 0.6038, "[[0, 1], [2, 3]]": 0.5966, "[[0], [1]]": 0.5541}, "Layer2": {"[[0, 1, 2, 3, 4, 5, 6, 7], [8, 9, 10, 11, 12, 13, 14, 15]]": 0.5846, "[[0, 1], [2, 3]]": 0.5846, "[[0], [1]]": 0.5818}, "Layer3": {"[[0, 1, 2, 3, 4, 5, 6, 7], [8, 9, 10, 11, 12, 13, 14, 15]]": 0.4635, "[[0, 1], [2, 3]]": 0.4675, "[[0], [1]]": 0.4676}}, {"accuracy": 0.8183, "Layer1": {"[[0, 1, 2, 3, 4, 5, 6, 7], [8, 9, 10, 11, 12, 13, 14, 15]]": 0.6143, "[[0, 1], [2, 3]]": 0.61, "[[0], [1]]": 0.5532}, "Layer2": {"[[0, 1, 2, 3, 4, 5, 6, 7], [8, 9, 10, 11, 12, 13, 14, 15]]": 0.5961, "[[0, 1], [2, 3]]": 0.5957, "[[0], [1]]": 0.5907}, "Layer3": {"[[0, 1, 2, 3, 4, 5, 6, 7], [8, 9, 10, 11, 12, 13, 14, 15]]": 0.4726, "[[0, 1], [2, 3]]": 0.4778, "[[0], [1]]": 0.4765}}, {"accuracy": 0.8406, "Layer1": {"[[0, 1, 2, 3, 4, 5, 6, 7], [8, 9, 10, 11, 12, 13, 14, 15]]": 0.6208, "[[0, 1], [2, 3]]": 0.6209, "[[0], [1]]": 0.5641}, "Layer2": {"[[0, 1, 2, 3, 4, 5, 6, 7], [8, 9, 10, 11, 12, 13, 14, 15]]": 0.6031, "[[0, 1], [2, 3]]": 0.6028, "[[0], [1]]": 0.5939}, "Layer3": {"[[0, 1, 2, 3, 4, 5, 6, 7], [8, 9, 10, 11, 12, 13, 14, 15]]": 0.4771, "[[0, 1], [2, 3]]": 0.4773, "[[0], [1]]": 0.4821}}, {"accuracy": 0.8591, "Layer1": {"[[0, 1, 2, 3, 4, 5, 6, 7], [8, 9, 10, 11, 12, 13, 14, 15]]": 0.6454, "[[0, 1], [2, 3]]": 0.6312, "[[0], [1]]": 0.5671}, "Layer2": {"[[0, 1, 2, 3, 4, 5, 6, 7], [8, 9, 10, 11, 12, 13, 14, 15]]": 0.5941, "[[0, 1], [2, 3]]": 0.6095, "[[0], [1]]": 0.5963}, "Layer3": {"[[0, 1, 2, 3, 4, 5, 6, 7], [8, 9, 10, 11, 12, 13, 14, 15]]": 0.4794, "[[0, 1], [2, 3]]": 0.4828, "[[0], [1]]": 0.4805}}, {"accuracy": 0.8813, "Layer1": {"[[0, 1, 2, 3, 4, 5, 6, 7], [8, 9, 10, 11, 12, 13, 14, 15]]": 0.6732, "[[0, 1], [2, 3]]": 0.6555, "[[0], [1]]": 0.5764}, "Layer2": {"[[0, 1, 2, 3, 4, 5, 6, 7], [8, 9, 10, 11, 12, 13, 14, 15]]": 0.6105, "[[0, 1], [2, 3]]": 0.6155, "[[0], [1]]": 0.5998}, "Layer3": {"[[0, 1, 2, 3, 4, 5, 6, 7], [8, 9, 10, 11, 12, 13, 14, 15]]": 0.4881, "[[0, 1], [2, 3]]": 0.4885, "[[0], [1]]": 0.4859}}, {"accuracy": 0.9012, "Layer1": {"[[0, 1, 2, 3, 4, 5, 6, 7], [8, 9, 10, 11, 12, 13, 14, 15]]": 0.6905, "[[0, 1], [2, 3]]": 0.6655, "[[0], [1]]": 0.6616}, "Layer2": {"[[0, 1, 2, 3, 4, 5, 6, 7], [8, 9, 10, 11, 12, 13, 14, 15]]": 0.6122, "[[0, 1], [2, 3]]": 0.6101, "[[0], [1]]": 0.6014}, "Layer3": {"[[0, 1, 2, 3, 4, 5, 6, 7], [8, 9, 10, 11, 12, 13, 14, 15]]": 0.4924, "[[0, 1], [2, 3]]": 0.4924, "[[0], [1]]": 0.4943}}, {"accuracy": 0.917, "Layer1": {"[[0, 1, 2, 3, 4, 5, 6, 7], [8, 9, 10, 11, 12, 13, 14, 15]]": 0.7047, "[[0, 1], [2, 3]]": 0.6679, "[[0], [1]]": 0.598}, "Layer2": {"[[0, 1, 2, 3, 4, 5, 6, 7], [8, 9, 10, 11, 12, 13, 14, 15]]": 0.6234, "[[0, 1], [2, 3]]": 0.6145, "[[0], [1]]": 0.6084}, "Layer3": {"[[0, 1, 2, 3, 4, 5, 6, 7], [8, 9, 10, 11, 12, 13, 14, 15]]": 0.4967, "[[0, 1], [2, 3]]": 0.4983, "[[0], [1]]": 0.4978}}, {"accuracy": 0.9308, "Layer1": {"[[0, 1, 2, 3, 4, 5, 6, 7], [8, 9, 10, 11, 12, 13, 14, 15]]": 0.7131, "[[0, 1], [2, 3]]": 0.6704, "[[0], [1]]": 0.6659}, "Layer2": {"[[0, 1, 2, 3, 4, 5, 6, 7], [8, 9, 10, 11, 12, 13, 14, 15]]": 0.6228, "[[0, 1], [2, 3]]": 0.6146, "[[0], [1]]": 0.6112}, "Layer3": {"[[0, 1, 2, 3, 4, 5, 6, 7], [8, 9, 10, 11, 12, 13, 14, 15]]": 0.4989, "[[0, 1], [2, 3]]": 0.5005, "[[0], [1]]": 0.4996}}, {"accuracy": 0.9433, "Layer1": {"[[0, 1, 2, 3, 4, 5, 6, 7], [8, 9, 10, 11, 12, 13, 14, 15]]": 0.746, "[[0, 1], [2, 3]]": 0.7057, "[[0], [1]]": 0.5821}, "Layer2": {"[[0, 1, 2, 3, 4, 5, 6, 7], [8, 9, 10, 11, 12, 13, 14, 15]]": 0.6307, "[[0, 1], [2, 3]]": 0.6236, "[[0], [1]]": 0.6207}, "Layer3": {"[[0, 1, 2, 3, 4, 5, 6, 7], [8, 9, 10, 11, 12, 13, 14, 15]]": 0.5013, "[[0, 1], [2, 3]]": 0.4988, "[[0], [1]]": 0.5008}}, {"accuracy": 0.9572, "Layer1": {"[[0, 1, 2, 3, 4, 5, 6, 7], [8, 9, 10, 11, 12, 13, 14, 15]]": 0.7099, "[[0, 1], [2, 3]]": 0.7272, "[[0], [1]]": 0.6108}, "Layer2": {"[[0, 1, 2, 3, 4, 5, 6, 7], [8, 9, 10, 11, 12, 13, 14, 15]]": 0.6381, "[[0, 1], [2, 3]]": 0.6293, "[[0], [1]]": 0.6281}, "Layer3": {"[[0, 1, 2, 3, 4, 5, 6, 7], [8, 9, 10, 11, 12, 13, 14, 15]]": 0.5028, "[[0, 1], [2, 3]]": 0.5028, "[[0], [1]]": 0.4991}}]]