[{"accuracy": 0.9997, "1": {"Layer1": {"[[0, 1, 2, 3, 4, 5, 6, 7], [8, 9, 10, 11, 12, 13, 14, 15]]": 0.7595, "[[0, 1], [2, 3]]": 0.6936, "[[0], [1]]": 0.5971}, "Layer2": {"[[0, 1, 2, 3, 4, 5, 6, 7], [8, 9, 10, 11, 12, 13, 14, 15]]": 0.5093, "[[0, 1], [2, 3]]": 0.4942, "[[0], [1]]": 0.4938}, "Layer3": {"[[0, 1, 2, 3, 4, 5, 6, 7], [8, 9, 10, 11, 12, 13, 14, 15]]": 0.5581, "[[0, 1], [2, 3]]": 0.5009, "[[0], [1]]": 0.5045}}, "2": {"Layer1": {"[[0, 1, 2, 3, 4, 5, 6, 7], [8, 9, 10, 11, 12, 13, 14, 15]]": 0.8747, "[[0, 1], [2, 3]]": 0.7225, "[[0], [1]]": 0.7255}, "Layer2": {"[[0, 1, 2, 3, 4, 5, 6, 7], [8, 9, 10, 11, 12, 13, 14, 15]]": 0.9911, "[[0, 1], [2, 3]]": 0.5858, "[[0], [1]]": 0.7118}, "Layer3": {"[[0, 1, 2, 3, 4, 5, 6, 7], [8, 9, 10, 11, 12, 13, 14, 15]]": 0.6959, "[[0, 1], [2, 3]]": 0.5151, "[[0], [1]]": 0.5432}}, "3": {"Layer1": {"[[0, 1, 2, 3, 4, 5, 6, 7], [8, 9, 10, 11, 12, 13, 14, 15]]": 0.9123, "[[0, 1], [2, 3]]": 0.8061, "[[0], [1]]": 0.6324}, "Layer2": {"[[0, 1, 2, 3, 4, 5, 6, 7], [8, 9, 10, 11, 12, 13, 14, 15]]": 0.9941, "[[0, 1], [2, 3]]": 0.9585, "[[0], [1]]": 0.6185}, "Layer3": {"[[0, 1, 2, 3, 4, 5, 6, 7], [8, 9, 10, 11, 12, 13, 14, 15]]": 0.9586, "[[0, 1], [2, 3]]": 0.7411, "[[0], [1]]": 0.7962}}, "4": {"Layer1": {"[[0, 1, 2, 3, 4, 5, 6, 7], [8, 9, 10, 11, 12, 13, 14, 15]]": 0.9881, "[[0, 1], [2, 3]]": 0.7576, "[[0], [1]]": 0.6719}, "Layer2": {"[[0, 1, 2, 3, 4, 5, 6, 7], [8, 9, 10, 11, 12, 13, 14, 15]]": 0.9928, "[[0, 1], [2, 3]]": 0.9635, "[[0], [1]]": 0.6463}, "Layer3": {"[[0, 1, 2, 3, 4, 5, 6, 7], [8, 9, 10, 11, 12, 13, 14, 15]]": 0.9887, "[[0, 1], [2, 3]]": 0.6395, "[[0], [1]]": 0.5863}}, "5": {"Layer1": {"[[0, 1, 2, 3, 4, 5, 6, 7], [8, 9, 10, 11, 12, 13, 14, 15]]": 0.9918, "[[0, 1], [2, 3]]": 0.9397, "[[0], [1]]": 0.6699}, "Layer2": {"[[0, 1, 2, 3, 4, 5, 6, 7], [8, 9, 10, 11, 12, 13, 14, 15]]": 0.9802, "[[0, 1], [2, 3]]": 0.973, "[[0], [1]]": 0.7533}, "Layer3": {"[[0, 1, 2, 3, 4, 5, 6, 7], [8, 9, 10, 11, 12, 13, 14, 15]]": 0.9886, "[[0, 1], [2, 3]]": 0.9573, "[[0], [1]]": 0.9581}}, "6": {"Layer1": {"[[0, 1, 2, 3, 4, 5, 6, 7], [8, 9, 10, 11, 12, 13, 14, 15]]": 0.9931, "[[0, 1], [2, 3]]": 0.857, "[[0], [1]]": 0.8193}, "Layer2": {"[[0, 1, 2, 3, 4, 5, 6, 7], [8, 9, 10, 11, 12, 13, 14, 15]]": 0.9976, "[[0, 1], [2, 3]]": 0.9898, "[[0], [1]]": 0.9632}, "Layer3": {"[[0, 1, 2, 3, 4, 5, 6, 7], [8, 9, 10, 11, 12, 13, 14, 15]]": 0.9216, "[[0, 1], [2, 3]]": 0.6981, "[[0], [1]]": 0.6129}}, "7": {"Layer1": {"[[0, 1, 2, 3, 4, 5, 6, 7], [8, 9, 10, 11, 12, 13, 14, 15]]": 0.9931, "[[0, 1], [2, 3]]": 0.9156, "[[0], [1]]": 0.8466}, "Layer2": {"[[0, 1, 2, 3, 4, 5, 6, 7], [8, 9, 10, 11, 12, 13, 14, 15]]": 0.9952, "[[0, 1], [2, 3]]": 0.9917, "[[0], [1]]": 0.98}, "Layer3": {"[[0, 1, 2, 3, 4, 5, 6, 7], [8, 9, 10, 11, 12, 13, 14, 15]]": 0.9733, "[[0, 1], [2, 3]]": 0.7967, "[[0], [1]]": 0.9679}}, "8": {"Layer1": {"[[0, 1, 2, 3, 4, 5, 6, 7], [8, 9, 10, 11, 12, 13, 14, 15]]": 0.997, "[[0, 1], [2, 3]]": 0.869, "[[0], [1]]": 0.8308}, "Layer2": {"[[0, 1, 2, 3, 4, 5, 6, 7], [8, 9, 10, 11, 12, 13, 14, 15]]": 0.9979, "[[0, 1], [2, 3]]": 0.9808, "[[0], [1]]": 0.9867}, "Layer3": {"[[0, 1, 2, 3, 4, 5, 6, 7], [8, 9, 10, 11, 12, 13, 14, 15]]": 0.9946, "[[0, 1], [2, 3]]": 0.9685, "[[0], [1]]": 0.9055}}}, {"accuracy": 0.9992, "1": {"Layer1": {"[[0, 1, 2, 3, 4, 5, 6, 7], [8, 9, 10, 11, 12, 13, 14, 15]]": 0.5892, "[[0, 1], [2, 3]]": 0.6837, "[[0], [1]]": 0.6414}, "Layer2": {"[[0, 1, 2, 3, 4, 5, 6, 7], [8, 9, 10, 11, 12, 13, 14, 15]]": 0.8208, "[[0, 1], [2, 3]]": 0.5161, "[[0], [1]]": 0.5924}, "Layer3": {"[[0, 1, 2, 3, 4, 5, 6, 7], [8, 9, 10, 11, 12, 13, 14, 15]]": 0.4684, "[[0, 1], [2, 3]]": 0.4948, "[[0], [1]]": 0.4908}}, "2": {"Layer1": {"[[0, 1, 2, 3, 4, 5, 6, 7], [8, 9, 10, 11, 12, 13, 14, 15]]": 0.9916, "[[0, 1], [2, 3]]": 0.8004, "[[0], [1]]": 0.743}, "Layer2": {"[[0, 1, 2, 3, 4, 5, 6, 7], [8, 9, 10, 11, 12, 13, 14, 15]]": 0.5518, "[[0, 1], [2, 3]]": 0.9578, "[[0], [1]]": 0.521}, "Layer3": {"[[0, 1, 2, 3, 4, 5, 6, 7], [8, 9, 10, 11, 12, 13, 14, 15]]": 0.6166, "[[0, 1], [2, 3]]": 0.7761, "[[0], [1]]": 0.5023}}, "3": {"Layer1": {"[[0, 1, 2, 3, 4, 5, 6, 7], [8, 9, 10, 11, 12, 13, 14, 15]]": 0.9964, "[[0, 1], [2, 3]]": 0.7435, "[[0], [1]]": 0.7879}, "Layer2": {"[[0, 1, 2, 3, 4, 5, 6, 7], [8, 9, 10, 11, 12, 13, 14, 15]]": 0.9817, "[[0, 1], [2, 3]]": 0.8781, "[[0], [1]]": 0.9833}, "Layer3": {"[[0, 1, 2, 3, 4, 5, 6, 7], [8, 9, 10, 11, 12, 13, 14, 15]]": 0.9654, "[[0, 1], [2, 3]]": 0.6312, "[[0], [1]]": 0.6014}}, "4": {"Layer1": {"[[0, 1, 2, 3, 4, 5, 6, 7], [8, 9, 10, 11, 12, 13, 14, 15]]": 0.9951, "[[0, 1], [2, 3]]": 0.8015, "[[0], [1]]": 0.8599}, "Layer2": {"[[0, 1, 2, 3, 4, 5, 6, 7], [8, 9, 10, 11, 12, 13, 14, 15]]": 0.9967, "[[0, 1], [2, 3]]": 0.9882, "[[0], [1]]": 0.9511}, "Layer3": {"[[0, 1, 2, 3, 4, 5, 6, 7], [8, 9, 10, 11, 12, 13, 14, 15]]": 0.9796, "[[0, 1], [2, 3]]": 0.6179, "[[0], [1]]": 0.6031}}, "5": {"Layer1": {"[[0, 1, 2, 3, 4, 5, 6, 7], [8, 9, 10, 11, 12, 13, 14, 15]]": 0.9974, "[[0, 1], [2, 3]]": 0.9055, "[[0], [1]]": 0.8459}, "Layer2": {"[[0, 1, 2, 3, 4, 5, 6, 7], [8, 9, 10, 11, 12, 13, 14, 15]]": 0.9936, "[[0, 1], [2, 3]]": 0.9932, "[[0], [1]]": 0.9917}, "Layer3": {"[[0, 1, 2, 3, 4, 5, 6, 7], [8, 9, 10, 11, 12, 13, 14, 15]]": 0.9952, "[[0, 1], [2, 3]]": 0.7993, "[[0], [1]]": 0.6211}}, "6": {"Layer1": {"[[0, 1, 2, 3, 4, 5, 6, 7], [8, 9, 10, 11, 12, 13, 14, 15]]": 0.9984, "[[0, 1], [2, 3]]": 0.812, "[[0], [1]]": 0.8997}, "Layer2": {"[[0, 1, 2, 3, 4, 5, 6, 7], [8, 9, 10, 11, 12, 13, 14, 15]]": 0.9944, "[[0, 1], [2, 3]]": 0.9905, "[[0], [1]]": 0.972}, "Layer3": {"[[0, 1, 2, 3, 4, 5, 6, 7], [8, 9, 10, 11, 12, 13, 14, 15]]": 0.9927, "[[0, 1], [2, 3]]": 0.9842, "[[0], [1]]": 0.6703}}, "7": {"Layer1": {"[[0, 1, 2, 3, 4, 5, 6, 7], [8, 9, 10, 11, 12, 13, 14, 15]]": 0.9974, "[[0, 1], [2, 3]]": 0.8942, "[[0], [1]]": 0.8679}, "Layer2": {"[[0, 1, 2, 3, 4, 5, 6, 7], [8, 9, 10, 11, 12, 13, 14, 15]]": 0.9971, "[[0, 1], [2, 3]]": 0.9925, "[[0], [1]]": 0.9777}, "Layer3": {"[[0, 1, 2, 3, 4, 5, 6, 7], [8, 9, 10, 11, 12, 13, 14, 15]]": 0.9972, "[[0, 1], [2, 3]]": 0.9636, "[[0], [1]]": 0.7043}}, "8": {"Layer1": {"[[0, 1, 2, 3, 4, 5, 6, 7], [8, 9, 10, 11, 12, 13, 14, 15]]": 0.9975, "[[0, 1], [2, 3]]": 0.9097, "[[0], [1]]": 0.8892}, "Layer2": {"[[0, 1, 2, 3, 4, 5, 6, 7], [8, 9, 10, 11, 12, 13, 14, 15]]": 0.9989, "[[0, 1], [2, 3]]": 0.9908, "[[0], [1]]": 0.9895}, "Layer3": {"[[0, 1, 2, 3, 4, 5, 6, 7], [8, 9, 10, 11, 12, 13, 14, 15]]": 0.9987, "[[0, 1], [2, 3]]": 0.7231, "[[0], [1]]": 0.9145}}}, {"accuracy": 0.999, "1": {"Layer1": {"[[0, 1, 2, 3, 4, 5, 6, 7], [8, 9, 10, 11, 12, 13, 14, 15]]": 0.5496, "[[0, 1], [2, 3]]": 0.5599, "[[0], [1]]": 0.5528}, "Layer2": {"[[0, 1, 2, 3, 4, 5, 6, 7], [8, 9, 10, 11, 12, 13, 14, 15]]": 0.8153, "[[0, 1], [2, 3]]": 0.5391, "[[0], [1]]": 0.6843}, "Layer3": {"[[0, 1, 2, 3, 4, 5, 6, 7], [8, 9, 10, 11, 12, 13, 14, 15]]": 0.4986, "[[0, 1], [2, 3]]": 0.5192, "[[0], [1]]": 0.7122}}, "2": {"Layer1": {"[[0, 1, 2, 3, 4, 5, 6, 7], [8, 9, 10, 11, 12, 13, 14, 15]]": 0.7083, "[[0, 1], [2, 3]]": 0.6143, "[[0], [1]]": 0.5922}, "Layer2": {"[[0, 1, 2, 3, 4, 5, 6, 7], [8, 9, 10, 11, 12, 13, 14, 15]]": 0.8587, "[[0, 1], [2, 3]]": 0.6187, "[[0], [1]]": 0.7183}, "Layer3": {"[[0, 1, 2, 3, 4, 5, 6, 7], [8, 9, 10, 11, 12, 13, 14, 15]]": 0.9266, "[[0, 1], [2, 3]]": 0.9418, "[[0], [1]]": 0.5744}}, "3": {"Layer1": {"[[0, 1, 2, 3, 4, 5, 6, 7], [8, 9, 10, 11, 12, 13, 14, 15]]": 0.7429, "[[0, 1], [2, 3]]": 0.5903, "[[0], [1]]": 0.5901}, "Layer2": {"[[0, 1, 2, 3, 4, 5, 6, 7], [8, 9, 10, 11, 12, 13, 14, 15]]": 0.9087, "[[0, 1], [2, 3]]": 0.7127, "[[0], [1]]": 0.9287}, "Layer3": {"[[0, 1, 2, 3, 4, 5, 6, 7], [8, 9, 10, 11, 12, 13, 14, 15]]": 0.9881, "[[0, 1], [2, 3]]": 0.8954, "[[0], [1]]": 0.885}}, "4": {"Layer1": {"[[0, 1, 2, 3, 4, 5, 6, 7], [8, 9, 10, 11, 12, 13, 14, 15]]": 0.8882, "[[0, 1], [2, 3]]": 0.5858, "[[0], [1]]": 0.6972}, "Layer2": {"[[0, 1, 2, 3, 4, 5, 6, 7], [8, 9, 10, 11, 12, 13, 14, 15]]": 0.9823, "[[0, 1], [2, 3]]": 0.6055, "[[0], [1]]": 0.9342}, "Layer3": {"[[0, 1, 2, 3, 4, 5, 6, 7], [8, 9, 10, 11, 12, 13, 14, 15]]": 0.9933, "[[0, 1], [2, 3]]": 0.9705, "[[0], [1]]": 0.9826}}, "5": {"Layer1": {"[[0, 1, 2, 3, 4, 5, 6, 7], [8, 9, 10, 11, 12, 13, 14, 15]]": 0.8903, "[[0, 1], [2, 3]]": 0.6144, "[[0], [1]]": 0.6523}, "Layer2": {"[[0, 1, 2, 3, 4, 5, 6, 7], [8, 9, 10, 11, 12, 13, 14, 15]]": 0.9859, "[[0, 1], [2, 3]]": 0.7372, "[[0], [1]]": 0.9099}, "Layer3": {"[[0, 1, 2, 3, 4, 5, 6, 7], [8, 9, 10, 11, 12, 13, 14, 15]]": 0.9956, "[[0, 1], [2, 3]]": 0.9916, "[[0], [1]]": 0.978}}, "6": {"Layer1": {"[[0, 1, 2, 3, 4, 5, 6, 7], [8, 9, 10, 11, 12, 13, 14, 15]]": 0.8831, "[[0, 1], [2, 3]]": 0.6592, "[[0], [1]]": 0.62}, "Layer2": {"[[0, 1, 2, 3, 4, 5, 6, 7], [8, 9, 10, 11, 12, 13, 14, 15]]": 0.9892, "[[0, 1], [2, 3]]": 0.7888, "[[0], [1]]": 0.9694}, "Layer3": {"[[0, 1, 2, 3, 4, 5, 6, 7], [8, 9, 10, 11, 12, 13, 14, 15]]": 0.995, "[[0, 1], [2, 3]]": 0.9898, "[[0], [1]]": 0.986}}, "7": {"Layer1": {"[[0, 1, 2, 3, 4, 5, 6, 7], [8, 9, 10, 11, 12, 13, 14, 15]]": 0.9479, "[[0, 1], [2, 3]]": 0.8423, "[[0], [1]]": 0.7313}, "Layer2": {"[[0, 1, 2, 3, 4, 5, 6, 7], [8, 9, 10, 11, 12, 13, 14, 15]]": 0.9907, "[[0, 1], [2, 3]]": 0.6714, "[[0], [1]]": 0.9466}, "Layer3": {"[[0, 1, 2, 3, 4, 5, 6, 7], [8, 9, 10, 11, 12, 13, 14, 15]]": 0.9959, "[[0, 1], [2, 3]]": 0.9937, "[[0], [1]]": 0.9929}}, "8": {"Layer1": {"[[0, 1, 2, 3, 4, 5, 6, 7], [8, 9, 10, 11, 12, 13, 14, 15]]": 0.9751, "[[0, 1], [2, 3]]": 0.7986, "[[0], [1]]": 0.7756}, "Layer2": {"[[0, 1, 2, 3, 4, 5, 6, 7], [8, 9, 10, 11, 12, 13, 14, 15]]": 0.9941, "[[0, 1], [2, 3]]": 0.9243, "[[0], [1]]": 0.9377}, "Layer3": {"[[0, 1, 2, 3, 4, 5, 6, 7], [8, 9, 10, 11, 12, 13, 14, 15]]": 0.9959, "[[0, 1], [2, 3]]": 0.9917, "[[0], [1]]": 0.9914}}}, {"accuracy": 0.9996, "1": {"Layer1": {"[[0, 1, 2, 3, 4, 5, 6, 7], [8, 9, 10, 11, 12, 13, 14, 15]]": 0.7467, "[[0, 1], [2, 3]]": 0.5469, "[[0], [1]]": 0.5116}, "Layer2": {"[[0, 1, 2, 3, 4, 5, 6, 7], [8, 9, 10, 11, 12, 13, 14, 15]]": 0.5906, "[[0, 1], [2, 3]]": 0.6095, "[[0], [1]]": 0.6362}, "Layer3": {"[[0, 1, 2, 3, 4, 5, 6, 7], [8, 9, 10, 11, 12, 13, 14, 15]]": 0.4923, "[[0, 1], [2, 3]]": 0.5913, "[[0], [1]]": 0.5061}}, "2": {"Layer1": {"[[0, 1, 2, 3, 4, 5, 6, 7], [8, 9, 10, 11, 12, 13, 14, 15]]": 0.8511, "[[0, 1], [2, 3]]": 0.6387, "[[0], [1]]": 0.555}, "Layer2": {"[[0, 1, 2, 3, 4, 5, 6, 7], [8, 9, 10, 11, 12, 13, 14, 15]]": 0.9731, "[[0, 1], [2, 3]]": 0.8773, "[[0], [1]]": 0.8283}, "Layer3": {"[[0, 1, 2, 3, 4, 5, 6, 7], [8, 9, 10, 11, 12, 13, 14, 15]]": 0.6497, "[[0, 1], [2, 3]]": 0.7675, "[[0], [1]]": 0.7329}}, "3": {"Layer1": {"[[0, 1, 2, 3, 4, 5, 6, 7], [8, 9, 10, 11, 12, 13, 14, 15]]": 0.9583, "[[0, 1], [2, 3]]": 0.9237, "[[0], [1]]": 0.6151}, "Layer2": {"[[0, 1, 2, 3, 4, 5, 6, 7], [8, 9, 10, 11, 12, 13, 14, 15]]": 0.9956, "[[0, 1], [2, 3]]": 0.92, "[[0], [1]]": 0.7572}, "Layer3": {"[[0, 1, 2, 3, 4, 5, 6, 7], [8, 9, 10, 11, 12, 13, 14, 15]]": 0.9946, "[[0, 1], [2, 3]]": 0.9563, "[[0], [1]]": 0.9918}}, "4": {"Layer1": {"[[0, 1, 2, 3, 4, 5, 6, 7], [8, 9, 10, 11, 12, 13, 14, 15]]": 0.9596, "[[0, 1], [2, 3]]": 0.913, "[[0], [1]]": 0.6031}, "Layer2": {"[[0, 1, 2, 3, 4, 5, 6, 7], [8, 9, 10, 11, 12, 13, 14, 15]]": 0.9918, "[[0, 1], [2, 3]]": 0.9579, "[[0], [1]]": 0.9429}, "Layer3": {"[[0, 1, 2, 3, 4, 5, 6, 7], [8, 9, 10, 11, 12, 13, 14, 15]]": 0.9835, "[[0, 1], [2, 3]]": 0.9929, "[[0], [1]]": 0.9617}}, "5": {"Layer1": {"[[0, 1, 2, 3, 4, 5, 6, 7], [8, 9, 10, 11, 12, 13, 14, 15]]": 0.9781, "[[0, 1], [2, 3]]": 0.927, "[[0], [1]]": 0.685}, "Layer2": {"[[0, 1, 2, 3, 4, 5, 6, 7], [8, 9, 10, 11, 12, 13, 14, 15]]": 0.9932, "[[0, 1], [2, 3]]": 0.9718, "[[0], [1]]": 0.9689}, "Layer3": {"[[0, 1, 2, 3, 4, 5, 6, 7], [8, 9, 10, 11, 12, 13, 14, 15]]": 0.9976, "[[0, 1], [2, 3]]": 0.9943, "[[0], [1]]": 0.9802}}, "6": {"Layer1": {"[[0, 1, 2, 3, 4, 5, 6, 7], [8, 9, 10, 11, 12, 13, 14, 15]]": 0.9727, "[[0, 1], [2, 3]]": 0.9536, "[[0], [1]]": 0.6556}, "Layer2": {"[[0, 1, 2, 3, 4, 5, 6, 7], [8, 9, 10, 11, 12, 13, 14, 15]]": 0.9963, "[[0, 1], [2, 3]]": 0.9652, "[[0], [1]]": 0.9721}, "Layer3": {"[[0, 1, 2, 3, 4, 5, 6, 7], [8, 9, 10, 11, 12, 13, 14, 15]]": 0.998, "[[0, 1], [2, 3]]": 0.9912, "[[0], [1]]": 0.9952}}, "7": {"Layer1": {"[[0, 1, 2, 3, 4, 5, 6, 7], [8, 9, 10, 11, 12, 13, 14, 15]]": 0.9862, "[[0, 1], [2, 3]]": 0.9728, "[[0], [1]]": 0.8881}, "Layer2": {"[[0, 1, 2, 3, 4, 5, 6, 7], [8, 9, 10, 11, 12, 13, 14, 15]]": 0.994, "[[0, 1], [2, 3]]": 0.984, "[[0], [1]]": 0.9316}, "Layer3": {"[[0, 1, 2, 3, 4, 5, 6, 7], [8, 9, 10, 11, 12, 13, 14, 15]]": 0.9928, "[[0, 1], [2, 3]]": 0.9964, "[[0], [1]]": 0.9667}}, "8": {"Layer1": {"[[0, 1, 2, 3, 4, 5, 6, 7], [8, 9, 10, 11, 12, 13, 14, 15]]": 0.9856, "[[0, 1], [2, 3]]": 0.975, "[[0], [1]]": 0.675}, "Layer2": {"[[0, 1, 2, 3, 4, 5, 6, 7], [8, 9, 10, 11, 12, 13, 14, 15]]": 0.9976, "[[0, 1], [2, 3]]": 0.9837, "[[0], [1]]": 0.971}, "Layer3": {"[[0, 1, 2, 3, 4, 5, 6, 7], [8, 9, 10, 11, 12, 13, 14, 15]]": 0.9968, "[[0, 1], [2, 3]]": 0.9972, "[[0], [1]]": 0.9968}}}, {"accuracy": 0.9975, "1": {"Layer1": {"[[0, 1, 2, 3, 4, 5, 6, 7], [8, 9, 10, 11, 12, 13, 14, 15]]": 0.6726, "[[0, 1], [2, 3]]": 0.5508, "[[0], [1]]": 0.5954}, "Layer2": {"[[0, 1, 2, 3, 4, 5, 6, 7], [8, 9, 10, 11, 12, 13, 14, 15]]": 0.5914, "[[0, 1], [2, 3]]": 0.5135, "[[0], [1]]": 0.5757}, "Layer3": {"[[0, 1, 2, 3, 4, 5, 6, 7], [8, 9, 10, 11, 12, 13, 14, 15]]": 0.5237, "[[0, 1], [2, 3]]": 0.5593, "[[0], [1]]": 0.53}}, "2": {"Layer1": {"[[0, 1, 2, 3, 4, 5, 6, 7], [8, 9, 10, 11, 12, 13, 14, 15]]": 0.7622, "[[0, 1], [2, 3]]": 0.6068, "[[0], [1]]": 0.6839}, "Layer2": {"[[0, 1, 2, 3, 4, 5, 6, 7], [8, 9, 10, 11, 12, 13, 14, 15]]": 0.7289, "[[0, 1], [2, 3]]": 0.5578, "[[0], [1]]": 0.592}, "Layer3": {"[[0, 1, 2, 3, 4, 5, 6, 7], [8, 9, 10, 11, 12, 13, 14, 15]]": 0.6057, "[[0, 1], [2, 3]]": 0.6569, "[[0], [1]]": 0.545}}, "3": {"Layer1": {"[[0, 1, 2, 3, 4, 5, 6, 7], [8, 9, 10, 11, 12, 13, 14, 15]]": 0.8216, "[[0, 1], [2, 3]]": 0.5935, "[[0], [1]]": 0.7579}, "Layer2": {"[[0, 1, 2, 3, 4, 5, 6, 7], [8, 9, 10, 11, 12, 13, 14, 15]]": 0.9555, "[[0, 1], [2, 3]]": 0.5959, "[[0], [1]]": 0.7756}, "Layer3": {"[[0, 1, 2, 3, 4, 5, 6, 7], [8, 9, 10, 11, 12, 13, 14, 15]]": 0.9618, "[[0, 1], [2, 3]]": 0.8989, "[[0], [1]]": 0.544}}, "4": {"Layer1": {"[[0, 1, 2, 3, 4, 5, 6, 7], [8, 9, 10, 11, 12, 13, 14, 15]]": 0.8787, "[[0, 1], [2, 3]]": 0.7179, "[[0], [1]]": 0.816}, "Layer2": {"[[0, 1, 2, 3, 4, 5, 6, 7], [8, 9, 10, 11, 12, 13, 14, 15]]": 0.9766, "[[0, 1], [2, 3]]": 0.6259, "[[0], [1]]": 0.5765}, "Layer3": {"[[0, 1, 2, 3, 4, 5, 6, 7], [8, 9, 10, 11, 12, 13, 14, 15]]": 0.9799, "[[0, 1], [2, 3]]": 0.7571, "[[0], [1]]": 0.9248}}, "5": {"Layer1": {"[[0, 1, 2, 3, 4, 5, 6, 7], [8, 9, 10, 11, 12, 13, 14, 15]]": 0.9561, "[[0, 1], [2, 3]]": 0.9128, "[[0], [1]]": 0.8283}, "Layer2": {"[[0, 1, 2, 3, 4, 5, 6, 7], [8, 9, 10, 11, 12, 13, 14, 15]]": 0.9765, "[[0, 1], [2, 3]]": 0.6401, "[[0], [1]]": 0.7625}, "Layer3": {"[[0, 1, 2, 3, 4, 5, 6, 7], [8, 9, 10, 11, 12, 13, 14, 15]]": 0.9829, "[[0, 1], [2, 3]]": 0.9239, "[[0], [1]]": 0.9412}}, "6": {"Layer1": {"[[0, 1, 2, 3, 4, 5, 6, 7], [8, 9, 10, 11, 12, 13, 14, 15]]": 0.9477, "[[0, 1], [2, 3]]": 0.8979, "[[0], [1]]": 0.9105}, "Layer2": {"[[0, 1, 2, 3, 4, 5, 6, 7], [8, 9, 10, 11, 12, 13, 14, 15]]": 0.9882, "[[0, 1], [2, 3]]": 0.7495, "[[0], [1]]": 0.9057}, "Layer3": {"[[0, 1, 2, 3, 4, 5, 6, 7], [8, 9, 10, 11, 12, 13, 14, 15]]": 0.9786, "[[0, 1], [2, 3]]": 0.9191, "[[0], [1]]": 0.6152}}, "7": {"Layer1": {"[[0, 1, 2, 3, 4, 5, 6, 7], [8, 9, 10, 11, 12, 13, 14, 15]]": 0.9737, "[[0, 1], [2, 3]]": 0.9623, "[[0], [1]]": 0.9519}, "Layer2": {"[[0, 1, 2, 3, 4, 5, 6, 7], [8, 9, 10, 11, 12, 13, 14, 15]]": 0.9923, "[[0, 1], [2, 3]]": 0.7031, "[[0], [1]]": 0.8997}, "Layer3": {"[[0, 1, 2, 3, 4, 5, 6, 7], [8, 9, 10, 11, 12, 13, 14, 15]]": 0.9373, "[[0, 1], [2, 3]]": 0.9262, "[[0], [1]]": 0.899}}, "8": {"Layer1": {"[[0, 1, 2, 3, 4, 5, 6, 7], [8, 9, 10, 11, 12, 13, 14, 15]]": 0.9796, "[[0, 1], [2, 3]]": 0.9308, "[[0], [1]]": 0.9413}, "Layer2": {"[[0, 1, 2, 3, 4, 5, 6, 7], [8, 9, 10, 11, 12, 13, 14, 15]]": 0.9909, "[[0, 1], [2, 3]]": 0.8146, "[[0], [1]]": 0.866}, "Layer3": {"[[0, 1, 2, 3, 4, 5, 6, 7], [8, 9, 10, 11, 12, 13, 14, 15]]": 0.9893, "[[0, 1], [2, 3]]": 0.9407, "[[0], [1]]": 0.8899}}}]