[{"accuracy": 0.9997, "Layer1": {"[[0, 1, 2, 3, 4, 5, 6, 7], [8, 9, 10, 11, 12, 13, 14, 15]]": 0.9988, "[[0, 1], [2, 3]]": 0.999, "[[0], [1]]": 0.9983}, "Layer2": {"[[0, 1, 2, 3, 4, 5, 6, 7], [8, 9, 10, 11, 12, 13, 14, 15]]": 0.9992, "[[0, 1], [2, 3]]": 0.9995, "[[0], [1]]": 0.9995}, "Layer3": {"[[0, 1, 2, 3, 4, 5, 6, 7], [8, 9, 10, 11, 12, 13, 14, 15]]": 0.9993, "[[0, 1], [2, 3]]": 0.9989, "[[0], [1]]": 0.9991}}, {"accuracy": 0.9992, "Layer1": {"[[0, 1, 2, 3, 4, 5, 6, 7], [8, 9, 10, 11, 12, 13, 14, 15]]": 0.9988, "[[0, 1], [2, 3]]": 0.9985, "[[0], [1]]": 0.9984}, "Layer2": {"[[0, 1, 2, 3, 4, 5, 6, 7], [8, 9, 10, 11, 12, 13, 14, 15]]": 0.9989, "[[0, 1], [2, 3]]": 0.999, "[[0], [1]]": 0.9996}, "Layer3": {"[[0, 1, 2, 3, 4, 5, 6, 7], [8, 9, 10, 11, 12, 13, 14, 15]]": 0.9995, "[[0, 1], [2, 3]]": 0.9993, "[[0], [1]]": 0.9993}}, {"accuracy": 0.999, "Layer1": {"[[0, 1, 2, 3, 4, 5, 6, 7], [8, 9, 10, 11, 12, 13, 14, 15]]": 0.9951, "[[0, 1], [2, 3]]": 0.9982, "[[0], [1]]": 0.9972}, "Layer2": {"[[0, 1, 2, 3, 4, 5, 6, 7], [8, 9, 10, 11, 12, 13, 14, 15]]": 0.9973, "[[0, 1], [2, 3]]": 0.9983, "[[0], [1]]": 0.9975}, "Layer3": {"[[0, 1, 2, 3, 4, 5, 6, 7], [8, 9, 10, 11, 12, 13, 14, 15]]": 0.9986, "[[0, 1], [2, 3]]": 0.9986, "[[0], [1]]": 0.9989}}, {"accuracy": 0.9996, "Layer1": {"[[0, 1, 2, 3, 4, 5, 6, 7], [8, 9, 10, 11, 12, 13, 14, 15]]": 0.9962, "[[0, 1], [2, 3]]": 0.9972, "[[0], [1]]": 0.9969}, "Layer2": {"[[0, 1, 2, 3, 4, 5, 6, 7], [8, 9, 10, 11, 12, 13, 14, 15]]": 0.9988, "[[0, 1], [2, 3]]": 0.9981, "[[0], [1]]": 0.9983}, "Layer3": {"[[0, 1, 2, 3, 4, 5, 6, 7], [8, 9, 10, 11, 12, 13, 14, 15]]": 0.9988, "[[0, 1], [2, 3]]": 0.999, "[[0], [1]]": 0.9989}}, {"accuracy": 0.9975, "Layer1": {"[[0, 1, 2, 3, 4, 5, 6, 7], [8, 9, 10, 11, 12, 13, 14, 15]]": 0.9961, "[[0, 1], [2, 3]]": 0.9975, "[[0], [1]]": 0.998}, "Layer2": {"[[0, 1, 2, 3, 4, 5, 6, 7], [8, 9, 10, 11, 12, 13, 14, 15]]": 0.9984, "[[0, 1], [2, 3]]": 0.9982, "[[0], [1]]": 0.9978}, "Layer3": {"[[0, 1, 2, 3, 4, 5, 6, 7], [8, 9, 10, 11, 12, 13, 14, 15]]": 0.9978, "[[0, 1], [2, 3]]": 0.9978, "[[0], [1]]": 0.9973}}, {"accuracy": 0.9997, "Layer1": {"[[0, 1, 2, 3, 4, 5, 6, 7], [8, 9, 10, 11, 12, 13, 14, 15]]": 0.9989, "[[0, 1], [2, 3]]": 0.9992, "[[0], [1]]": 0.9998}, "Layer2": {"[[0, 1, 2, 3, 4, 5, 6, 7], [8, 9, 10, 11, 12, 13, 14, 15]]": 0.9997, "[[0, 1], [2, 3]]": 0.9997, "[[0], [1]]": 0.9997}, "Layer3": {"[[0, 1, 2, 3, 4, 5, 6, 7], [8, 9, 10, 11, 12, 13, 14, 15]]": 0.9999, "[[0, 1], [2, 3]]": 0.9999, "[[0], [1]]": 0.9998}}, {"accuracy": 0.9997, "Layer1": {"[[0, 1, 2, 3, 4, 5, 6, 7], [8, 9, 10, 11, 12, 13, 14, 15]]": 0.9987, "[[0, 1], [2, 3]]": 0.999, "[[0], [1]]": 0.9994}, "Layer2": {"[[0, 1, 2, 3, 4, 5, 6, 7], [8, 9, 10, 11, 12, 13, 14, 15]]": 0.9993, "[[0, 1], [2, 3]]": 0.9994, "[[0], [1]]": 0.9996}, "Layer3": {"[[0, 1, 2, 3, 4, 5, 6, 7], [8, 9, 10, 11, 12, 13, 14, 15]]": 0.9998, "[[0, 1], [2, 3]]": 0.9999, "[[0], [1]]": 0.9991}}, {"accuracy": 0.9994, "Layer1": {"[[0, 1, 2, 3, 4, 5, 6, 7], [8, 9, 10, 11, 12, 13, 14, 15]]": 0.9981, "[[0, 1], [2, 3]]": 0.9977, "[[0], [1]]": 0.9972}, "Layer2": {"[[0, 1, 2, 3, 4, 5, 6, 7], [8, 9, 10, 11, 12, 13, 14, 15]]": 0.9982, "[[0, 1], [2, 3]]": 0.9984, "[[0], [1]]": 0.9973}, "Layer3": {"[[0, 1, 2, 3, 4, 5, 6, 7], [8, 9, 10, 11, 12, 13, 14, 15]]": 0.9988, "[[0, 1], [2, 3]]": 0.9988, "[[0], [1]]": 0.999}}, {"accuracy": 0.9994, "Layer1": {"[[0, 1, 2, 3, 4, 5, 6, 7], [8, 9, 10, 11, 12, 13, 14, 15]]": 0.9985, "[[0, 1], [2, 3]]": 0.9984, "[[0], [1]]": 0.9971}, "Layer2": {"[[0, 1, 2, 3, 4, 5, 6, 7], [8, 9, 10, 11, 12, 13, 14, 15]]": 0.9992, "[[0, 1], [2, 3]]": 0.9993, "[[0], [1]]": 0.9967}, "Layer3": {"[[0, 1, 2, 3, 4, 5, 6, 7], [8, 9, 10, 11, 12, 13, 14, 15]]": 0.9982, "[[0, 1], [2, 3]]": 0.9977, "[[0], [1]]": 0.9978}}, {"accuracy": 0.9997, "Layer1": {"[[0, 1, 2, 3, 4, 5, 6, 7], [8, 9, 10, 11, 12, 13, 14, 15]]": 0.9979, "[[0, 1], [2, 3]]": 0.9984, "[[0], [1]]": 0.9985}, "Layer2": {"[[0, 1, 2, 3, 4, 5, 6, 7], [8, 9, 10, 11, 12, 13, 14, 15]]": 0.9983, "[[0, 1], [2, 3]]": 0.999, "[[0], [1]]": 0.9947}, "Layer3": {"[[0, 1, 2, 3, 4, 5, 6, 7], [8, 9, 10, 11, 12, 13, 14, 15]]": 0.999, "[[0, 1], [2, 3]]": 0.9988, "[[0], [1]]": 0.999}}]