[{"accuracy": 0.9997, "Layer1": {"[[0, 1, 2, 3, 4, 5, 6, 7]]": 0.491, "[[0, 1]]": 0.5041, "[[0]]": 0.4998}, "Layer2": {"[[0, 1, 2, 3, 4, 5, 6, 7]]": 0.5058, "[[0, 1]]": 0.5052, "[[0]]": 0.4946}, "Layer3": {"[[0, 1, 2, 3, 4, 5, 6, 7]]": 0.5025, "[[0, 1]]": 0.4912, "[[0]]": 0.5015}}, {"accuracy": 0.9992, "Layer1": {"[[0, 1, 2, 3, 4, 5, 6, 7]]": 0.5137, "[[0, 1]]": 0.4986, "[[0]]": 0.4936}, "Layer2": {"[[0, 1, 2, 3, 4, 5, 6, 7]]": 0.4986, "[[0, 1]]": 0.4986, "[[0]]": 0.4951}, "Layer3": {"[[0, 1, 2, 3, 4, 5, 6, 7]]": 0.4977, "[[0, 1]]": 0.5012, "[[0]]": 0.4957}}, {"accuracy": 0.999, "Layer1": {"[[0, 1, 2, 3, 4, 5, 6, 7]]": 0.4981, "[[0, 1]]": 0.5059, "[[0]]": 0.5033}, "Layer2": {"[[0, 1, 2, 3, 4, 5, 6, 7]]": 0.4905, "[[0, 1]]": 0.5019, "[[0]]": 0.5038}, "Layer3": {"[[0, 1, 2, 3, 4, 5, 6, 7]]": 0.4861, "[[0, 1]]": 0.4953, "[[0]]": 0.5035}}, {"accuracy": 0.9996, "Layer1": {"[[0, 1, 2, 3, 4, 5, 6, 7]]": 0.4931, "[[0, 1]]": 0.4998, "[[0]]": 0.4978}, "Layer2": {"[[0, 1, 2, 3, 4, 5, 6, 7]]": 0.5085, "[[0, 1]]": 0.5088, "[[0]]": 0.5082}, "Layer3": {"[[0, 1, 2, 3, 4, 5, 6, 7]]": 0.496, "[[0, 1]]": 0.4978, "[[0]]": 0.4953}}, {"accuracy": 0.9975, "Layer1": {"[[0, 1, 2, 3, 4, 5, 6, 7]]": 0.5016, "[[0, 1]]": 0.5096, "[[0]]": 0.5098}, "Layer2": {"[[0, 1, 2, 3, 4, 5, 6, 7]]": 0.4971, "[[0, 1]]": 0.4978, "[[0]]": 0.4979}, "Layer3": {"[[0, 1, 2, 3, 4, 5, 6, 7]]": 0.4925, "[[0, 1]]": 0.5054, "[[0]]": 0.5019}}, {"accuracy": 0.9997, "Layer1": {"[[0, 1, 2, 3, 4, 5, 6, 7]]": 0.5105, "[[0, 1]]": 0.5123, "[[0]]": 0.5051}, "Layer2": {"[[0, 1, 2, 3, 4, 5, 6, 7]]": 0.4904, "[[0, 1]]": 0.5027, "[[0]]": 0.5088}, "Layer3": {"[[0, 1, 2, 3, 4, 5, 6, 7]]": 0.5035, "[[0, 1]]": 0.4986, "[[0]]": 0.5028}}, {"accuracy": 0.9997, "Layer1": {"[[0, 1, 2, 3, 4, 5, 6, 7]]": 0.5068, "[[0, 1]]": 0.5064, "[[0]]": 0.4991}, "Layer2": {"[[0, 1, 2, 3, 4, 5, 6, 7]]": 0.5021, "[[0, 1]]": 0.4956, "[[0]]": 0.492}, "Layer3": {"[[0, 1, 2, 3, 4, 5, 6, 7]]": 0.4949, "[[0, 1]]": 0.4969, "[[0]]": 0.4971}}, {"accuracy": 0.9994, "Layer1": {"[[0, 1, 2, 3, 4, 5, 6, 7]]": 0.4936, "[[0, 1]]": 0.4989, "[[0]]": 0.501}, "Layer2": {"[[0, 1, 2, 3, 4, 5, 6, 7]]": 0.5033, "[[0, 1]]": 0.5022, "[[0]]": 0.5009}, "Layer3": {"[[0, 1, 2, 3, 4, 5, 6, 7]]": 0.5035, "[[0, 1]]": 0.499, "[[0]]": 0.4954}}, {"accuracy": 0.9994, "Layer1": {"[[0, 1, 2, 3, 4, 5, 6, 7]]": 0.4912, "[[0, 1]]": 0.4936, "[[0]]": 0.5019}, "Layer2": {"[[0, 1, 2, 3, 4, 5, 6, 7]]": 0.4987, "[[0, 1]]": 0.5077, "[[0]]": 0.5022}, "Layer3": {"[[0, 1, 2, 3, 4, 5, 6, 7]]": 0.511, "[[0, 1]]": 0.508, "[[0]]": 0.5041}}, {"accuracy": 0.9997, "Layer1": {"[[0, 1, 2, 3, 4, 5, 6, 7]]": 0.5017, "[[0, 1]]": 0.513, "[[0]]": 0.5036}, "Layer2": {"[[0, 1, 2, 3, 4, 5, 6, 7]]": 0.4941, "[[0, 1]]": 0.5098, "[[0]]": 0.5002}, "Layer3": {"[[0, 1, 2, 3, 4, 5, 6, 7]]": 0.5019, "[[0, 1]]": 0.4887, "[[0]]": 0.5043}}]