[[{"accuracy": 0.4967, "Layer1": {"[[0, 1, 2, 3, 4, 5, 6, 7]]": 0.5038, "[[0, 1]]": 0.5464, "[[0]]": 0.5056}, "Layer2": {"[[0, 1, 2, 3, 4, 5, 6, 7]]": 0.4996, "[[0, 1]]": 0.5148, "[[0]]": 0.5026}, "Layer3": {"[[0, 1, 2, 3, 4, 5, 6, 7]]": 0.4983, "[[0, 1]]": 0.4983, "[[0]]": 0.4983}}, {"accuracy": 0.5014, "Layer1": {"[[0, 1, 2, 3, 4, 5, 6, 7]]": 0.579, "[[0, 1]]": 0.5594, "[[0]]": 0.5565}, "Layer2": {"[[0, 1, 2, 3, 4, 5, 6, 7]]": 0.5455, "[[0, 1]]": 0.5277, "[[0]]": 0.4995}, "Layer3": {"[[0, 1, 2, 3, 4, 5, 6, 7]]": 0.507, "[[0, 1]]": 0.5023, "[[0]]": 0.5016}}, {"accuracy": 0.5715, "Layer1": {"[[0, 1, 2, 3, 4, 5, 6, 7]]": 0.597, "[[0, 1]]": 0.5978, "[[0]]": 0.6243}, "Layer2": {"[[0, 1, 2, 3, 4, 5, 6, 7]]": 0.5487, "[[0, 1]]": 0.536, "[[0]]": 0.5397}, "Layer3": {"[[0, 1, 2, 3, 4, 5, 6, 7]]": 0.4963, "[[0, 1]]": 0.4987, "[[0]]": 0.5018}}, {"accuracy": 0.6006, "Layer1": {"[[0, 1, 2, 3, 4, 5, 6, 7]]": 0.6377, "[[0, 1]]": 0.629, "[[0]]": 0.6339}, "Layer2": {"[[0, 1, 2, 3, 4, 5, 6, 7]]": 0.5823, "[[0, 1]]": 0.5771, "[[0]]": 0.5883}, "Layer3": {"[[0, 1, 2, 3, 4, 5, 6, 7]]": 0.4949, "[[0, 1]]": 0.4966, "[[0]]": 0.4975}}, {"accuracy": 0.6782, "Layer1": {"[[0, 1, 2, 3, 4, 5, 6, 7]]": 0.6829, "[[0, 1]]": 0.6614, "[[0]]": 0.6196}, "Layer2": {"[[0, 1, 2, 3, 4, 5, 6, 7]]": 0.4962, "[[0, 1]]": 0.5867, "[[0]]": 0.5752}, "Layer3": {"[[0, 1, 2, 3, 4, 5, 6, 7]]": 0.5075, "[[0, 1]]": 0.5043, "[[0]]": 0.5056}}, {"accuracy": 0.7404, "Layer1": {"[[0, 1, 2, 3, 4, 5, 6, 7]]": 0.6853, "[[0, 1]]": 0.6547, "[[0]]": 0.6368}, "Layer2": {"[[0, 1, 2, 3, 4, 5, 6, 7]]": 0.5171, "[[0, 1]]": 0.5048, "[[0]]": 0.5211}, "Layer3": {"[[0, 1, 2, 3, 4, 5, 6, 7]]": 0.5028, "[[0, 1]]": 0.5087, "[[0]]": 0.51}}, {"accuracy": 0.824, "Layer1": {"[[0, 1, 2, 3, 4, 5, 6, 7]]": 0.6593, "[[0, 1]]": 0.6403, "[[0]]": 0.609}, "Layer2": {"[[0, 1, 2, 3, 4, 5, 6, 7]]": 0.5246, "[[0, 1]]": 0.5224, "[[0]]": 0.5132}, "Layer3": {"[[0, 1, 2, 3, 4, 5, 6, 7]]": 0.5087, "[[0, 1]]": 0.5105, "[[0]]": 0.503}}, {"accuracy": 0.8986, "Layer1": {"[[0, 1, 2, 3, 4, 5, 6, 7]]": 0.5841, "[[0, 1]]": 0.5449, "[[0]]": 0.5241}, "Layer2": {"[[0, 1, 2, 3, 4, 5, 6, 7]]": 0.5041, "[[0, 1]]": 0.5056, "[[0]]": 0.5144}, "Layer3": {"[[0, 1, 2, 3, 4, 5, 6, 7]]": 0.5046, "[[0, 1]]": 0.5087, "[[0]]": 0.507}}, {"accuracy": 0.9453, "Layer1": {"[[0, 1, 2, 3, 4, 5, 6, 7]]": 0.5093, "[[0, 1]]": 0.5233, "[[0]]": 0.5104}, "Layer2": {"[[0, 1, 2, 3, 4, 5, 6, 7]]": 0.5036, "[[0, 1]]": 0.5029, "[[0]]": 0.5179}, "Layer3": {"[[0, 1, 2, 3, 4, 5, 6, 7]]": 0.5037, "[[0, 1]]": 0.5045, "[[0]]": 0.5024}}, {"accuracy": 0.9652, "Layer1": {"[[0, 1, 2, 3, 4, 5, 6, 7]]": 0.5242, "[[0, 1]]": 0.5249, "[[0]]": 0.5175}, "Layer2": {"[[0, 1, 2, 3, 4, 5, 6, 7]]": 0.5099, "[[0, 1]]": 0.5048, "[[0]]": 0.5102}, "Layer3": {"[[0, 1, 2, 3, 4, 5, 6, 7]]": 0.515, "[[0, 1]]": 0.5049, "[[0]]": 0.5055}}, {"accuracy": 0.9771, "Layer1": {"[[0, 1, 2, 3, 4, 5, 6, 7]]": 0.5207, "[[0, 1]]": 0.5096, "[[0]]": 0.5222}, "Layer2": {"[[0, 1, 2, 3, 4, 5, 6, 7]]": 0.508, "[[0, 1]]": 0.503, "[[0]]": 0.5045}, "Layer3": {"[[0, 1, 2, 3, 4, 5, 6, 7]]": 0.506, "[[0, 1]]": 0.4993, "[[0]]": 0.5117}}, {"accuracy": 0.9855, "Layer1": {"[[0, 1, 2, 3, 4, 5, 6, 7]]": 0.4987, "[[0, 1]]": 0.5033, "[[0]]": 0.5103}, "Layer2": {"[[0, 1, 2, 3, 4, 5, 6, 7]]": 0.5089, "[[0, 1]]": 0.503, "[[0]]": 0.5068}, "Layer3": {"[[0, 1, 2, 3, 4, 5, 6, 7]]": 0.5031, "[[0, 1]]": 0.4999, "[[0]]": 0.4962}}, {"accuracy": 0.9918, "Layer1": {"[[0, 1, 2, 3, 4, 5, 6, 7]]": 0.5153, "[[0, 1]]": 0.5146, "[[0]]": 0.5054}, "Layer2": {"[[0, 1, 2, 3, 4, 5, 6, 7]]": 0.5086, "[[0, 1]]": 0.5147, "[[0]]": 0.505}, "Layer3": {"[[0, 1, 2, 3, 4, 5, 6, 7]]": 0.512, "[[0, 1]]": 0.5028, "[[0]]": 0.5053}}, {"accuracy": 0.9953, "Layer1": {"[[0, 1, 2, 3, 4, 5, 6, 7]]": 0.5115, "[[0, 1]]": 0.5114, "[[0]]": 0.5151}, "Layer2": {"[[0, 1, 2, 3, 4, 5, 6, 7]]": 0.5095, "[[0, 1]]": 0.5102, "[[0]]": 0.5062}, "Layer3": {"[[0, 1, 2, 3, 4, 5, 6, 7]]": 0.5033, "[[0, 1]]": 0.503, "[[0]]": 0.4989}}, {"accuracy": 0.9965, "Layer1": {"[[0, 1, 2, 3, 4, 5, 6, 7]]": 0.5121, "[[0, 1]]": 0.5159, "[[0]]": 0.5183}, "Layer2": {"[[0, 1, 2, 3, 4, 5, 6, 7]]": 0.4972, "[[0, 1]]": 0.5003, "[[0]]": 0.5042}, "Layer3": {"[[0, 1, 2, 3, 4, 5, 6, 7]]": 0.5038, "[[0, 1]]": 0.4962, "[[0]]": 0.509}}, {"accuracy": 0.9971, "Layer1": {"[[0, 1, 2, 3, 4, 5, 6, 7]]": 0.5075, "[[0, 1]]": 0.5177, "[[0]]": 0.5187}, "Layer2": {"[[0, 1, 2, 3, 4, 5, 6, 7]]": 0.5228, "[[0, 1]]": 0.5073, "[[0]]": 0.5022}, "Layer3": {"[[0, 1, 2, 3, 4, 5, 6, 7]]": 0.504, "[[0, 1]]": 0.4989, "[[0]]": 0.5082}}, {"accuracy": 0.9978, "Layer1": {"[[0, 1, 2, 3, 4, 5, 6, 7]]": 0.5101, "[[0, 1]]": 0.5071, "[[0]]": 0.5029}, "Layer2": {"[[0, 1, 2, 3, 4, 5, 6, 7]]": 0.5011, "[[0, 1]]": 0.5024, "[[0]]": 0.5025}, "Layer3": {"[[0, 1, 2, 3, 4, 5, 6, 7]]": 0.4972, "[[0, 1]]": 0.5057, "[[0]]": 0.4977}}], [{"accuracy": 0.4831, "Layer1": {"[[0, 1, 2, 3, 4, 5, 6, 7]]": 0.5738, "[[0, 1]]": 0.5387, "[[0]]": 0.5073}, "Layer2": {"[[0, 1, 2, 3, 4, 5, 6, 7]]": 0.4966, "[[0, 1]]": 0.5075, "[[0]]": 0.5047}, "Layer3": {"[[0, 1, 2, 3, 4, 5, 6, 7]]": 0.5047, "[[0, 1]]": 0.5037, "[[0]]": 0.5047}}, {"accuracy": 0.4884, "Layer1": {"[[0, 1, 2, 3, 4, 5, 6, 7]]": 0.5644, "[[0, 1]]": 0.5975, "[[0]]": 0.5833}, "Layer2": {"[[0, 1, 2, 3, 4, 5, 6, 7]]": 0.502, "[[0, 1]]": 0.5181, "[[0]]": 0.5053}, "Layer3": {"[[0, 1, 2, 3, 4, 5, 6, 7]]": 0.5053, "[[0, 1]]": 0.5038, "[[0]]": 0.5026}}, {"accuracy": 0.5761, "Layer1": {"[[0, 1, 2, 3, 4, 5, 6, 7]]": 0.6076, "[[0, 1]]": 0.5798, "[[0]]": 0.5835}, "Layer2": {"[[0, 1, 2, 3, 4, 5, 6, 7]]": 0.5268, "[[0, 1]]": 0.5274, "[[0]]": 0.5215}, "Layer3": {"[[0, 1, 2, 3, 4, 5, 6, 7]]": 0.5159, "[[0, 1]]": 0.5134, "[[0]]": 0.4915}}, {"accuracy": 0.6418, "Layer1": {"[[0, 1, 2, 3, 4, 5, 6, 7]]": 0.6178, "[[0, 1]]": 0.5829, "[[0]]": 0.5495}, "Layer2": {"[[0, 1, 2, 3, 4, 5, 6, 7]]": 0.5299, "[[0, 1]]": 0.4984, "[[0]]": 0.4989}, "Layer3": {"[[0, 1, 2, 3, 4, 5, 6, 7]]": 0.4988, "[[0, 1]]": 0.5093, "[[0]]": 0.5017}}, {"accuracy": 0.7053, "Layer1": {"[[0, 1, 2, 3, 4, 5, 6, 7]]": 0.5957, "[[0, 1]]": 0.534, "[[0]]": 0.5156}, "Layer2": {"[[0, 1, 2, 3, 4, 5, 6, 7]]": 0.5074, "[[0, 1]]": 0.5019, "[[0]]": 0.4916}, "Layer3": {"[[0, 1, 2, 3, 4, 5, 6, 7]]": 0.5096, "[[0, 1]]": 0.5072, "[[0]]": 0.506}}, {"accuracy": 0.7698, "Layer1": {"[[0, 1, 2, 3, 4, 5, 6, 7]]": 0.5721, "[[0, 1]]": 0.503, "[[0]]": 0.5004}, "Layer2": {"[[0, 1, 2, 3, 4, 5, 6, 7]]": 0.4893, "[[0, 1]]": 0.4962, "[[0]]": 0.5067}, "Layer3": {"[[0, 1, 2, 3, 4, 5, 6, 7]]": 0.4977, "[[0, 1]]": 0.5092, "[[0]]": 0.4906}}, {"accuracy": 0.8204, "Layer1": {"[[0, 1, 2, 3, 4, 5, 6, 7]]": 0.5001, "[[0, 1]]": 0.5049, "[[0]]": 0.4986}, "Layer2": {"[[0, 1, 2, 3, 4, 5, 6, 7]]": 0.5056, "[[0, 1]]": 0.4992, "[[0]]": 0.4954}, "Layer3": {"[[0, 1, 2, 3, 4, 5, 6, 7]]": 0.496, "[[0, 1]]": 0.4998, "[[0]]": 0.4933}}, {"accuracy": 0.8616, "Layer1": {"[[0, 1, 2, 3, 4, 5, 6, 7]]": 0.4986, "[[0, 1]]": 0.4902, "[[0]]": 0.4939}, "Layer2": {"[[0, 1, 2, 3, 4, 5, 6, 7]]": 0.489, "[[0, 1]]": 0.4883, "[[0]]": 0.4902}, "Layer3": {"[[0, 1, 2, 3, 4, 5, 6, 7]]": 0.495, "[[0, 1]]": 0.4937, "[[0]]": 0.4943}}, {"accuracy": 0.8832, "Layer1": {"[[0, 1, 2, 3, 4, 5, 6, 7]]": 0.4987, "[[0, 1]]": 0.4989, "[[0]]": 0.4921}, "Layer2": {"[[0, 1, 2, 3, 4, 5, 6, 7]]": 0.5002, "[[0, 1]]": 0.4944, "[[0]]": 0.5098}, "Layer3": {"[[0, 1, 2, 3, 4, 5, 6, 7]]": 0.4935, "[[0, 1]]": 0.4931, "[[0]]": 0.4916}}, {"accuracy": 0.9096, "Layer1": {"[[0, 1, 2, 3, 4, 5, 6, 7]]": 0.4984, "[[0, 1]]": 0.5025, "[[0]]": 0.4968}, "Layer2": {"[[0, 1, 2, 3, 4, 5, 6, 7]]": 0.4981, "[[0, 1]]": 0.4961, "[[0]]": 0.4932}, "Layer3": {"[[0, 1, 2, 3, 4, 5, 6, 7]]": 0.5079, "[[0, 1]]": 0.4922, "[[0]]": 0.4963}}, {"accuracy": 0.9319, "Layer1": {"[[0, 1, 2, 3, 4, 5, 6, 7]]": 0.4937, "[[0, 1]]": 0.4986, "[[0]]": 0.4904}, "Layer2": {"[[0, 1, 2, 3, 4, 5, 6, 7]]": 0.4929, "[[0, 1]]": 0.4905, "[[0]]": 0.4929}, "Layer3": {"[[0, 1, 2, 3, 4, 5, 6, 7]]": 0.4955, "[[0, 1]]": 0.4959, "[[0]]": 0.4988}}, {"accuracy": 0.9538, "Layer1": {"[[0, 1, 2, 3, 4, 5, 6, 7]]": 0.5063, "[[0, 1]]": 0.5012, "[[0]]": 0.4978}, "Layer2": {"[[0, 1, 2, 3, 4, 5, 6, 7]]": 0.4979, "[[0, 1]]": 0.4981, "[[0]]": 0.4924}, "Layer3": {"[[0, 1, 2, 3, 4, 5, 6, 7]]": 0.5054, "[[0, 1]]": 0.4928, "[[0]]": 0.5068}}, {"accuracy": 0.9666, "Layer1": {"[[0, 1, 2, 3, 4, 5, 6, 7]]": 0.501, "[[0, 1]]": 0.4911, "[[0]]": 0.4908}, "Layer2": {"[[0, 1, 2, 3, 4, 5, 6, 7]]": 0.5042, "[[0, 1]]": 0.4976, "[[0]]": 0.4986}, "Layer3": {"[[0, 1, 2, 3, 4, 5, 6, 7]]": 0.5034, "[[0, 1]]": 0.4961, "[[0]]": 0.4974}}, {"accuracy": 0.9759, "Layer1": {"[[0, 1, 2, 3, 4, 5, 6, 7]]": 0.5004, "[[0, 1]]": 0.5106, "[[0]]": 0.4967}, "Layer2": {"[[0, 1, 2, 3, 4, 5, 6, 7]]": 0.5084, "[[0, 1]]": 0.4933, "[[0]]": 0.4963}, "Layer3": {"[[0, 1, 2, 3, 4, 5, 6, 7]]": 0.495, "[[0, 1]]": 0.4941, "[[0]]": 0.4897}}, {"accuracy": 0.9828, "Layer1": {"[[0, 1, 2, 3, 4, 5, 6, 7]]": 0.5032, "[[0, 1]]": 0.4955, "[[0]]": 0.5017}, "Layer2": {"[[0, 1, 2, 3, 4, 5, 6, 7]]": 0.4903, "[[0, 1]]": 0.5005, "[[0]]": 0.4946}, "Layer3": {"[[0, 1, 2, 3, 4, 5, 6, 7]]": 0.4999, "[[0, 1]]": 0.4896, "[[0]]": 0.5046}}, {"accuracy": 0.9889, "Layer1": {"[[0, 1, 2, 3, 4, 5, 6, 7]]": 0.5024, "[[0, 1]]": 0.4984, "[[0]]": 0.4994}, "Layer2": {"[[0, 1, 2, 3, 4, 5, 6, 7]]": 0.4983, "[[0, 1]]": 0.4942, "[[0]]": 0.5007}, "Layer3": {"[[0, 1, 2, 3, 4, 5, 6, 7]]": 0.5053, "[[0, 1]]": 0.4904, "[[0]]": 0.4917}}, {"accuracy": 0.9921, "Layer1": {"[[0, 1, 2, 3, 4, 5, 6, 7]]": 0.5013, "[[0, 1]]": 0.5011, "[[0]]": 0.4983}, "Layer2": {"[[0, 1, 2, 3, 4, 5, 6, 7]]": 0.5091, "[[0, 1]]": 0.489, "[[0]]": 0.5037}, "Layer3": {"[[0, 1, 2, 3, 4, 5, 6, 7]]": 0.4898, "[[0, 1]]": 0.4971, "[[0]]": 0.4896}}], [{"accuracy": 0.4986, "Layer1": {"[[0, 1, 2, 3, 4, 5, 6, 7]]": 0.5053, "[[0, 1]]": 0.5089, "[[0]]": 0.5053}, "Layer2": {"[[0, 1, 2, 3, 4, 5, 6, 7]]": 0.5053, "[[0, 1]]": 0.5053, "[[0]]": 0.5053}, "Layer3": {"[[0, 1, 2, 3, 4, 5, 6, 7]]": 0.5053, "[[0, 1]]": 0.5053, "[[0]]": 0.5053}}, {"accuracy": 0.5061, "Layer1": {"[[0, 1, 2, 3, 4, 5, 6, 7]]": 0.5609, "[[0, 1]]": 0.5688, "[[0]]": 0.5645}, "Layer2": {"[[0, 1, 2, 3, 4, 5, 6, 7]]": 0.5255, "[[0, 1]]": 0.503, "[[0]]": 0.53}, "Layer3": {"[[0, 1, 2, 3, 4, 5, 6, 7]]": 0.5082, "[[0, 1]]": 0.5033, "[[0]]": 0.5006}}, {"accuracy": 0.5072, "Layer1": {"[[0, 1, 2, 3, 4, 5, 6, 7]]": 0.555, "[[0, 1]]": 0.5614, "[[0]]": 0.5683}, "Layer2": {"[[0, 1, 2, 3, 4, 5, 6, 7]]": 0.5253, "[[0, 1]]": 0.507, "[[0]]": 0.5122}, "Layer3": {"[[0, 1, 2, 3, 4, 5, 6, 7]]": 0.5116, "[[0, 1]]": 0.5115, "[[0]]": 0.5095}}, {"accuracy": 0.5801, "Layer1": {"[[0, 1, 2, 3, 4, 5, 6, 7]]": 0.6251, "[[0, 1]]": 0.604, "[[0]]": 0.5625}, "Layer2": {"[[0, 1, 2, 3, 4, 5, 6, 7]]": 0.5245, "[[0, 1]]": 0.5447, "[[0]]": 0.5173}, "Layer3": {"[[0, 1, 2, 3, 4, 5, 6, 7]]": 0.5346, "[[0, 1]]": 0.5083, "[[0]]": 0.5034}}, {"accuracy": 0.6565, "Layer1": {"[[0, 1, 2, 3, 4, 5, 6, 7]]": 0.6353, "[[0, 1]]": 0.6097, "[[0]]": 0.5967}, "Layer2": {"[[0, 1, 2, 3, 4, 5, 6, 7]]": 0.5752, "[[0, 1]]": 0.5459, "[[0]]": 0.5366}, "Layer3": {"[[0, 1, 2, 3, 4, 5, 6, 7]]": 0.5316, "[[0, 1]]": 0.5255, "[[0]]": 0.4995}}, {"accuracy": 0.6755, "Layer1": {"[[0, 1, 2, 3, 4, 5, 6, 7]]": 0.6401, "[[0, 1]]": 0.6184, "[[0]]": 0.5654}, "Layer2": {"[[0, 1, 2, 3, 4, 5, 6, 7]]": 0.5504, "[[0, 1]]": 0.5372, "[[0]]": 0.5463}, "Layer3": {"[[0, 1, 2, 3, 4, 5, 6, 7]]": 0.5172, "[[0, 1]]": 0.5184, "[[0]]": 0.5262}}, {"accuracy": 0.7237, "Layer1": {"[[0, 1, 2, 3, 4, 5, 6, 7]]": 0.5779, "[[0, 1]]": 0.604, "[[0]]": 0.5233}, "Layer2": {"[[0, 1, 2, 3, 4, 5, 6, 7]]": 0.5456, "[[0, 1]]": 0.5305, "[[0]]": 0.523}, "Layer3": {"[[0, 1, 2, 3, 4, 5, 6, 7]]": 0.508, "[[0, 1]]": 0.5079, "[[0]]": 0.5062}}, {"accuracy": 0.7852, "Layer1": {"[[0, 1, 2, 3, 4, 5, 6, 7]]": 0.5491, "[[0, 1]]": 0.638, "[[0]]": 0.5339}, "Layer2": {"[[0, 1, 2, 3, 4, 5, 6, 7]]": 0.5196, "[[0, 1]]": 0.5056, "[[0]]": 0.5262}, "Layer3": {"[[0, 1, 2, 3, 4, 5, 6, 7]]": 0.4982, "[[0, 1]]": 0.504, "[[0]]": 0.5133}}, {"accuracy": 0.8384, "Layer1": {"[[0, 1, 2, 3, 4, 5, 6, 7]]": 0.6388, "[[0, 1]]": 0.6289, "[[0]]": 0.5353}, "Layer2": {"[[0, 1, 2, 3, 4, 5, 6, 7]]": 0.528, "[[0, 1]]": 0.5135, "[[0]]": 0.5061}, "Layer3": {"[[0, 1, 2, 3, 4, 5, 6, 7]]": 0.5017, "[[0, 1]]": 0.4995, "[[0]]": 0.5214}}, {"accuracy": 0.8784, "Layer1": {"[[0, 1, 2, 3, 4, 5, 6, 7]]": 0.5334, "[[0, 1]]": 0.5478, "[[0]]": 0.5289}, "Layer2": {"[[0, 1, 2, 3, 4, 5, 6, 7]]": 0.5203, "[[0, 1]]": 0.5028, "[[0]]": 0.5158}, "Layer3": {"[[0, 1, 2, 3, 4, 5, 6, 7]]": 0.5102, "[[0, 1]]": 0.5054, "[[0]]": 0.5021}}, {"accuracy": 0.9015, "Layer1": {"[[0, 1, 2, 3, 4, 5, 6, 7]]": 0.5192, "[[0, 1]]": 0.5378, "[[0]]": 0.5094}, "Layer2": {"[[0, 1, 2, 3, 4, 5, 6, 7]]": 0.5178, "[[0, 1]]": 0.5113, "[[0]]": 0.5145}, "Layer3": {"[[0, 1, 2, 3, 4, 5, 6, 7]]": 0.5053, "[[0, 1]]": 0.5038, "[[0]]": 0.5077}}, {"accuracy": 0.9196, "Layer1": {"[[0, 1, 2, 3, 4, 5, 6, 7]]": 0.5232, "[[0, 1]]": 0.5157, "[[0]]": 0.5017}, "Layer2": {"[[0, 1, 2, 3, 4, 5, 6, 7]]": 0.5146, "[[0, 1]]": 0.5173, "[[0]]": 0.5231}, "Layer3": {"[[0, 1, 2, 3, 4, 5, 6, 7]]": 0.527, "[[0, 1]]": 0.4997, "[[0]]": 0.4934}}, {"accuracy": 0.9357, "Layer1": {"[[0, 1, 2, 3, 4, 5, 6, 7]]": 0.5258, "[[0, 1]]": 0.527, "[[0]]": 0.5102}, "Layer2": {"[[0, 1, 2, 3, 4, 5, 6, 7]]": 0.5016, "[[0, 1]]": 0.5123, "[[0]]": 0.5153}, "Layer3": {"[[0, 1, 2, 3, 4, 5, 6, 7]]": 0.494, "[[0, 1]]": 0.5118, "[[0]]": 0.5055}}, {"accuracy": 0.9495, "Layer1": {"[[0, 1, 2, 3, 4, 5, 6, 7]]": 0.5257, "[[0, 1]]": 0.5257, "[[0]]": 0.5086}, "Layer2": {"[[0, 1, 2, 3, 4, 5, 6, 7]]": 0.5187, "[[0, 1]]": 0.5027, "[[0]]": 0.5195}, "Layer3": {"[[0, 1, 2, 3, 4, 5, 6, 7]]": 0.5095, "[[0, 1]]": 0.5015, "[[0]]": 0.5009}}, {"accuracy": 0.9606, "Layer1": {"[[0, 1, 2, 3, 4, 5, 6, 7]]": 0.5114, "[[0, 1]]": 0.5133, "[[0]]": 0.5136}, "Layer2": {"[[0, 1, 2, 3, 4, 5, 6, 7]]": 0.509, "[[0, 1]]": 0.516, "[[0]]": 0.5141}, "Layer3": {"[[0, 1, 2, 3, 4, 5, 6, 7]]": 0.5041, "[[0, 1]]": 0.499, "[[0]]": 0.492}}, {"accuracy": 0.969, "Layer1": {"[[0, 1, 2, 3, 4, 5, 6, 7]]": 0.5102, "[[0, 1]]": 0.5215, "[[0]]": 0.5101}, "Layer2": {"[[0, 1, 2, 3, 4, 5, 6, 7]]": 0.5088, "[[0, 1]]": 0.5015, "[[0]]": 0.5121}, "Layer3": {"[[0, 1, 2, 3, 4, 5, 6, 7]]": 0.505, "[[0, 1]]": 0.4954, "[[0]]": 0.5051}}, {"accuracy": 0.9763, "Layer1": {"[[0, 1, 2, 3, 4, 5, 6, 7]]": 0.5135, "[[0, 1]]": 0.5113, "[[0]]": 0.5164}, "Layer2": {"[[0, 1, 2, 3, 4, 5, 6, 7]]": 0.5056, "[[0, 1]]": 0.5126, "[[0]]": 0.5138}, "Layer3": {"[[0, 1, 2, 3, 4, 5, 6, 7]]": 0.5036, "[[0, 1]]": 0.5091, "[[0]]": 0.5073}}], [{"accuracy": 0.498, "Layer1": {"[[0, 1, 2, 3, 4, 5, 6, 7]]": 0.5051, "[[0, 1]]": 0.5653, "[[0]]": 0.5317}, "Layer2": {"[[0, 1, 2, 3, 4, 5, 6, 7]]": 0.5034, "[[0, 1]]": 0.505, "[[0]]": 0.4996}, "Layer3": {"[[0, 1, 2, 3, 4, 5, 6, 7]]": 0.5046, "[[0, 1]]": 0.4958, "[[0]]": 0.4958}}, {"accuracy": 0.5132, "Layer1": {"[[0, 1, 2, 3, 4, 5, 6, 7]]": 0.6258, "[[0, 1]]": 0.5678, "[[0]]": 0.5544}, "Layer2": {"[[0, 1, 2, 3, 4, 5, 6, 7]]": 0.5328, "[[0, 1]]": 0.5127, "[[0]]": 0.5076}, "Layer3": {"[[0, 1, 2, 3, 4, 5, 6, 7]]": 0.5211, "[[0, 1]]": 0.5066, "[[0]]": 0.5071}}, {"accuracy": 0.6079, "Layer1": {"[[0, 1, 2, 3, 4, 5, 6, 7]]": 0.6388, "[[0, 1]]": 0.5908, "[[0]]": 0.597}, "Layer2": {"[[0, 1, 2, 3, 4, 5, 6, 7]]": 0.5876, "[[0, 1]]": 0.5508, "[[0]]": 0.5527}, "Layer3": {"[[0, 1, 2, 3, 4, 5, 6, 7]]": 0.5016, "[[0, 1]]": 0.5494, "[[0]]": 0.5016}}, {"accuracy": 0.6449, "Layer1": {"[[0, 1, 2, 3, 4, 5, 6, 7]]": 0.6524, "[[0, 1]]": 0.6437, "[[0]]": 0.5871}, "Layer2": {"[[0, 1, 2, 3, 4, 5, 6, 7]]": 0.5943, "[[0, 1]]": 0.5051, "[[0]]": 0.5539}, "Layer3": {"[[0, 1, 2, 3, 4, 5, 6, 7]]": 0.5022, "[[0, 1]]": 0.5007, "[[0]]": 0.4994}}, {"accuracy": 0.7062, "Layer1": {"[[0, 1, 2, 3, 4, 5, 6, 7]]": 0.6495, "[[0, 1]]": 0.6002, "[[0]]": 0.5882}, "Layer2": {"[[0, 1, 2, 3, 4, 5, 6, 7]]": 0.5428, "[[0, 1]]": 0.4958, "[[0]]": 0.4973}, "Layer3": {"[[0, 1, 2, 3, 4, 5, 6, 7]]": 0.5135, "[[0, 1]]": 0.5124, "[[0]]": 0.499}}, {"accuracy": 0.7604, "Layer1": {"[[0, 1, 2, 3, 4, 5, 6, 7]]": 0.649, "[[0, 1]]": 0.5969, "[[0]]": 0.5623}, "Layer2": {"[[0, 1, 2, 3, 4, 5, 6, 7]]": 0.5591, "[[0, 1]]": 0.502, "[[0]]": 0.5016}, "Layer3": {"[[0, 1, 2, 3, 4, 5, 6, 7]]": 0.4912, "[[0, 1]]": 0.5051, "[[0]]": 0.4966}}, {"accuracy": 0.8058, "Layer1": {"[[0, 1, 2, 3, 4, 5, 6, 7]]": 0.6338, "[[0, 1]]": 0.5135, "[[0]]": 0.5109}, "Layer2": {"[[0, 1, 2, 3, 4, 5, 6, 7]]": 0.4964, "[[0, 1]]": 0.5108, "[[0]]": 0.4908}, "Layer3": {"[[0, 1, 2, 3, 4, 5, 6, 7]]": 0.4971, "[[0, 1]]": 0.4962, "[[0]]": 0.502}}, {"accuracy": 0.84, "Layer1": {"[[0, 1, 2, 3, 4, 5, 6, 7]]": 0.4971, "[[0, 1]]": 0.5099, "[[0]]": 0.5052}, "Layer2": {"[[0, 1, 2, 3, 4, 5, 6, 7]]": 0.5022, "[[0, 1]]": 0.5068, "[[0]]": 0.5002}, "Layer3": {"[[0, 1, 2, 3, 4, 5, 6, 7]]": 0.5023, "[[0, 1]]": 0.5088, "[[0]]": 0.5045}}, {"accuracy": 0.8612, "Layer1": {"[[0, 1, 2, 3, 4, 5, 6, 7]]": 0.5021, "[[0, 1]]": 0.5053, "[[0]]": 0.508}, "Layer2": {"[[0, 1, 2, 3, 4, 5, 6, 7]]": 0.4982, "[[0, 1]]": 0.5003, "[[0]]": 0.5019}, "Layer3": {"[[0, 1, 2, 3, 4, 5, 6, 7]]": 0.5038, "[[0, 1]]": 0.5031, "[[0]]": 0.5002}}, {"accuracy": 0.8791, "Layer1": {"[[0, 1, 2, 3, 4, 5, 6, 7]]": 0.5105, "[[0, 1]]": 0.5048, "[[0]]": 0.506}, "Layer2": {"[[0, 1, 2, 3, 4, 5, 6, 7]]": 0.4926, "[[0, 1]]": 0.499, "[[0]]": 0.4977}, "Layer3": {"[[0, 1, 2, 3, 4, 5, 6, 7]]": 0.5033, "[[0, 1]]": 0.4977, "[[0]]": 0.5004}}, {"accuracy": 0.9032, "Layer1": {"[[0, 1, 2, 3, 4, 5, 6, 7]]": 0.5113, "[[0, 1]]": 0.4982, "[[0]]": 0.5108}, "Layer2": {"[[0, 1, 2, 3, 4, 5, 6, 7]]": 0.502, "[[0, 1]]": 0.5037, "[[0]]": 0.4972}, "Layer3": {"[[0, 1, 2, 3, 4, 5, 6, 7]]": 0.4947, "[[0, 1]]": 0.4959, "[[0]]": 0.5021}}, {"accuracy": 0.9234, "Layer1": {"[[0, 1, 2, 3, 4, 5, 6, 7]]": 0.5142, "[[0, 1]]": 0.5114, "[[0]]": 0.5029}, "Layer2": {"[[0, 1, 2, 3, 4, 5, 6, 7]]": 0.5006, "[[0, 1]]": 0.5047, "[[0]]": 0.5016}, "Layer3": {"[[0, 1, 2, 3, 4, 5, 6, 7]]": 0.5037, "[[0, 1]]": 0.4876, "[[0]]": 0.501}}, {"accuracy": 0.9409, "Layer1": {"[[0, 1, 2, 3, 4, 5, 6, 7]]": 0.5089, "[[0, 1]]": 0.5052, "[[0]]": 0.5024}, "Layer2": {"[[0, 1, 2, 3, 4, 5, 6, 7]]": 0.4991, "[[0, 1]]": 0.5072, "[[0]]": 0.4976}, "Layer3": {"[[0, 1, 2, 3, 4, 5, 6, 7]]": 0.5017, "[[0, 1]]": 0.5052, "[[0]]": 0.499}}, {"accuracy": 0.9608, "Layer1": {"[[0, 1, 2, 3, 4, 5, 6, 7]]": 0.5087, "[[0, 1]]": 0.5073, "[[0]]": 0.5065}, "Layer2": {"[[0, 1, 2, 3, 4, 5, 6, 7]]": 0.5001, "[[0, 1]]": 0.4991, "[[0]]": 0.506}, "Layer3": {"[[0, 1, 2, 3, 4, 5, 6, 7]]": 0.4976, "[[0, 1]]": 0.5021, "[[0]]": 0.5021}}, {"accuracy": 0.977, "Layer1": {"[[0, 1, 2, 3, 4, 5, 6, 7]]": 0.5005, "[[0, 1]]": 0.5095, "[[0]]": 0.5058}, "Layer2": {"[[0, 1, 2, 3, 4, 5, 6, 7]]": 0.5052, "[[0, 1]]": 0.4979, "[[0]]": 0.5033}, "Layer3": {"[[0, 1, 2, 3, 4, 5, 6, 7]]": 0.4994, "[[0, 1]]": 0.5096, "[[0]]": 0.4996}}, {"accuracy": 0.9853, "Layer1": {"[[0, 1, 2, 3, 4, 5, 6, 7]]": 0.5072, "[[0, 1]]": 0.511, "[[0]]": 0.509}, "Layer2": {"[[0, 1, 2, 3, 4, 5, 6, 7]]": 0.5019, "[[0, 1]]": 0.5021, "[[0]]": 0.5019}, "Layer3": {"[[0, 1, 2, 3, 4, 5, 6, 7]]": 0.4991, "[[0, 1]]": 0.4991, "[[0]]": 0.5027}}, {"accuracy": 0.9883, "Layer1": {"[[0, 1, 2, 3, 4, 5, 6, 7]]": 0.5042, "[[0, 1]]": 0.5067, "[[0]]": 0.5178}, "Layer2": {"[[0, 1, 2, 3, 4, 5, 6, 7]]": 0.5052, "[[0, 1]]": 0.5001, "[[0]]": 0.4967}, "Layer3": {"[[0, 1, 2, 3, 4, 5, 6, 7]]": 0.5022, "[[0, 1]]": 0.4999, "[[0]]": 0.4969}}], [{"accuracy": 0.5005, "Layer1": {"[[0, 1, 2, 3, 4, 5, 6, 7]]": 0.5839, "[[0, 1]]": 0.5052, "[[0]]": 0.502}, "Layer2": {"[[0, 1, 2, 3, 4, 5, 6, 7]]": 0.5089, "[[0, 1]]": 0.5054, "[[0]]": 0.5027}, "Layer3": {"[[0, 1, 2, 3, 4, 5, 6, 7]]": 0.5017, "[[0, 1]]": 0.5239, "[[0]]": 0.5017}}, {"accuracy": 0.5047, "Layer1": {"[[0, 1, 2, 3, 4, 5, 6, 7]]": 0.5465, "[[0, 1]]": 0.5665, "[[0]]": 0.5611}, "Layer2": {"[[0, 1, 2, 3, 4, 5, 6, 7]]": 0.4946, "[[0, 1]]": 0.5065, "[[0]]": 0.5009}, "Layer3": {"[[0, 1, 2, 3, 4, 5, 6, 7]]": 0.5123, "[[0, 1]]": 0.4943, "[[0]]": 0.4954}}, {"accuracy": 0.5076, "Layer1": {"[[0, 1, 2, 3, 4, 5, 6, 7]]": 0.5823, "[[0, 1]]": 0.5814, "[[0]]": 0.5581}, "Layer2": {"[[0, 1, 2, 3, 4, 5, 6, 7]]": 0.5334, "[[0, 1]]": 0.4971, "[[0]]": 0.5066}, "Layer3": {"[[0, 1, 2, 3, 4, 5, 6, 7]]": 0.5263, "[[0, 1]]": 0.4998, "[[0]]": 0.5049}}, {"accuracy": 0.59, "Layer1": {"[[0, 1, 2, 3, 4, 5, 6, 7]]": 0.6077, "[[0, 1]]": 0.6141, "[[0]]": 0.5913}, "Layer2": {"[[0, 1, 2, 3, 4, 5, 6, 7]]": 0.5609, "[[0, 1]]": 0.4975, "[[0]]": 0.5349}, "Layer3": {"[[0, 1, 2, 3, 4, 5, 6, 7]]": 0.5106, "[[0, 1]]": 0.503, "[[0]]": 0.4992}}, {"accuracy": 0.6794, "Layer1": {"[[0, 1, 2, 3, 4, 5, 6, 7]]": 0.6473, "[[0, 1]]": 0.6475, "[[0]]": 0.6188}, "Layer2": {"[[0, 1, 2, 3, 4, 5, 6, 7]]": 0.4975, "[[0, 1]]": 0.4964, "[[0]]": 0.4992}, "Layer3": {"[[0, 1, 2, 3, 4, 5, 6, 7]]": 0.5029, "[[0, 1]]": 0.4955, "[[0]]": 0.5004}}, {"accuracy": 0.7279, "Layer1": {"[[0, 1, 2, 3, 4, 5, 6, 7]]": 0.6052, "[[0, 1]]": 0.5799, "[[0]]": 0.5135}, "Layer2": {"[[0, 1, 2, 3, 4, 5, 6, 7]]": 0.5302, "[[0, 1]]": 0.4968, "[[0]]": 0.5084}, "Layer3": {"[[0, 1, 2, 3, 4, 5, 6, 7]]": 0.492, "[[0, 1]]": 0.4956, "[[0]]": 0.4986}}, {"accuracy": 0.7889, "Layer1": {"[[0, 1, 2, 3, 4, 5, 6, 7]]": 0.5221, "[[0, 1]]": 0.5428, "[[0]]": 0.5201}, "Layer2": {"[[0, 1, 2, 3, 4, 5, 6, 7]]": 0.509, "[[0, 1]]": 0.5205, "[[0]]": 0.5176}, "Layer3": {"[[0, 1, 2, 3, 4, 5, 6, 7]]": 0.502, "[[0, 1]]": 0.5015, "[[0]]": 0.5032}}, {"accuracy": 0.8119, "Layer1": {"[[0, 1, 2, 3, 4, 5, 6, 7]]": 0.5403, "[[0, 1]]": 0.5143, "[[0]]": 0.523}, "Layer2": {"[[0, 1, 2, 3, 4, 5, 6, 7]]": 0.514, "[[0, 1]]": 0.5006, "[[0]]": 0.5007}, "Layer3": {"[[0, 1, 2, 3, 4, 5, 6, 7]]": 0.5094, "[[0, 1]]": 0.501, "[[0]]": 0.5017}}, {"accuracy": 0.8355, "Layer1": {"[[0, 1, 2, 3, 4, 5, 6, 7]]": 0.5211, "[[0, 1]]": 0.5195, "[[0]]": 0.5195}, "Layer2": {"[[0, 1, 2, 3, 4, 5, 6, 7]]": 0.5057, "[[0, 1]]": 0.5095, "[[0]]": 0.5093}, "Layer3": {"[[0, 1, 2, 3, 4, 5, 6, 7]]": 0.4944, "[[0, 1]]": 0.5052, "[[0]]": 0.5007}}, {"accuracy": 0.8598, "Layer1": {"[[0, 1, 2, 3, 4, 5, 6, 7]]": 0.5225, "[[0, 1]]": 0.516, "[[0]]": 0.5143}, "Layer2": {"[[0, 1, 2, 3, 4, 5, 6, 7]]": 0.5222, "[[0, 1]]": 0.5244, "[[0]]": 0.5246}, "Layer3": {"[[0, 1, 2, 3, 4, 5, 6, 7]]": 0.5002, "[[0, 1]]": 0.4978, "[[0]]": 0.4935}}, {"accuracy": 0.8804, "Layer1": {"[[0, 1, 2, 3, 4, 5, 6, 7]]": 0.5231, "[[0, 1]]": 0.5331, "[[0]]": 0.5289}, "Layer2": {"[[0, 1, 2, 3, 4, 5, 6, 7]]": 0.5279, "[[0, 1]]": 0.5347, "[[0]]": 0.4995}, "Layer3": {"[[0, 1, 2, 3, 4, 5, 6, 7]]": 0.5042, "[[0, 1]]": 0.5021, "[[0]]": 0.5001}}, {"accuracy": 0.8954, "Layer1": {"[[0, 1, 2, 3, 4, 5, 6, 7]]": 0.5197, "[[0, 1]]": 0.5233, "[[0]]": 0.5207}, "Layer2": {"[[0, 1, 2, 3, 4, 5, 6, 7]]": 0.5138, "[[0, 1]]": 0.5063, "[[0]]": 0.5244}, "Layer3": {"[[0, 1, 2, 3, 4, 5, 6, 7]]": 0.4989, "[[0, 1]]": 0.5007, "[[0]]": 0.5022}}, {"accuracy": 0.9082, "Layer1": {"[[0, 1, 2, 3, 4, 5, 6, 7]]": 0.5107, "[[0, 1]]": 0.5351, "[[0]]": 0.5249}, "Layer2": {"[[0, 1, 2, 3, 4, 5, 6, 7]]": 0.5064, "[[0, 1]]": 0.5061, "[[0]]": 0.5026}, "Layer3": {"[[0, 1, 2, 3, 4, 5, 6, 7]]": 0.5034, "[[0, 1]]": 0.4985, "[[0]]": 0.4974}}, {"accuracy": 0.9193, "Layer1": {"[[0, 1, 2, 3, 4, 5, 6, 7]]": 0.5356, "[[0, 1]]": 0.5199, "[[0]]": 0.5352}, "Layer2": {"[[0, 1, 2, 3, 4, 5, 6, 7]]": 0.5031, "[[0, 1]]": 0.5139, "[[0]]": 0.5113}, "Layer3": {"[[0, 1, 2, 3, 4, 5, 6, 7]]": 0.5073, "[[0, 1]]": 0.5007, "[[0]]": 0.4993}}, {"accuracy": 0.9312, "Layer1": {"[[0, 1, 2, 3, 4, 5, 6, 7]]": 0.5346, "[[0, 1]]": 0.5179, "[[0]]": 0.5209}, "Layer2": {"[[0, 1, 2, 3, 4, 5, 6, 7]]": 0.5025, "[[0, 1]]": 0.5146, "[[0]]": 0.514}, "Layer3": {"[[0, 1, 2, 3, 4, 5, 6, 7]]": 0.5084, "[[0, 1]]": 0.5029, "[[0]]": 0.505}}, {"accuracy": 0.9407, "Layer1": {"[[0, 1, 2, 3, 4, 5, 6, 7]]": 0.5349, "[[0, 1]]": 0.5266, "[[0]]": 0.5335}, "Layer2": {"[[0, 1, 2, 3, 4, 5, 6, 7]]": 0.5003, "[[0, 1]]": 0.5172, "[[0]]": 0.5072}, "Layer3": {"[[0, 1, 2, 3, 4, 5, 6, 7]]": 0.5106, "[[0, 1]]": 0.5091, "[[0]]": 0.5065}}, {"accuracy": 0.9487, "Layer1": {"[[0, 1, 2, 3, 4, 5, 6, 7]]": 0.502, "[[0, 1]]": 0.5148, "[[0]]": 0.5172}, "Layer2": {"[[0, 1, 2, 3, 4, 5, 6, 7]]": 0.5089, "[[0, 1]]": 0.5215, "[[0]]": 0.5098}, "Layer3": {"[[0, 1, 2, 3, 4, 5, 6, 7]]": 0.5159, "[[0, 1]]": 0.5071, "[[0]]": 0.5096}}]]