[[{"accuracy": 0.4967, "Layer1": {"[[0, 1, 2, 3, 4, 5, 6, 7], [8, 9, 10, 11, 12, 13, 14, 15]]": 0.6522, "[[0, 1], [2, 3]]": 0.6436, "[[0], [1]]": 0.5064}, "Layer2": {"[[0, 1, 2, 3, 4, 5, 6, 7], [8, 9, 10, 11, 12, 13, 14, 15]]": 0.5025, "[[0, 1], [2, 3]]": 0.4925, "[[0], [1]]": 0.4921}, "Layer3": {"[[0, 1, 2, 3, 4, 5, 6, 7], [8, 9, 10, 11, 12, 13, 14, 15]]": 0.4985, "[[0, 1], [2, 3]]": 0.5033, "[[0], [1]]": 0.5043}}, {"accuracy": 0.502, "Layer1": {"[[0, 1, 2, 3, 4, 5, 6, 7], [8, 9, 10, 11, 12, 13, 14, 15]]": 0.727, "[[0, 1], [2, 3]]": 0.7139, "[[0], [1]]": 0.7293}, "Layer2": {"[[0, 1, 2, 3, 4, 5, 6, 7], [8, 9, 10, 11, 12, 13, 14, 15]]": 0.6126, "[[0, 1], [2, 3]]": 0.616, "[[0], [1]]": 0.6164}, "Layer3": {"[[0, 1, 2, 3, 4, 5, 6, 7], [8, 9, 10, 11, 12, 13, 14, 15]]": 0.5033, "[[0, 1], [2, 3]]": 0.5011, "[[0], [1]]": 0.5003}}, {"accuracy": 0.5591, "Layer1": {"[[0, 1, 2, 3, 4, 5, 6, 7], [8, 9, 10, 11, 12, 13, 14, 15]]": 0.8505, "[[0, 1], [2, 3]]": 0.8506, "[[0], [1]]": 0.8176}, "Layer2": {"[[0, 1, 2, 3, 4, 5, 6, 7], [8, 9, 10, 11, 12, 13, 14, 15]]": 0.7251, "[[0, 1], [2, 3]]": 0.7463, "[[0], [1]]": 0.7435}, "Layer3": {"[[0, 1, 2, 3, 4, 5, 6, 7], [8, 9, 10, 11, 12, 13, 14, 15]]": 0.6347, "[[0, 1], [2, 3]]": 0.6244, "[[0], [1]]": 0.6093}}, {"accuracy": 0.6199, "Layer1": {"[[0, 1, 2, 3, 4, 5, 6, 7], [8, 9, 10, 11, 12, 13, 14, 15]]": 0.9021, "[[0, 1], [2, 3]]": 0.9067, "[[0], [1]]": 0.8783}, "Layer2": {"[[0, 1, 2, 3, 4, 5, 6, 7], [8, 9, 10, 11, 12, 13, 14, 15]]": 0.8029, "[[0, 1], [2, 3]]": 0.8179, "[[0], [1]]": 0.8128}, "Layer3": {"[[0, 1, 2, 3, 4, 5, 6, 7], [8, 9, 10, 11, 12, 13, 14, 15]]": 0.7113, "[[0, 1], [2, 3]]": 0.7394, "[[0], [1]]": 0.7019}}, {"accuracy": 0.697, "Layer1": {"[[0, 1, 2, 3, 4, 5, 6, 7], [8, 9, 10, 11, 12, 13, 14, 15]]": 0.9406, "[[0, 1], [2, 3]]": 0.9444, "[[0], [1]]": 0.9396}, "Layer2": {"[[0, 1, 2, 3, 4, 5, 6, 7], [8, 9, 10, 11, 12, 13, 14, 15]]": 0.8991, "[[0, 1], [2, 3]]": 0.9075, "[[0], [1]]": 0.8979}, "Layer3": {"[[0, 1, 2, 3, 4, 5, 6, 7], [8, 9, 10, 11, 12, 13, 14, 15]]": 0.8316, "[[0, 1], [2, 3]]": 0.8259, "[[0], [1]]": 0.8271}}, {"accuracy": 0.7885, "Layer1": {"[[0, 1, 2, 3, 4, 5, 6, 7], [8, 9, 10, 11, 12, 13, 14, 15]]": 0.9595, "[[0, 1], [2, 3]]": 0.9639, "[[0], [1]]": 0.964}, "Layer2": {"[[0, 1, 2, 3, 4, 5, 6, 7], [8, 9, 10, 11, 12, 13, 14, 15]]": 0.9363, "[[0, 1], [2, 3]]": 0.9429, "[[0], [1]]": 0.9252}, "Layer3": {"[[0, 1, 2, 3, 4, 5, 6, 7], [8, 9, 10, 11, 12, 13, 14, 15]]": 0.8697, "[[0, 1], [2, 3]]": 0.8804, "[[0], [1]]": 0.8434}}, {"accuracy": 0.8664, "Layer1": {"[[0, 1, 2, 3, 4, 5, 6, 7], [8, 9, 10, 11, 12, 13, 14, 15]]": 0.9822, "[[0, 1], [2, 3]]": 0.9808, "[[0], [1]]": 0.9799}, "Layer2": {"[[0, 1, 2, 3, 4, 5, 6, 7], [8, 9, 10, 11, 12, 13, 14, 15]]": 0.9648, "[[0, 1], [2, 3]]": 0.9702, "[[0], [1]]": 0.9577}, "Layer3": {"[[0, 1, 2, 3, 4, 5, 6, 7], [8, 9, 10, 11, 12, 13, 14, 15]]": 0.919, "[[0, 1], [2, 3]]": 0.9079, "[[0], [1]]": 0.8754}}, {"accuracy": 0.9163, "Layer1": {"[[0, 1, 2, 3, 4, 5, 6, 7], [8, 9, 10, 11, 12, 13, 14, 15]]": 0.991, "[[0, 1], [2, 3]]": 0.9845, "[[0], [1]]": 0.9811}, "Layer2": {"[[0, 1, 2, 3, 4, 5, 6, 7], [8, 9, 10, 11, 12, 13, 14, 15]]": 0.9816, "[[0, 1], [2, 3]]": 0.9809, "[[0], [1]]": 0.9679}, "Layer3": {"[[0, 1, 2, 3, 4, 5, 6, 7], [8, 9, 10, 11, 12, 13, 14, 15]]": 0.9458, "[[0, 1], [2, 3]]": 0.9437, "[[0], [1]]": 0.9183}}, {"accuracy": 0.9494, "Layer1": {"[[0, 1, 2, 3, 4, 5, 6, 7], [8, 9, 10, 11, 12, 13, 14, 15]]": 0.9938, "[[0, 1], [2, 3]]": 0.9948, "[[0], [1]]": 0.9915}, "Layer2": {"[[0, 1, 2, 3, 4, 5, 6, 7], [8, 9, 10, 11, 12, 13, 14, 15]]": 0.9888, "[[0, 1], [2, 3]]": 0.9872, "[[0], [1]]": 0.9808}, "Layer3": {"[[0, 1, 2, 3, 4, 5, 6, 7], [8, 9, 10, 11, 12, 13, 14, 15]]": 0.9654, "[[0, 1], [2, 3]]": 0.9633, "[[0], [1]]": 0.9485}}, {"accuracy": 0.9655, "Layer1": {"[[0, 1, 2, 3, 4, 5, 6, 7], [8, 9, 10, 11, 12, 13, 14, 15]]": 0.9959, "[[0, 1], [2, 3]]": 0.9949, "[[0], [1]]": 0.9946}, "Layer2": {"[[0, 1, 2, 3, 4, 5, 6, 7], [8, 9, 10, 11, 12, 13, 14, 15]]": 0.9912, "[[0, 1], [2, 3]]": 0.9924, "[[0], [1]]": 0.989}, "Layer3": {"[[0, 1, 2, 3, 4, 5, 6, 7], [8, 9, 10, 11, 12, 13, 14, 15]]": 0.9776, "[[0, 1], [2, 3]]": 0.9718, "[[0], [1]]": 0.9672}}, {"accuracy": 0.977, "Layer1": {"[[0, 1, 2, 3, 4, 5, 6, 7], [8, 9, 10, 11, 12, 13, 14, 15]]": 0.9974, "[[0, 1], [2, 3]]": 0.9976, "[[0], [1]]": 0.9912}, "Layer2": {"[[0, 1, 2, 3, 4, 5, 6, 7], [8, 9, 10, 11, 12, 13, 14, 15]]": 0.9944, "[[0, 1], [2, 3]]": 0.9949, "[[0], [1]]": 0.991}, "Layer3": {"[[0, 1, 2, 3, 4, 5, 6, 7], [8, 9, 10, 11, 12, 13, 14, 15]]": 0.9909, "[[0, 1], [2, 3]]": 0.9895, "[[0], [1]]": 0.9828}}, {"accuracy": 0.9857, "Layer1": {"[[0, 1, 2, 3, 4, 5, 6, 7], [8, 9, 10, 11, 12, 13, 14, 15]]": 0.9975, "[[0, 1], [2, 3]]": 0.9982, "[[0], [1]]": 0.9902}, "Layer2": {"[[0, 1, 2, 3, 4, 5, 6, 7], [8, 9, 10, 11, 12, 13, 14, 15]]": 0.9973, "[[0, 1], [2, 3]]": 0.9959, "[[0], [1]]": 0.9913}, "Layer3": {"[[0, 1, 2, 3, 4, 5, 6, 7], [8, 9, 10, 11, 12, 13, 14, 15]]": 0.9949, "[[0, 1], [2, 3]]": 0.9926, "[[0], [1]]": 0.9906}}, {"accuracy": 0.9917, "Layer1": {"[[0, 1, 2, 3, 4, 5, 6, 7], [8, 9, 10, 11, 12, 13, 14, 15]]": 0.999, "[[0, 1], [2, 3]]": 0.9985, "[[0], [1]]": 0.9936}, "Layer2": {"[[0, 1, 2, 3, 4, 5, 6, 7], [8, 9, 10, 11, 12, 13, 14, 15]]": 0.9978, "[[0, 1], [2, 3]]": 0.9976, "[[0], [1]]": 0.9887}, "Layer3": {"[[0, 1, 2, 3, 4, 5, 6, 7], [8, 9, 10, 11, 12, 13, 14, 15]]": 0.9969, "[[0, 1], [2, 3]]": 0.9963, "[[0], [1]]": 0.9932}}, {"accuracy": 0.9942, "Layer1": {"[[0, 1, 2, 3, 4, 5, 6, 7], [8, 9, 10, 11, 12, 13, 14, 15]]": 0.9987, "[[0, 1], [2, 3]]": 0.9985, "[[0], [1]]": 0.9968}, "Layer2": {"[[0, 1, 2, 3, 4, 5, 6, 7], [8, 9, 10, 11, 12, 13, 14, 15]]": 0.9986, "[[0, 1], [2, 3]]": 0.9983, "[[0], [1]]": 0.9944}, "Layer3": {"[[0, 1, 2, 3, 4, 5, 6, 7], [8, 9, 10, 11, 12, 13, 14, 15]]": 0.9966, "[[0, 1], [2, 3]]": 0.9976, "[[0], [1]]": 0.995}}, {"accuracy": 0.996, "Layer1": {"[[0, 1, 2, 3, 4, 5, 6, 7], [8, 9, 10, 11, 12, 13, 14, 15]]": 0.9987, "[[0, 1], [2, 3]]": 0.9976, "[[0], [1]]": 0.9982}, "Layer2": {"[[0, 1, 2, 3, 4, 5, 6, 7], [8, 9, 10, 11, 12, 13, 14, 15]]": 0.9975, "[[0, 1], [2, 3]]": 0.9982, "[[0], [1]]": 0.9982}, "Layer3": {"[[0, 1, 2, 3, 4, 5, 6, 7], [8, 9, 10, 11, 12, 13, 14, 15]]": 0.998, "[[0, 1], [2, 3]]": 0.9983, "[[0], [1]]": 0.9967}}, {"accuracy": 0.9961, "Layer1": {"[[0, 1, 2, 3, 4, 5, 6, 7], [8, 9, 10, 11, 12, 13, 14, 15]]": 0.9979, "[[0, 1], [2, 3]]": 0.9984, "[[0], [1]]": 0.9977}, "Layer2": {"[[0, 1, 2, 3, 4, 5, 6, 7], [8, 9, 10, 11, 12, 13, 14, 15]]": 0.9984, "[[0, 1], [2, 3]]": 0.9976, "[[0], [1]]": 0.9962}, "Layer3": {"[[0, 1, 2, 3, 4, 5, 6, 7], [8, 9, 10, 11, 12, 13, 14, 15]]": 0.9986, "[[0, 1], [2, 3]]": 0.9985, "[[0], [1]]": 0.9974}}, {"accuracy": 0.9969, "Layer1": {"[[0, 1, 2, 3, 4, 5, 6, 7], [8, 9, 10, 11, 12, 13, 14, 15]]": 0.9987, "[[0, 1], [2, 3]]": 0.9986, "[[0], [1]]": 0.9982}, "Layer2": {"[[0, 1, 2, 3, 4, 5, 6, 7], [8, 9, 10, 11, 12, 13, 14, 15]]": 0.9985, "[[0, 1], [2, 3]]": 0.9985, "[[0], [1]]": 0.9979}, "Layer3": {"[[0, 1, 2, 3, 4, 5, 6, 7], [8, 9, 10, 11, 12, 13, 14, 15]]": 0.9987, "[[0, 1], [2, 3]]": 0.9988, "[[0], [1]]": 0.9969}}], [{"accuracy": 0.4831, "Layer1": {"[[0, 1, 2, 3, 4, 5, 6, 7], [8, 9, 10, 11, 12, 13, 14, 15]]": 0.6568, "[[0, 1], [2, 3]]": 0.5007, "[[0], [1]]": 0.499}, "Layer2": {"[[0, 1, 2, 3, 4, 5, 6, 7], [8, 9, 10, 11, 12, 13, 14, 15]]": 0.5078, "[[0, 1], [2, 3]]": 0.5001, "[[0], [1]]": 0.4947}, "Layer3": {"[[0, 1, 2, 3, 4, 5, 6, 7], [8, 9, 10, 11, 12, 13, 14, 15]]": 0.5023, "[[0, 1], [2, 3]]": 0.4981, "[[0], [1]]": 0.4927}}, {"accuracy": 0.5251, "Layer1": {"[[0, 1, 2, 3, 4, 5, 6, 7], [8, 9, 10, 11, 12, 13, 14, 15]]": 0.695, "[[0, 1], [2, 3]]": 0.7169, "[[0], [1]]": 0.6621}, "Layer2": {"[[0, 1, 2, 3, 4, 5, 6, 7], [8, 9, 10, 11, 12, 13, 14, 15]]": 0.5052, "[[0, 1], [2, 3]]": 0.5081, "[[0], [1]]": 0.5104}, "Layer3": {"[[0, 1, 2, 3, 4, 5, 6, 7], [8, 9, 10, 11, 12, 13, 14, 15]]": 0.5089, "[[0, 1], [2, 3]]": 0.5108, "[[0], [1]]": 0.509}}, {"accuracy": 0.5664, "Layer1": {"[[0, 1, 2, 3, 4, 5, 6, 7], [8, 9, 10, 11, 12, 13, 14, 15]]": 0.7616, "[[0, 1], [2, 3]]": 0.7536, "[[0], [1]]": 0.7553}, "Layer2": {"[[0, 1, 2, 3, 4, 5, 6, 7], [8, 9, 10, 11, 12, 13, 14, 15]]": 0.5978, "[[0, 1], [2, 3]]": 0.5427, "[[0], [1]]": 0.5787}, "Layer3": {"[[0, 1, 2, 3, 4, 5, 6, 7], [8, 9, 10, 11, 12, 13, 14, 15]]": 0.5272, "[[0, 1], [2, 3]]": 0.5245, "[[0], [1]]": 0.5142}}, {"accuracy": 0.6314, "Layer1": {"[[0, 1, 2, 3, 4, 5, 6, 7], [8, 9, 10, 11, 12, 13, 14, 15]]": 0.829, "[[0, 1], [2, 3]]": 0.8416, "[[0], [1]]": 0.8355}, "Layer2": {"[[0, 1, 2, 3, 4, 5, 6, 7], [8, 9, 10, 11, 12, 13, 14, 15]]": 0.7131, "[[0, 1], [2, 3]]": 0.7034, "[[0], [1]]": 0.6918}, "Layer3": {"[[0, 1, 2, 3, 4, 5, 6, 7], [8, 9, 10, 11, 12, 13, 14, 15]]": 0.6548, "[[0, 1], [2, 3]]": 0.6348, "[[0], [1]]": 0.6658}}, {"accuracy": 0.7144, "Layer1": {"[[0, 1, 2, 3, 4, 5, 6, 7], [8, 9, 10, 11, 12, 13, 14, 15]]": 0.8843, "[[0, 1], [2, 3]]": 0.8739, "[[0], [1]]": 0.8689}, "Layer2": {"[[0, 1, 2, 3, 4, 5, 6, 7], [8, 9, 10, 11, 12, 13, 14, 15]]": 0.7628, "[[0, 1], [2, 3]]": 0.7599, "[[0], [1]]": 0.7488}, "Layer3": {"[[0, 1, 2, 3, 4, 5, 6, 7], [8, 9, 10, 11, 12, 13, 14, 15]]": 0.729, "[[0, 1], [2, 3]]": 0.6985, "[[0], [1]]": 0.6826}}, {"accuracy": 0.777, "Layer1": {"[[0, 1, 2, 3, 4, 5, 6, 7], [8, 9, 10, 11, 12, 13, 14, 15]]": 0.9117, "[[0, 1], [2, 3]]": 0.9103, "[[0], [1]]": 0.9061}, "Layer2": {"[[0, 1, 2, 3, 4, 5, 6, 7], [8, 9, 10, 11, 12, 13, 14, 15]]": 0.8137, "[[0, 1], [2, 3]]": 0.8143, "[[0], [1]]": 0.7829}, "Layer3": {"[[0, 1, 2, 3, 4, 5, 6, 7], [8, 9, 10, 11, 12, 13, 14, 15]]": 0.7406, "[[0, 1], [2, 3]]": 0.7537, "[[0], [1]]": 0.7571}}, {"accuracy": 0.8283, "Layer1": {"[[0, 1, 2, 3, 4, 5, 6, 7], [8, 9, 10, 11, 12, 13, 14, 15]]": 0.9382, "[[0, 1], [2, 3]]": 0.9451, "[[0], [1]]": 0.9413}, "Layer2": {"[[0, 1, 2, 3, 4, 5, 6, 7], [8, 9, 10, 11, 12, 13, 14, 15]]": 0.8583, "[[0, 1], [2, 3]]": 0.8533, "[[0], [1]]": 0.8414}, "Layer3": {"[[0, 1, 2, 3, 4, 5, 6, 7], [8, 9, 10, 11, 12, 13, 14, 15]]": 0.8154, "[[0, 1], [2, 3]]": 0.8037, "[[0], [1]]": 0.7994}}, {"accuracy": 0.8771, "Layer1": {"[[0, 1, 2, 3, 4, 5, 6, 7], [8, 9, 10, 11, 12, 13, 14, 15]]": 0.9634, "[[0, 1], [2, 3]]": 0.9564, "[[0], [1]]": 0.956}, "Layer2": {"[[0, 1, 2, 3, 4, 5, 6, 7], [8, 9, 10, 11, 12, 13, 14, 15]]": 0.8846, "[[0, 1], [2, 3]]": 0.8718, "[[0], [1]]": 0.8696}, "Layer3": {"[[0, 1, 2, 3, 4, 5, 6, 7], [8, 9, 10, 11, 12, 13, 14, 15]]": 0.8468, "[[0, 1], [2, 3]]": 0.8445, "[[0], [1]]": 0.837}}, {"accuracy": 0.8965, "Layer1": {"[[0, 1, 2, 3, 4, 5, 6, 7], [8, 9, 10, 11, 12, 13, 14, 15]]": 0.9669, "[[0, 1], [2, 3]]": 0.9669, "[[0], [1]]": 0.9691}, "Layer2": {"[[0, 1, 2, 3, 4, 5, 6, 7], [8, 9, 10, 11, 12, 13, 14, 15]]": 0.9034, "[[0, 1], [2, 3]]": 0.9091, "[[0], [1]]": 0.887}, "Layer3": {"[[0, 1, 2, 3, 4, 5, 6, 7], [8, 9, 10, 11, 12, 13, 14, 15]]": 0.8656, "[[0, 1], [2, 3]]": 0.8733, "[[0], [1]]": 0.8506}}, {"accuracy": 0.9202, "Layer1": {"[[0, 1, 2, 3, 4, 5, 6, 7], [8, 9, 10, 11, 12, 13, 14, 15]]": 0.9864, "[[0, 1], [2, 3]]": 0.9809, "[[0], [1]]": 0.9784}, "Layer2": {"[[0, 1, 2, 3, 4, 5, 6, 7], [8, 9, 10, 11, 12, 13, 14, 15]]": 0.9291, "[[0, 1], [2, 3]]": 0.9407, "[[0], [1]]": 0.9296}, "Layer3": {"[[0, 1, 2, 3, 4, 5, 6, 7], [8, 9, 10, 11, 12, 13, 14, 15]]": 0.9072, "[[0, 1], [2, 3]]": 0.9019, "[[0], [1]]": 0.9002}}, {"accuracy": 0.9355, "Layer1": {"[[0, 1, 2, 3, 4, 5, 6, 7], [8, 9, 10, 11, 12, 13, 14, 15]]": 0.9914, "[[0, 1], [2, 3]]": 0.989, "[[0], [1]]": 0.985}, "Layer2": {"[[0, 1, 2, 3, 4, 5, 6, 7], [8, 9, 10, 11, 12, 13, 14, 15]]": 0.9603, "[[0, 1], [2, 3]]": 0.9578, "[[0], [1]]": 0.9599}, "Layer3": {"[[0, 1, 2, 3, 4, 5, 6, 7], [8, 9, 10, 11, 12, 13, 14, 15]]": 0.934, "[[0, 1], [2, 3]]": 0.933, "[[0], [1]]": 0.9168}}, {"accuracy": 0.957, "Layer1": {"[[0, 1, 2, 3, 4, 5, 6, 7], [8, 9, 10, 11, 12, 13, 14, 15]]": 0.9949, "[[0, 1], [2, 3]]": 0.9912, "[[0], [1]]": 0.991}, "Layer2": {"[[0, 1, 2, 3, 4, 5, 6, 7], [8, 9, 10, 11, 12, 13, 14, 15]]": 0.9748, "[[0, 1], [2, 3]]": 0.9775, "[[0], [1]]": 0.9806}, "Layer3": {"[[0, 1, 2, 3, 4, 5, 6, 7], [8, 9, 10, 11, 12, 13, 14, 15]]": 0.9626, "[[0, 1], [2, 3]]": 0.9626, "[[0], [1]]": 0.9669}}, {"accuracy": 0.9727, "Layer1": {"[[0, 1, 2, 3, 4, 5, 6, 7], [8, 9, 10, 11, 12, 13, 14, 15]]": 0.9944, "[[0, 1], [2, 3]]": 0.9909, "[[0], [1]]": 0.9936}, "Layer2": {"[[0, 1, 2, 3, 4, 5, 6, 7], [8, 9, 10, 11, 12, 13, 14, 15]]": 0.9879, "[[0, 1], [2, 3]]": 0.9864, "[[0], [1]]": 0.9872}, "Layer3": {"[[0, 1, 2, 3, 4, 5, 6, 7], [8, 9, 10, 11, 12, 13, 14, 15]]": 0.9792, "[[0, 1], [2, 3]]": 0.9809, "[[0], [1]]": 0.977}}, {"accuracy": 0.9851, "Layer1": {"[[0, 1, 2, 3, 4, 5, 6, 7], [8, 9, 10, 11, 12, 13, 14, 15]]": 0.9977, "[[0, 1], [2, 3]]": 0.9924, "[[0], [1]]": 0.9931}, "Layer2": {"[[0, 1, 2, 3, 4, 5, 6, 7], [8, 9, 10, 11, 12, 13, 14, 15]]": 0.9924, "[[0, 1], [2, 3]]": 0.9915, "[[0], [1]]": 0.9917}, "Layer3": {"[[0, 1, 2, 3, 4, 5, 6, 7], [8, 9, 10, 11, 12, 13, 14, 15]]": 0.9886, "[[0, 1], [2, 3]]": 0.9886, "[[0], [1]]": 0.984}}, {"accuracy": 0.9921, "Layer1": {"[[0, 1, 2, 3, 4, 5, 6, 7], [8, 9, 10, 11, 12, 13, 14, 15]]": 0.9973, "[[0, 1], [2, 3]]": 0.9953, "[[0], [1]]": 0.9959}, "Layer2": {"[[0, 1, 2, 3, 4, 5, 6, 7], [8, 9, 10, 11, 12, 13, 14, 15]]": 0.9964, "[[0, 1], [2, 3]]": 0.9955, "[[0], [1]]": 0.9945}, "Layer3": {"[[0, 1, 2, 3, 4, 5, 6, 7], [8, 9, 10, 11, 12, 13, 14, 15]]": 0.994, "[[0, 1], [2, 3]]": 0.9945, "[[0], [1]]": 0.9903}}, {"accuracy": 0.9949, "Layer1": {"[[0, 1, 2, 3, 4, 5, 6, 7], [8, 9, 10, 11, 12, 13, 14, 15]]": 0.9968, "[[0, 1], [2, 3]]": 0.9974, "[[0], [1]]": 0.9975}, "Layer2": {"[[0, 1, 2, 3, 4, 5, 6, 7], [8, 9, 10, 11, 12, 13, 14, 15]]": 0.9973, "[[0, 1], [2, 3]]": 0.9959, "[[0], [1]]": 0.9965}, "Layer3": {"[[0, 1, 2, 3, 4, 5, 6, 7], [8, 9, 10, 11, 12, 13, 14, 15]]": 0.9959, "[[0, 1], [2, 3]]": 0.9972, "[[0], [1]]": 0.9949}}, {"accuracy": 0.9965, "Layer1": {"[[0, 1, 2, 3, 4, 5, 6, 7], [8, 9, 10, 11, 12, 13, 14, 15]]": 0.9973, "[[0, 1], [2, 3]]": 0.9973, "[[0], [1]]": 0.997}, "Layer2": {"[[0, 1, 2, 3, 4, 5, 6, 7], [8, 9, 10, 11, 12, 13, 14, 15]]": 0.9981, "[[0, 1], [2, 3]]": 0.997, "[[0], [1]]": 0.9968}, "Layer3": {"[[0, 1, 2, 3, 4, 5, 6, 7], [8, 9, 10, 11, 12, 13, 14, 15]]": 0.9983, "[[0, 1], [2, 3]]": 0.9979, "[[0], [1]]": 0.9967}}], [{"accuracy": 0.4986, "Layer1": {"[[0, 1, 2, 3, 4, 5, 6, 7], [8, 9, 10, 11, 12, 13, 14, 15]]": 0.4961, "[[0, 1], [2, 3]]": 0.5051, "[[0], [1]]": 0.496}, "Layer2": {"[[0, 1, 2, 3, 4, 5, 6, 7], [8, 9, 10, 11, 12, 13, 14, 15]]": 0.4985, "[[0, 1], [2, 3]]": 0.4989, "[[0], [1]]": 0.4991}, "Layer3": {"[[0, 1, 2, 3, 4, 5, 6, 7], [8, 9, 10, 11, 12, 13, 14, 15]]": 0.4909, "[[0, 1], [2, 3]]": 0.4962, "[[0], [1]]": 0.4967}}, {"accuracy": 0.5057, "Layer1": {"[[0, 1, 2, 3, 4, 5, 6, 7], [8, 9, 10, 11, 12, 13, 14, 15]]": 0.7216, "[[0, 1], [2, 3]]": 0.7408, "[[0], [1]]": 0.7416}, "Layer2": {"[[0, 1, 2, 3, 4, 5, 6, 7], [8, 9, 10, 11, 12, 13, 14, 15]]": 0.5547, "[[0, 1], [2, 3]]": 0.4936, "[[0], [1]]": 0.4918}, "Layer3": {"[[0, 1, 2, 3, 4, 5, 6, 7], [8, 9, 10, 11, 12, 13, 14, 15]]": 0.4986, "[[0, 1], [2, 3]]": 0.4954, "[[0], [1]]": 0.4968}}, {"accuracy": 0.5123, "Layer1": {"[[0, 1, 2, 3, 4, 5, 6, 7], [8, 9, 10, 11, 12, 13, 14, 15]]": 0.7254, "[[0, 1], [2, 3]]": 0.7448, "[[0], [1]]": 0.7437}, "Layer2": {"[[0, 1, 2, 3, 4, 5, 6, 7], [8, 9, 10, 11, 12, 13, 14, 15]]": 0.5731, "[[0, 1], [2, 3]]": 0.5907, "[[0], [1]]": 0.5972}, "Layer3": {"[[0, 1, 2, 3, 4, 5, 6, 7], [8, 9, 10, 11, 12, 13, 14, 15]]": 0.5043, "[[0, 1], [2, 3]]": 0.4935, "[[0], [1]]": 0.5075}}, {"accuracy": 0.5822, "Layer1": {"[[0, 1, 2, 3, 4, 5, 6, 7], [8, 9, 10, 11, 12, 13, 14, 15]]": 0.8071, "[[0, 1], [2, 3]]": 0.7852, "[[0], [1]]": 0.788}, "Layer2": {"[[0, 1, 2, 3, 4, 5, 6, 7], [8, 9, 10, 11, 12, 13, 14, 15]]": 0.6737, "[[0, 1], [2, 3]]": 0.6651, "[[0], [1]]": 0.6628}, "Layer3": {"[[0, 1, 2, 3, 4, 5, 6, 7], [8, 9, 10, 11, 12, 13, 14, 15]]": 0.5891, "[[0, 1], [2, 3]]": 0.5965, "[[0], [1]]": 0.5768}}, {"accuracy": 0.6436, "Layer1": {"[[0, 1, 2, 3, 4, 5, 6, 7], [8, 9, 10, 11, 12, 13, 14, 15]]": 0.8541, "[[0, 1], [2, 3]]": 0.8814, "[[0], [1]]": 0.8287}, "Layer2": {"[[0, 1, 2, 3, 4, 5, 6, 7], [8, 9, 10, 11, 12, 13, 14, 15]]": 0.7268, "[[0, 1], [2, 3]]": 0.737, "[[0], [1]]": 0.7214}, "Layer3": {"[[0, 1, 2, 3, 4, 5, 6, 7], [8, 9, 10, 11, 12, 13, 14, 15]]": 0.6675, "[[0, 1], [2, 3]]": 0.6839, "[[0], [1]]": 0.662}}, {"accuracy": 0.6749, "Layer1": {"[[0, 1, 2, 3, 4, 5, 6, 7], [8, 9, 10, 11, 12, 13, 14, 15]]": 0.9436, "[[0, 1], [2, 3]]": 0.9316, "[[0], [1]]": 0.9468}, "Layer2": {"[[0, 1, 2, 3, 4, 5, 6, 7], [8, 9, 10, 11, 12, 13, 14, 15]]": 0.8191, "[[0, 1], [2, 3]]": 0.7931, "[[0], [1]]": 0.6833}, "Layer3": {"[[0, 1, 2, 3, 4, 5, 6, 7], [8, 9, 10, 11, 12, 13, 14, 15]]": 0.7265, "[[0, 1], [2, 3]]": 0.7225, "[[0], [1]]": 0.6901}}, {"accuracy": 0.7376, "Layer1": {"[[0, 1, 2, 3, 4, 5, 6, 7], [8, 9, 10, 11, 12, 13, 14, 15]]": 0.9806, "[[0, 1], [2, 3]]": 0.9741, "[[0], [1]]": 0.9777}, "Layer2": {"[[0, 1, 2, 3, 4, 5, 6, 7], [8, 9, 10, 11, 12, 13, 14, 15]]": 0.8724, "[[0, 1], [2, 3]]": 0.8751, "[[0], [1]]": 0.8577}, "Layer3": {"[[0, 1, 2, 3, 4, 5, 6, 7], [8, 9, 10, 11, 12, 13, 14, 15]]": 0.7848, "[[0, 1], [2, 3]]": 0.742, "[[0], [1]]": 0.7078}}, {"accuracy": 0.7914, "Layer1": {"[[0, 1, 2, 3, 4, 5, 6, 7], [8, 9, 10, 11, 12, 13, 14, 15]]": 0.984, "[[0, 1], [2, 3]]": 0.9877, "[[0], [1]]": 0.957}, "Layer2": {"[[0, 1, 2, 3, 4, 5, 6, 7], [8, 9, 10, 11, 12, 13, 14, 15]]": 0.9067, "[[0, 1], [2, 3]]": 0.9043, "[[0], [1]]": 0.8725}, "Layer3": {"[[0, 1, 2, 3, 4, 5, 6, 7], [8, 9, 10, 11, 12, 13, 14, 15]]": 0.8257, "[[0, 1], [2, 3]]": 0.8057, "[[0], [1]]": 0.8079}}, {"accuracy": 0.8397, "Layer1": {"[[0, 1, 2, 3, 4, 5, 6, 7], [8, 9, 10, 11, 12, 13, 14, 15]]": 0.9854, "[[0, 1], [2, 3]]": 0.9883, "[[0], [1]]": 0.9743}, "Layer2": {"[[0, 1, 2, 3, 4, 5, 6, 7], [8, 9, 10, 11, 12, 13, 14, 15]]": 0.9268, "[[0, 1], [2, 3]]": 0.9283, "[[0], [1]]": 0.8963}, "Layer3": {"[[0, 1, 2, 3, 4, 5, 6, 7], [8, 9, 10, 11, 12, 13, 14, 15]]": 0.838, "[[0, 1], [2, 3]]": 0.849, "[[0], [1]]": 0.8254}}, {"accuracy": 0.8749, "Layer1": {"[[0, 1, 2, 3, 4, 5, 6, 7], [8, 9, 10, 11, 12, 13, 14, 15]]": 0.99, "[[0, 1], [2, 3]]": 0.9921, "[[0], [1]]": 0.9891}, "Layer2": {"[[0, 1, 2, 3, 4, 5, 6, 7], [8, 9, 10, 11, 12, 13, 14, 15]]": 0.9276, "[[0, 1], [2, 3]]": 0.93, "[[0], [1]]": 0.9072}, "Layer3": {"[[0, 1, 2, 3, 4, 5, 6, 7], [8, 9, 10, 11, 12, 13, 14, 15]]": 0.8568, "[[0, 1], [2, 3]]": 0.8844, "[[0], [1]]": 0.8466}}, {"accuracy": 0.9034, "Layer1": {"[[0, 1, 2, 3, 4, 5, 6, 7], [8, 9, 10, 11, 12, 13, 14, 15]]": 0.9949, "[[0, 1], [2, 3]]": 0.9937, "[[0], [1]]": 0.9923}, "Layer2": {"[[0, 1, 2, 3, 4, 5, 6, 7], [8, 9, 10, 11, 12, 13, 14, 15]]": 0.9484, "[[0, 1], [2, 3]]": 0.9504, "[[0], [1]]": 0.9436}, "Layer3": {"[[0, 1, 2, 3, 4, 5, 6, 7], [8, 9, 10, 11, 12, 13, 14, 15]]": 0.894, "[[0, 1], [2, 3]]": 0.9018, "[[0], [1]]": 0.8774}}, {"accuracy": 0.9256, "Layer1": {"[[0, 1, 2, 3, 4, 5, 6, 7], [8, 9, 10, 11, 12, 13, 14, 15]]": 0.9943, "[[0, 1], [2, 3]]": 0.9947, "[[0], [1]]": 0.9944}, "Layer2": {"[[0, 1, 2, 3, 4, 5, 6, 7], [8, 9, 10, 11, 12, 13, 14, 15]]": 0.9615, "[[0, 1], [2, 3]]": 0.9679, "[[0], [1]]": 0.9389}, "Layer3": {"[[0, 1, 2, 3, 4, 5, 6, 7], [8, 9, 10, 11, 12, 13, 14, 15]]": 0.9237, "[[0, 1], [2, 3]]": 0.9268, "[[0], [1]]": 0.9092}}, {"accuracy": 0.944, "Layer1": {"[[0, 1, 2, 3, 4, 5, 6, 7], [8, 9, 10, 11, 12, 13, 14, 15]]": 0.9923, "[[0, 1], [2, 3]]": 0.9962, "[[0], [1]]": 0.9934}, "Layer2": {"[[0, 1, 2, 3, 4, 5, 6, 7], [8, 9, 10, 11, 12, 13, 14, 15]]": 0.9701, "[[0, 1], [2, 3]]": 0.968, "[[0], [1]]": 0.9634}, "Layer3": {"[[0, 1, 2, 3, 4, 5, 6, 7], [8, 9, 10, 11, 12, 13, 14, 15]]": 0.9441, "[[0, 1], [2, 3]]": 0.9422, "[[0], [1]]": 0.924}}, {"accuracy": 0.9549, "Layer1": {"[[0, 1, 2, 3, 4, 5, 6, 7], [8, 9, 10, 11, 12, 13, 14, 15]]": 0.9932, "[[0, 1], [2, 3]]": 0.9963, "[[0], [1]]": 0.9944}, "Layer2": {"[[0, 1, 2, 3, 4, 5, 6, 7], [8, 9, 10, 11, 12, 13, 14, 15]]": 0.9792, "[[0, 1], [2, 3]]": 0.976, "[[0], [1]]": 0.9601}, "Layer3": {"[[0, 1, 2, 3, 4, 5, 6, 7], [8, 9, 10, 11, 12, 13, 14, 15]]": 0.9592, "[[0, 1], [2, 3]]": 0.9599, "[[0], [1]]": 0.942}}, {"accuracy": 0.9677, "Layer1": {"[[0, 1, 2, 3, 4, 5, 6, 7], [8, 9, 10, 11, 12, 13, 14, 15]]": 0.9966, "[[0, 1], [2, 3]]": 0.9978, "[[0], [1]]": 0.9935}, "Layer2": {"[[0, 1, 2, 3, 4, 5, 6, 7], [8, 9, 10, 11, 12, 13, 14, 15]]": 0.9894, "[[0, 1], [2, 3]]": 0.9907, "[[0], [1]]": 0.9759}, "Layer3": {"[[0, 1, 2, 3, 4, 5, 6, 7], [8, 9, 10, 11, 12, 13, 14, 15]]": 0.9778, "[[0, 1], [2, 3]]": 0.9762, "[[0], [1]]": 0.9678}}, {"accuracy": 0.9782, "Layer1": {"[[0, 1, 2, 3, 4, 5, 6, 7], [8, 9, 10, 11, 12, 13, 14, 15]]": 0.9975, "[[0, 1], [2, 3]]": 0.9949, "[[0], [1]]": 0.995}, "Layer2": {"[[0, 1, 2, 3, 4, 5, 6, 7], [8, 9, 10, 11, 12, 13, 14, 15]]": 0.9921, "[[0, 1], [2, 3]]": 0.9909, "[[0], [1]]": 0.9907}, "Layer3": {"[[0, 1, 2, 3, 4, 5, 6, 7], [8, 9, 10, 11, 12, 13, 14, 15]]": 0.9843, "[[0, 1], [2, 3]]": 0.9859, "[[0], [1]]": 0.9779}}, {"accuracy": 0.9844, "Layer1": {"[[0, 1, 2, 3, 4, 5, 6, 7], [8, 9, 10, 11, 12, 13, 14, 15]]": 0.9968, "[[0, 1], [2, 3]]": 0.9958, "[[0], [1]]": 0.9942}, "Layer2": {"[[0, 1, 2, 3, 4, 5, 6, 7], [8, 9, 10, 11, 12, 13, 14, 15]]": 0.9946, "[[0, 1], [2, 3]]": 0.9927, "[[0], [1]]": 0.9928}, "Layer3": {"[[0, 1, 2, 3, 4, 5, 6, 7], [8, 9, 10, 11, 12, 13, 14, 15]]": 0.9901, "[[0, 1], [2, 3]]": 0.9879, "[[0], [1]]": 0.9837}}], [{"accuracy": 0.498, "Layer1": {"[[0, 1, 2, 3, 4, 5, 6, 7], [8, 9, 10, 11, 12, 13, 14, 15]]": 0.7228, "[[0, 1], [2, 3]]": 0.5021, "[[0], [1]]": 0.7106}, "Layer2": {"[[0, 1, 2, 3, 4, 5, 6, 7], [8, 9, 10, 11, 12, 13, 14, 15]]": 0.5063, "[[0, 1], [2, 3]]": 0.4945, "[[0], [1]]": 0.4985}, "Layer3": {"[[0, 1, 2, 3, 4, 5, 6, 7], [8, 9, 10, 11, 12, 13, 14, 15]]": 0.4835, "[[0, 1], [2, 3]]": 0.4823, "[[0], [1]]": 0.4984}}, {"accuracy": 0.5097, "Layer1": {"[[0, 1, 2, 3, 4, 5, 6, 7], [8, 9, 10, 11, 12, 13, 14, 15]]": 0.7536, "[[0, 1], [2, 3]]": 0.7528, "[[0], [1]]": 0.7379}, "Layer2": {"[[0, 1, 2, 3, 4, 5, 6, 7], [8, 9, 10, 11, 12, 13, 14, 15]]": 0.6412, "[[0, 1], [2, 3]]": 0.624, "[[0], [1]]": 0.5873}, "Layer3": {"[[0, 1, 2, 3, 4, 5, 6, 7], [8, 9, 10, 11, 12, 13, 14, 15]]": 0.4989, "[[0, 1], [2, 3]]": 0.5003, "[[0], [1]]": 0.5004}}, {"accuracy": 0.6005, "Layer1": {"[[0, 1, 2, 3, 4, 5, 6, 7], [8, 9, 10, 11, 12, 13, 14, 15]]": 0.8369, "[[0, 1], [2, 3]]": 0.8062, "[[0], [1]]": 0.8045}, "Layer2": {"[[0, 1, 2, 3, 4, 5, 6, 7], [8, 9, 10, 11, 12, 13, 14, 15]]": 0.7042, "[[0, 1], [2, 3]]": 0.7011, "[[0], [1]]": 0.6966}, "Layer3": {"[[0, 1, 2, 3, 4, 5, 6, 7], [8, 9, 10, 11, 12, 13, 14, 15]]": 0.5802, "[[0, 1], [2, 3]]": 0.6055, "[[0], [1]]": 0.6055}}, {"accuracy": 0.6359, "Layer1": {"[[0, 1, 2, 3, 4, 5, 6, 7], [8, 9, 10, 11, 12, 13, 14, 15]]": 0.8592, "[[0, 1], [2, 3]]": 0.8671, "[[0], [1]]": 0.8417}, "Layer2": {"[[0, 1, 2, 3, 4, 5, 6, 7], [8, 9, 10, 11, 12, 13, 14, 15]]": 0.7545, "[[0, 1], [2, 3]]": 0.7589, "[[0], [1]]": 0.7329}, "Layer3": {"[[0, 1, 2, 3, 4, 5, 6, 7], [8, 9, 10, 11, 12, 13, 14, 15]]": 0.6469, "[[0, 1], [2, 3]]": 0.6428, "[[0], [1]]": 0.6371}}, {"accuracy": 0.7076, "Layer1": {"[[0, 1, 2, 3, 4, 5, 6, 7], [8, 9, 10, 11, 12, 13, 14, 15]]": 0.897, "[[0, 1], [2, 3]]": 0.894, "[[0], [1]]": 0.8532}, "Layer2": {"[[0, 1, 2, 3, 4, 5, 6, 7], [8, 9, 10, 11, 12, 13, 14, 15]]": 0.77, "[[0, 1], [2, 3]]": 0.7676, "[[0], [1]]": 0.7476}, "Layer3": {"[[0, 1, 2, 3, 4, 5, 6, 7], [8, 9, 10, 11, 12, 13, 14, 15]]": 0.6522, "[[0, 1], [2, 3]]": 0.6769, "[[0], [1]]": 0.686}}, {"accuracy": 0.7592, "Layer1": {"[[0, 1, 2, 3, 4, 5, 6, 7], [8, 9, 10, 11, 12, 13, 14, 15]]": 0.9319, "[[0, 1], [2, 3]]": 0.9354, "[[0], [1]]": 0.9284}, "Layer2": {"[[0, 1, 2, 3, 4, 5, 6, 7], [8, 9, 10, 11, 12, 13, 14, 15]]": 0.7923, "[[0, 1], [2, 3]]": 0.79, "[[0], [1]]": 0.7354}, "Layer3": {"[[0, 1, 2, 3, 4, 5, 6, 7], [8, 9, 10, 11, 12, 13, 14, 15]]": 0.71, "[[0, 1], [2, 3]]": 0.7083, "[[0], [1]]": 0.7095}}, {"accuracy": 0.806, "Layer1": {"[[0, 1, 2, 3, 4, 5, 6, 7], [8, 9, 10, 11, 12, 13, 14, 15]]": 0.9502, "[[0, 1], [2, 3]]": 0.9536, "[[0], [1]]": 0.9505}, "Layer2": {"[[0, 1, 2, 3, 4, 5, 6, 7], [8, 9, 10, 11, 12, 13, 14, 15]]": 0.8372, "[[0, 1], [2, 3]]": 0.8278, "[[0], [1]]": 0.824}, "Layer3": {"[[0, 1, 2, 3, 4, 5, 6, 7], [8, 9, 10, 11, 12, 13, 14, 15]]": 0.7583, "[[0, 1], [2, 3]]": 0.7743, "[[0], [1]]": 0.7675}}, {"accuracy": 0.8348, "Layer1": {"[[0, 1, 2, 3, 4, 5, 6, 7], [8, 9, 10, 11, 12, 13, 14, 15]]": 0.9652, "[[0, 1], [2, 3]]": 0.9651, "[[0], [1]]": 0.9636}, "Layer2": {"[[0, 1, 2, 3, 4, 5, 6, 7], [8, 9, 10, 11, 12, 13, 14, 15]]": 0.8642, "[[0, 1], [2, 3]]": 0.8578, "[[0], [1]]": 0.8644}, "Layer3": {"[[0, 1, 2, 3, 4, 5, 6, 7], [8, 9, 10, 11, 12, 13, 14, 15]]": 0.8188, "[[0, 1], [2, 3]]": 0.8187, "[[0], [1]]": 0.8245}}, {"accuracy": 0.8557, "Layer1": {"[[0, 1, 2, 3, 4, 5, 6, 7], [8, 9, 10, 11, 12, 13, 14, 15]]": 0.9763, "[[0, 1], [2, 3]]": 0.9788, "[[0], [1]]": 0.9683}, "Layer2": {"[[0, 1, 2, 3, 4, 5, 6, 7], [8, 9, 10, 11, 12, 13, 14, 15]]": 0.8798, "[[0, 1], [2, 3]]": 0.9016, "[[0], [1]]": 0.8877}, "Layer3": {"[[0, 1, 2, 3, 4, 5, 6, 7], [8, 9, 10, 11, 12, 13, 14, 15]]": 0.8501, "[[0, 1], [2, 3]]": 0.8405, "[[0], [1]]": 0.8487}}, {"accuracy": 0.874, "Layer1": {"[[0, 1, 2, 3, 4, 5, 6, 7], [8, 9, 10, 11, 12, 13, 14, 15]]": 0.9817, "[[0, 1], [2, 3]]": 0.9775, "[[0], [1]]": 0.9786}, "Layer2": {"[[0, 1, 2, 3, 4, 5, 6, 7], [8, 9, 10, 11, 12, 13, 14, 15]]": 0.9046, "[[0, 1], [2, 3]]": 0.9075, "[[0], [1]]": 0.9053}, "Layer3": {"[[0, 1, 2, 3, 4, 5, 6, 7], [8, 9, 10, 11, 12, 13, 14, 15]]": 0.8696, "[[0, 1], [2, 3]]": 0.8683, "[[0], [1]]": 0.8579}}, {"accuracy": 0.8914, "Layer1": {"[[0, 1, 2, 3, 4, 5, 6, 7], [8, 9, 10, 11, 12, 13, 14, 15]]": 0.9869, "[[0, 1], [2, 3]]": 0.9867, "[[0], [1]]": 0.9859}, "Layer2": {"[[0, 1, 2, 3, 4, 5, 6, 7], [8, 9, 10, 11, 12, 13, 14, 15]]": 0.926, "[[0, 1], [2, 3]]": 0.9241, "[[0], [1]]": 0.9276}, "Layer3": {"[[0, 1, 2, 3, 4, 5, 6, 7], [8, 9, 10, 11, 12, 13, 14, 15]]": 0.9056, "[[0, 1], [2, 3]]": 0.8914, "[[0], [1]]": 0.8972}}, {"accuracy": 0.9068, "Layer1": {"[[0, 1, 2, 3, 4, 5, 6, 7], [8, 9, 10, 11, 12, 13, 14, 15]]": 0.9867, "[[0, 1], [2, 3]]": 0.9873, "[[0], [1]]": 0.9901}, "Layer2": {"[[0, 1, 2, 3, 4, 5, 6, 7], [8, 9, 10, 11, 12, 13, 14, 15]]": 0.9425, "[[0, 1], [2, 3]]": 0.9491, "[[0], [1]]": 0.9237}, "Layer3": {"[[0, 1, 2, 3, 4, 5, 6, 7], [8, 9, 10, 11, 12, 13, 14, 15]]": 0.9232, "[[0, 1], [2, 3]]": 0.8954, "[[0], [1]]": 0.9086}}, {"accuracy": 0.9212, "Layer1": {"[[0, 1, 2, 3, 4, 5, 6, 7], [8, 9, 10, 11, 12, 13, 14, 15]]": 0.9909, "[[0, 1], [2, 3]]": 0.9888, "[[0], [1]]": 0.9882}, "Layer2": {"[[0, 1, 2, 3, 4, 5, 6, 7], [8, 9, 10, 11, 12, 13, 14, 15]]": 0.9604, "[[0, 1], [2, 3]]": 0.9581, "[[0], [1]]": 0.9632}, "Layer3": {"[[0, 1, 2, 3, 4, 5, 6, 7], [8, 9, 10, 11, 12, 13, 14, 15]]": 0.9378, "[[0, 1], [2, 3]]": 0.9282, "[[0], [1]]": 0.917}}, {"accuracy": 0.934, "Layer1": {"[[0, 1, 2, 3, 4, 5, 6, 7], [8, 9, 10, 11, 12, 13, 14, 15]]": 0.9926, "[[0, 1], [2, 3]]": 0.9914, "[[0], [1]]": 0.9802}, "Layer2": {"[[0, 1, 2, 3, 4, 5, 6, 7], [8, 9, 10, 11, 12, 13, 14, 15]]": 0.9687, "[[0, 1], [2, 3]]": 0.9737, "[[0], [1]]": 0.9679}, "Layer3": {"[[0, 1, 2, 3, 4, 5, 6, 7], [8, 9, 10, 11, 12, 13, 14, 15]]": 0.9491, "[[0, 1], [2, 3]]": 0.9404, "[[0], [1]]": 0.9524}}, {"accuracy": 0.9453, "Layer1": {"[[0, 1, 2, 3, 4, 5, 6, 7], [8, 9, 10, 11, 12, 13, 14, 15]]": 0.9941, "[[0, 1], [2, 3]]": 0.9924, "[[0], [1]]": 0.9924}, "Layer2": {"[[0, 1, 2, 3, 4, 5, 6, 7], [8, 9, 10, 11, 12, 13, 14, 15]]": 0.9784, "[[0, 1], [2, 3]]": 0.972, "[[0], [1]]": 0.9676}, "Layer3": {"[[0, 1, 2, 3, 4, 5, 6, 7], [8, 9, 10, 11, 12, 13, 14, 15]]": 0.9621, "[[0, 1], [2, 3]]": 0.9597, "[[0], [1]]": 0.9565}}, {"accuracy": 0.9538, "Layer1": {"[[0, 1, 2, 3, 4, 5, 6, 7], [8, 9, 10, 11, 12, 13, 14, 15]]": 0.9919, "[[0, 1], [2, 3]]": 0.9951, "[[0], [1]]": 0.9792}, "Layer2": {"[[0, 1, 2, 3, 4, 5, 6, 7], [8, 9, 10, 11, 12, 13, 14, 15]]": 0.9814, "[[0, 1], [2, 3]]": 0.9803, "[[0], [1]]": 0.9744}, "Layer3": {"[[0, 1, 2, 3, 4, 5, 6, 7], [8, 9, 10, 11, 12, 13, 14, 15]]": 0.9556, "[[0, 1], [2, 3]]": 0.961, "[[0], [1]]": 0.9592}}, {"accuracy": 0.9592, "Layer1": {"[[0, 1, 2, 3, 4, 5, 6, 7], [8, 9, 10, 11, 12, 13, 14, 15]]": 0.994, "[[0, 1], [2, 3]]": 0.9914, "[[0], [1]]": 0.9809}, "Layer2": {"[[0, 1, 2, 3, 4, 5, 6, 7], [8, 9, 10, 11, 12, 13, 14, 15]]": 0.9847, "[[0, 1], [2, 3]]": 0.9806, "[[0], [1]]": 0.9819}, "Layer3": {"[[0, 1, 2, 3, 4, 5, 6, 7], [8, 9, 10, 11, 12, 13, 14, 15]]": 0.9754, "[[0, 1], [2, 3]]": 0.9548, "[[0], [1]]": 0.9519}}], [{"accuracy": 0.5005, "Layer1": {"[[0, 1, 2, 3, 4, 5, 6, 7], [8, 9, 10, 11, 12, 13, 14, 15]]": 0.4883, "[[0, 1], [2, 3]]": 0.508, "[[0], [1]]": 0.4957}, "Layer2": {"[[0, 1, 2, 3, 4, 5, 6, 7], [8, 9, 10, 11, 12, 13, 14, 15]]": 0.5, "[[0, 1], [2, 3]]": 0.4946, "[[0], [1]]": 0.4985}, "Layer3": {"[[0, 1, 2, 3, 4, 5, 6, 7], [8, 9, 10, 11, 12, 13, 14, 15]]": 0.4918, "[[0, 1], [2, 3]]": 0.497, "[[0], [1]]": 0.4936}}, {"accuracy": 0.5047, "Layer1": {"[[0, 1, 2, 3, 4, 5, 6, 7], [8, 9, 10, 11, 12, 13, 14, 15]]": 0.6326, "[[0, 1], [2, 3]]": 0.6528, "[[0], [1]]": 0.6773}, "Layer2": {"[[0, 1, 2, 3, 4, 5, 6, 7], [8, 9, 10, 11, 12, 13, 14, 15]]": 0.5748, "[[0, 1], [2, 3]]": 0.5623, "[[0], [1]]": 0.521}, "Layer3": {"[[0, 1, 2, 3, 4, 5, 6, 7], [8, 9, 10, 11, 12, 13, 14, 15]]": 0.5065, "[[0, 1], [2, 3]]": 0.5093, "[[0], [1]]": 0.5042}}, {"accuracy": 0.5143, "Layer1": {"[[0, 1, 2, 3, 4, 5, 6, 7], [8, 9, 10, 11, 12, 13, 14, 15]]": 0.7386, "[[0, 1], [2, 3]]": 0.7362, "[[0], [1]]": 0.737}, "Layer2": {"[[0, 1, 2, 3, 4, 5, 6, 7], [8, 9, 10, 11, 12, 13, 14, 15]]": 0.5882, "[[0, 1], [2, 3]]": 0.5935, "[[0], [1]]": 0.5937}, "Layer3": {"[[0, 1, 2, 3, 4, 5, 6, 7], [8, 9, 10, 11, 12, 13, 14, 15]]": 0.5247, "[[0, 1], [2, 3]]": 0.4986, "[[0], [1]]": 0.495}}, {"accuracy": 0.6172, "Layer1": {"[[0, 1, 2, 3, 4, 5, 6, 7], [8, 9, 10, 11, 12, 13, 14, 15]]": 0.7944, "[[0, 1], [2, 3]]": 0.8039, "[[0], [1]]": 0.783}, "Layer2": {"[[0, 1, 2, 3, 4, 5, 6, 7], [8, 9, 10, 11, 12, 13, 14, 15]]": 0.7073, "[[0, 1], [2, 3]]": 0.7098, "[[0], [1]]": 0.729}, "Layer3": {"[[0, 1, 2, 3, 4, 5, 6, 7], [8, 9, 10, 11, 12, 13, 14, 15]]": 0.5892, "[[0, 1], [2, 3]]": 0.6357, "[[0], [1]]": 0.5903}}, {"accuracy": 0.6902, "Layer1": {"[[0, 1, 2, 3, 4, 5, 6, 7], [8, 9, 10, 11, 12, 13, 14, 15]]": 0.8965, "[[0, 1], [2, 3]]": 0.8968, "[[0], [1]]": 0.8916}, "Layer2": {"[[0, 1, 2, 3, 4, 5, 6, 7], [8, 9, 10, 11, 12, 13, 14, 15]]": 0.8186, "[[0, 1], [2, 3]]": 0.8331, "[[0], [1]]": 0.8225}, "Layer3": {"[[0, 1, 2, 3, 4, 5, 6, 7], [8, 9, 10, 11, 12, 13, 14, 15]]": 0.6561, "[[0, 1], [2, 3]]": 0.6466, "[[0], [1]]": 0.6386}}, {"accuracy": 0.7196, "Layer1": {"[[0, 1, 2, 3, 4, 5, 6, 7], [8, 9, 10, 11, 12, 13, 14, 15]]": 0.9612, "[[0, 1], [2, 3]]": 0.9616, "[[0], [1]]": 0.9529}, "Layer2": {"[[0, 1, 2, 3, 4, 5, 6, 7], [8, 9, 10, 11, 12, 13, 14, 15]]": 0.8702, "[[0, 1], [2, 3]]": 0.8885, "[[0], [1]]": 0.8788}, "Layer3": {"[[0, 1, 2, 3, 4, 5, 6, 7], [8, 9, 10, 11, 12, 13, 14, 15]]": 0.729, "[[0, 1], [2, 3]]": 0.7137, "[[0], [1]]": 0.6479}}, {"accuracy": 0.7845, "Layer1": {"[[0, 1, 2, 3, 4, 5, 6, 7], [8, 9, 10, 11, 12, 13, 14, 15]]": 0.9717, "[[0, 1], [2, 3]]": 0.969, "[[0], [1]]": 0.9668}, "Layer2": {"[[0, 1, 2, 3, 4, 5, 6, 7], [8, 9, 10, 11, 12, 13, 14, 15]]": 0.9209, "[[0, 1], [2, 3]]": 0.9123, "[[0], [1]]": 0.896}, "Layer3": {"[[0, 1, 2, 3, 4, 5, 6, 7], [8, 9, 10, 11, 12, 13, 14, 15]]": 0.7779, "[[0, 1], [2, 3]]": 0.7568, "[[0], [1]]": 0.7797}}, {"accuracy": 0.8058, "Layer1": {"[[0, 1, 2, 3, 4, 5, 6, 7], [8, 9, 10, 11, 12, 13, 14, 15]]": 0.9785, "[[0, 1], [2, 3]]": 0.9757, "[[0], [1]]": 0.9726}, "Layer2": {"[[0, 1, 2, 3, 4, 5, 6, 7], [8, 9, 10, 11, 12, 13, 14, 15]]": 0.9323, "[[0, 1], [2, 3]]": 0.9368, "[[0], [1]]": 0.927}, "Layer3": {"[[0, 1, 2, 3, 4, 5, 6, 7], [8, 9, 10, 11, 12, 13, 14, 15]]": 0.8233, "[[0, 1], [2, 3]]": 0.7808, "[[0], [1]]": 0.7903}}, {"accuracy": 0.8217, "Layer1": {"[[0, 1, 2, 3, 4, 5, 6, 7], [8, 9, 10, 11, 12, 13, 14, 15]]": 0.9849, "[[0, 1], [2, 3]]": 0.9776, "[[0], [1]]": 0.9824}, "Layer2": {"[[0, 1, 2, 3, 4, 5, 6, 7], [8, 9, 10, 11, 12, 13, 14, 15]]": 0.9503, "[[0, 1], [2, 3]]": 0.9471, "[[0], [1]]": 0.9377}, "Layer3": {"[[0, 1, 2, 3, 4, 5, 6, 7], [8, 9, 10, 11, 12, 13, 14, 15]]": 0.8129, "[[0, 1], [2, 3]]": 0.8256, "[[0], [1]]": 0.8147}}, {"accuracy": 0.8394, "Layer1": {"[[0, 1, 2, 3, 4, 5, 6, 7], [8, 9, 10, 11, 12, 13, 14, 15]]": 0.9835, "[[0, 1], [2, 3]]": 0.9817, "[[0], [1]]": 0.9817}, "Layer2": {"[[0, 1, 2, 3, 4, 5, 6, 7], [8, 9, 10, 11, 12, 13, 14, 15]]": 0.9546, "[[0, 1], [2, 3]]": 0.9512, "[[0], [1]]": 0.9509}, "Layer3": {"[[0, 1, 2, 3, 4, 5, 6, 7], [8, 9, 10, 11, 12, 13, 14, 15]]": 0.8569, "[[0, 1], [2, 3]]": 0.8556, "[[0], [1]]": 0.8636}}, {"accuracy": 0.8585, "Layer1": {"[[0, 1, 2, 3, 4, 5, 6, 7], [8, 9, 10, 11, 12, 13, 14, 15]]": 0.9849, "[[0, 1], [2, 3]]": 0.9796, "[[0], [1]]": 0.981}, "Layer2": {"[[0, 1, 2, 3, 4, 5, 6, 7], [8, 9, 10, 11, 12, 13, 14, 15]]": 0.9655, "[[0, 1], [2, 3]]": 0.9523, "[[0], [1]]": 0.9557}, "Layer3": {"[[0, 1, 2, 3, 4, 5, 6, 7], [8, 9, 10, 11, 12, 13, 14, 15]]": 0.8675, "[[0, 1], [2, 3]]": 0.8753, "[[0], [1]]": 0.8781}}, {"accuracy": 0.877, "Layer1": {"[[0, 1, 2, 3, 4, 5, 6, 7], [8, 9, 10, 11, 12, 13, 14, 15]]": 0.9879, "[[0, 1], [2, 3]]": 0.9833, "[[0], [1]]": 0.9858}, "Layer2": {"[[0, 1, 2, 3, 4, 5, 6, 7], [8, 9, 10, 11, 12, 13, 14, 15]]": 0.9605, "[[0, 1], [2, 3]]": 0.9667, "[[0], [1]]": 0.9651}, "Layer3": {"[[0, 1, 2, 3, 4, 5, 6, 7], [8, 9, 10, 11, 12, 13, 14, 15]]": 0.8991, "[[0, 1], [2, 3]]": 0.8967, "[[0], [1]]": 0.8963}}, {"accuracy": 0.8959, "Layer1": {"[[0, 1, 2, 3, 4, 5, 6, 7], [8, 9, 10, 11, 12, 13, 14, 15]]": 0.9902, "[[0, 1], [2, 3]]": 0.9877, "[[0], [1]]": 0.9861}, "Layer2": {"[[0, 1, 2, 3, 4, 5, 6, 7], [8, 9, 10, 11, 12, 13, 14, 15]]": 0.9765, "[[0, 1], [2, 3]]": 0.9691, "[[0], [1]]": 0.9706}, "Layer3": {"[[0, 1, 2, 3, 4, 5, 6, 7], [8, 9, 10, 11, 12, 13, 14, 15]]": 0.9355, "[[0, 1], [2, 3]]": 0.9287, "[[0], [1]]": 0.9222}}, {"accuracy": 0.9139, "Layer1": {"[[0, 1, 2, 3, 4, 5, 6, 7], [8, 9, 10, 11, 12, 13, 14, 15]]": 0.9899, "[[0, 1], [2, 3]]": 0.991, "[[0], [1]]": 0.9873}, "Layer2": {"[[0, 1, 2, 3, 4, 5, 6, 7], [8, 9, 10, 11, 12, 13, 14, 15]]": 0.9729, "[[0, 1], [2, 3]]": 0.979, "[[0], [1]]": 0.9696}, "Layer3": {"[[0, 1, 2, 3, 4, 5, 6, 7], [8, 9, 10, 11, 12, 13, 14, 15]]": 0.9463, "[[0, 1], [2, 3]]": 0.9356, "[[0], [1]]": 0.937}}, {"accuracy": 0.926, "Layer1": {"[[0, 1, 2, 3, 4, 5, 6, 7], [8, 9, 10, 11, 12, 13, 14, 15]]": 0.9919, "[[0, 1], [2, 3]]": 0.9926, "[[0], [1]]": 0.9913}, "Layer2": {"[[0, 1, 2, 3, 4, 5, 6, 7], [8, 9, 10, 11, 12, 13, 14, 15]]": 0.9815, "[[0, 1], [2, 3]]": 0.9744, "[[0], [1]]": 0.9758}, "Layer3": {"[[0, 1, 2, 3, 4, 5, 6, 7], [8, 9, 10, 11, 12, 13, 14, 15]]": 0.9526, "[[0, 1], [2, 3]]": 0.9433, "[[0], [1]]": 0.9397}}, {"accuracy": 0.9426, "Layer1": {"[[0, 1, 2, 3, 4, 5, 6, 7], [8, 9, 10, 11, 12, 13, 14, 15]]": 0.9918, "[[0, 1], [2, 3]]": 0.9911, "[[0], [1]]": 0.9884}, "Layer2": {"[[0, 1, 2, 3, 4, 5, 6, 7], [8, 9, 10, 11, 12, 13, 14, 15]]": 0.9853, "[[0, 1], [2, 3]]": 0.9835, "[[0], [1]]": 0.9794}, "Layer3": {"[[0, 1, 2, 3, 4, 5, 6, 7], [8, 9, 10, 11, 12, 13, 14, 15]]": 0.9604, "[[0, 1], [2, 3]]": 0.9578, "[[0], [1]]": 0.96}}, {"accuracy": 0.955, "Layer1": {"[[0, 1, 2, 3, 4, 5, 6, 7], [8, 9, 10, 11, 12, 13, 14, 15]]": 0.9935, "[[0, 1], [2, 3]]": 0.9943, "[[0], [1]]": 0.9946}, "Layer2": {"[[0, 1, 2, 3, 4, 5, 6, 7], [8, 9, 10, 11, 12, 13, 14, 15]]": 0.989, "[[0, 1], [2, 3]]": 0.9868, "[[0], [1]]": 0.9896}, "Layer3": {"[[0, 1, 2, 3, 4, 5, 6, 7], [8, 9, 10, 11, 12, 13, 14, 15]]": 0.9697, "[[0, 1], [2, 3]]": 0.9705, "[[0], [1]]": 0.9592}}]]