[[{"accuracy": 0.4967, "Layer1": {"[[0, 1, 2, 3, 4, 5, 6, 7], [8, 9, 10, 11, 12, 13, 14, 15]]": 0.4925, "[[0, 1], [2, 3]]": 0.4925, "[[0], [1]]": 0.4925}, "Layer2": {"[[0, 1, 2, 3, 4, 5, 6, 7], [8, 9, 10, 11, 12, 13, 14, 15]]": 0.4925, "[[0, 1], [2, 3]]": 0.4925, "[[0], [1]]": 0.4925}, "Layer3": {"[[0, 1, 2, 3, 4, 5, 6, 7], [8, 9, 10, 11, 12, 13, 14, 15]]": 0.4925, "[[0, 1], [2, 3]]": 0.4925, "[[0], [1]]": 0.4925}}, {"accuracy": 0.5007, "Layer1": {"[[0, 1, 2, 3, 4, 5, 6, 7], [8, 9, 10, 11, 12, 13, 14, 15]]": 0.501, "[[0, 1], [2, 3]]": 0.5042, "[[0], [1]]": 0.4963}, "Layer2": {"[[0, 1, 2, 3, 4, 5, 6, 7], [8, 9, 10, 11, 12, 13, 14, 15]]": 0.5001, "[[0, 1], [2, 3]]": 0.497, "[[0], [1]]": 0.4987}, "Layer3": {"[[0, 1, 2, 3, 4, 5, 6, 7], [8, 9, 10, 11, 12, 13, 14, 15]]": 0.4989, "[[0, 1], [2, 3]]": 0.4986, "[[0], [1]]": 0.5015}}, {"accuracy": 0.5955, "Layer1": {"[[0, 1, 2, 3, 4, 5, 6, 7], [8, 9, 10, 11, 12, 13, 14, 15]]": 0.5448, "[[0, 1], [2, 3]]": 0.5378, "[[0], [1]]": 0.5313}, "Layer2": {"[[0, 1, 2, 3, 4, 5, 6, 7], [8, 9, 10, 11, 12, 13, 14, 15]]": 0.5093, "[[0, 1], [2, 3]]": 0.5072, "[[0], [1]]": 0.5142}, "Layer3": {"[[0, 1, 2, 3, 4, 5, 6, 7], [8, 9, 10, 11, 12, 13, 14, 15]]": 0.5063, "[[0, 1], [2, 3]]": 0.5043, "[[0], [1]]": 0.505}}, {"accuracy": 0.6273, "Layer1": {"[[0, 1, 2, 3, 4, 5, 6, 7], [8, 9, 10, 11, 12, 13, 14, 15]]": 0.5555, "[[0, 1], [2, 3]]": 0.5484, "[[0], [1]]": 0.5412}, "Layer2": {"[[0, 1, 2, 3, 4, 5, 6, 7], [8, 9, 10, 11, 12, 13, 14, 15]]": 0.5072, "[[0, 1], [2, 3]]": 0.5086, "[[0], [1]]": 0.5024}, "Layer3": {"[[0, 1, 2, 3, 4, 5, 6, 7], [8, 9, 10, 11, 12, 13, 14, 15]]": 0.4985, "[[0, 1], [2, 3]]": 0.496, "[[0], [1]]": 0.4967}}, {"accuracy": 0.6825, "Layer1": {"[[0, 1, 2, 3, 4, 5, 6, 7], [8, 9, 10, 11, 12, 13, 14, 15]]": 0.5975, "[[0, 1], [2, 3]]": 0.5905, "[[0], [1]]": 0.5666}, "Layer2": {"[[0, 1, 2, 3, 4, 5, 6, 7], [8, 9, 10, 11, 12, 13, 14, 15]]": 0.4951, "[[0, 1], [2, 3]]": 0.4939, "[[0], [1]]": 0.5083}, "Layer3": {"[[0, 1, 2, 3, 4, 5, 6, 7], [8, 9, 10, 11, 12, 13, 14, 15]]": 0.4799, "[[0, 1], [2, 3]]": 0.4793, "[[0], [1]]": 0.484}}, {"accuracy": 0.7494, "Layer1": {"[[0, 1, 2, 3, 4, 5, 6, 7], [8, 9, 10, 11, 12, 13, 14, 15]]": 0.6589, "[[0, 1], [2, 3]]": 0.6444, "[[0], [1]]": 0.6216}, "Layer2": {"[[0, 1, 2, 3, 4, 5, 6, 7], [8, 9, 10, 11, 12, 13, 14, 15]]": 0.5181, "[[0, 1], [2, 3]]": 0.5006, "[[0], [1]]": 0.5156}, "Layer3": {"[[0, 1, 2, 3, 4, 5, 6, 7], [8, 9, 10, 11, 12, 13, 14, 15]]": 0.474, "[[0, 1], [2, 3]]": 0.475, "[[0], [1]]": 0.4738}}, {"accuracy": 0.8472, "Layer1": {"[[0, 1, 2, 3, 4, 5, 6, 7], [8, 9, 10, 11, 12, 13, 14, 15]]": 0.721, "[[0, 1], [2, 3]]": 0.6969, "[[0], [1]]": 0.6767}, "Layer2": {"[[0, 1, 2, 3, 4, 5, 6, 7], [8, 9, 10, 11, 12, 13, 14, 15]]": 0.5399, "[[0, 1], [2, 3]]": 0.5365, "[[0], [1]]": 0.5121}, "Layer3": {"[[0, 1, 2, 3, 4, 5, 6, 7], [8, 9, 10, 11, 12, 13, 14, 15]]": 0.4812, "[[0, 1], [2, 3]]": 0.4809, "[[0], [1]]": 0.4803}}, {"accuracy": 0.9131, "Layer1": {"[[0, 1, 2, 3, 4, 5, 6, 7], [8, 9, 10, 11, 12, 13, 14, 15]]": 0.7913, "[[0, 1], [2, 3]]": 0.7251, "[[0], [1]]": 0.7029}, "Layer2": {"[[0, 1, 2, 3, 4, 5, 6, 7], [8, 9, 10, 11, 12, 13, 14, 15]]": 0.5579, "[[0, 1], [2, 3]]": 0.5584, "[[0], [1]]": 0.5206}, "Layer3": {"[[0, 1, 2, 3, 4, 5, 6, 7], [8, 9, 10, 11, 12, 13, 14, 15]]": 0.4966, "[[0, 1], [2, 3]]": 0.4931, "[[0], [1]]": 0.4989}}, {"accuracy": 0.9452, "Layer1": {"[[0, 1, 2, 3, 4, 5, 6, 7], [8, 9, 10, 11, 12, 13, 14, 15]]": 0.8399, "[[0, 1], [2, 3]]": 0.7424, "[[0], [1]]": 0.6997}, "Layer2": {"[[0, 1, 2, 3, 4, 5, 6, 7], [8, 9, 10, 11, 12, 13, 14, 15]]": 0.5898, "[[0, 1], [2, 3]]": 0.5758, "[[0], [1]]": 0.5146}, "Layer3": {"[[0, 1, 2, 3, 4, 5, 6, 7], [8, 9, 10, 11, 12, 13, 14, 15]]": 0.5106, "[[0, 1], [2, 3]]": 0.5018, "[[0], [1]]": 0.4997}}, {"accuracy": 0.9613, "Layer1": {"[[0, 1, 2, 3, 4, 5, 6, 7], [8, 9, 10, 11, 12, 13, 14, 15]]": 0.8649, "[[0, 1], [2, 3]]": 0.7527, "[[0], [1]]": 0.6474}, "Layer2": {"[[0, 1, 2, 3, 4, 5, 6, 7], [8, 9, 10, 11, 12, 13, 14, 15]]": 0.6058, "[[0, 1], [2, 3]]": 0.5931, "[[0], [1]]": 0.5208}, "Layer3": {"[[0, 1, 2, 3, 4, 5, 6, 7], [8, 9, 10, 11, 12, 13, 14, 15]]": 0.5203, "[[0, 1], [2, 3]]": 0.5081, "[[0], [1]]": 0.501}}, {"accuracy": 0.9777, "Layer1": {"[[0, 1, 2, 3, 4, 5, 6, 7], [8, 9, 10, 11, 12, 13, 14, 15]]": 0.8723, "[[0, 1], [2, 3]]": 0.7581, "[[0], [1]]": 0.6733}, "Layer2": {"[[0, 1, 2, 3, 4, 5, 6, 7], [8, 9, 10, 11, 12, 13, 14, 15]]": 0.6095, "[[0, 1], [2, 3]]": 0.5197, "[[0], [1]]": 0.5345}, "Layer3": {"[[0, 1, 2, 3, 4, 5, 6, 7], [8, 9, 10, 11, 12, 13, 14, 15]]": 0.5017, "[[0, 1], [2, 3]]": 0.511, "[[0], [1]]": 0.543}}, {"accuracy": 0.9853, "Layer1": {"[[0, 1, 2, 3, 4, 5, 6, 7], [8, 9, 10, 11, 12, 13, 14, 15]]": 0.8829, "[[0, 1], [2, 3]]": 0.7724, "[[0], [1]]": 0.6802}, "Layer2": {"[[0, 1, 2, 3, 4, 5, 6, 7], [8, 9, 10, 11, 12, 13, 14, 15]]": 0.6229, "[[0, 1], [2, 3]]": 0.6042, "[[0], [1]]": 0.5304}, "Layer3": {"[[0, 1, 2, 3, 4, 5, 6, 7], [8, 9, 10, 11, 12, 13, 14, 15]]": 0.5073, "[[0, 1], [2, 3]]": 0.5096, "[[0], [1]]": 0.5052}}, {"accuracy": 0.9901, "Layer1": {"[[0, 1, 2, 3, 4, 5, 6, 7], [8, 9, 10, 11, 12, 13, 14, 15]]": 0.8772, "[[0, 1], [2, 3]]": 0.78, "[[0], [1]]": 0.6879}, "Layer2": {"[[0, 1, 2, 3, 4, 5, 6, 7], [8, 9, 10, 11, 12, 13, 14, 15]]": 0.4812, "[[0, 1], [2, 3]]": 0.5103, "[[0], [1]]": 0.5326}, "Layer3": {"[[0, 1, 2, 3, 4, 5, 6, 7], [8, 9, 10, 11, 12, 13, 14, 15]]": 0.5122, "[[0, 1], [2, 3]]": 0.5068, "[[0], [1]]": 0.5002}}, {"accuracy": 0.9935, "Layer1": {"[[0, 1, 2, 3, 4, 5, 6, 7], [8, 9, 10, 11, 12, 13, 14, 15]]": 0.8902, "[[0, 1], [2, 3]]": 0.7901, "[[0], [1]]": 0.7464}, "Layer2": {"[[0, 1, 2, 3, 4, 5, 6, 7], [8, 9, 10, 11, 12, 13, 14, 15]]": 0.5036, "[[0, 1], [2, 3]]": 0.6105, "[[0], [1]]": 0.5321}, "Layer3": {"[[0, 1, 2, 3, 4, 5, 6, 7], [8, 9, 10, 11, 12, 13, 14, 15]]": 0.514, "[[0, 1], [2, 3]]": 0.5061, "[[0], [1]]": 0.5517}}, {"accuracy": 0.9956, "Layer1": {"[[0, 1, 2, 3, 4, 5, 6, 7], [8, 9, 10, 11, 12, 13, 14, 15]]": 0.8915, "[[0, 1], [2, 3]]": 0.5462, "[[0], [1]]": 0.7068}, "Layer2": {"[[0, 1, 2, 3, 4, 5, 6, 7], [8, 9, 10, 11, 12, 13, 14, 15]]": 0.6284, "[[0, 1], [2, 3]]": 0.613, "[[0], [1]]": 0.5408}, "Layer3": {"[[0, 1, 2, 3, 4, 5, 6, 7], [8, 9, 10, 11, 12, 13, 14, 15]]": 0.5068, "[[0, 1], [2, 3]]": 0.5287, "[[0], [1]]": 0.5057}}, {"accuracy": 0.9968, "Layer1": {"[[0, 1, 2, 3, 4, 5, 6, 7], [8, 9, 10, 11, 12, 13, 14, 15]]": 0.8987, "[[0, 1], [2, 3]]": 0.8001, "[[0], [1]]": 0.7722}, "Layer2": {"[[0, 1, 2, 3, 4, 5, 6, 7], [8, 9, 10, 11, 12, 13, 14, 15]]": 0.6158, "[[0, 1], [2, 3]]": 0.5118, "[[0], [1]]": 0.495}, "Layer3": {"[[0, 1, 2, 3, 4, 5, 6, 7], [8, 9, 10, 11, 12, 13, 14, 15]]": 0.5145, "[[0, 1], [2, 3]]": 0.5123, "[[0], [1]]": 0.502}}, {"accuracy": 0.9972, "Layer1": {"[[0, 1, 2, 3, 4, 5, 6, 7], [8, 9, 10, 11, 12, 13, 14, 15]]": 0.8995, "[[0, 1], [2, 3]]": 0.8004, "[[0], [1]]": 0.7797}, "Layer2": {"[[0, 1, 2, 3, 4, 5, 6, 7], [8, 9, 10, 11, 12, 13, 14, 15]]": 0.6296, "[[0, 1], [2, 3]]": 0.6173, "[[0], [1]]": 0.5383}, "Layer3": {"[[0, 1, 2, 3, 4, 5, 6, 7], [8, 9, 10, 11, 12, 13, 14, 15]]": 0.5072, "[[0, 1], [2, 3]]": 0.5517, "[[0], [1]]": 0.5012}}], [{"accuracy": 0.4831, "Layer1": {"[[0, 1, 2, 3, 4, 5, 6, 7], [8, 9, 10, 11, 12, 13, 14, 15]]": 0.4884, "[[0, 1], [2, 3]]": 0.4884, "[[0], [1]]": 0.4884}, "Layer2": {"[[0, 1, 2, 3, 4, 5, 6, 7], [8, 9, 10, 11, 12, 13, 14, 15]]": 0.4884, "[[0, 1], [2, 3]]": 0.4884, "[[0], [1]]": 0.4884}, "Layer3": {"[[0, 1, 2, 3, 4, 5, 6, 7], [8, 9, 10, 11, 12, 13, 14, 15]]": 0.4884, "[[0, 1], [2, 3]]": 0.4884, "[[0], [1]]": 0.4884}}, {"accuracy": 0.5018, "Layer1": {"[[0, 1, 2, 3, 4, 5, 6, 7], [8, 9, 10, 11, 12, 13, 14, 15]]": 0.4926, "[[0, 1], [2, 3]]": 0.4991, "[[0], [1]]": 0.4952}, "Layer2": {"[[0, 1, 2, 3, 4, 5, 6, 7], [8, 9, 10, 11, 12, 13, 14, 15]]": 0.496, "[[0, 1], [2, 3]]": 0.4953, "[[0], [1]]": 0.4893}, "Layer3": {"[[0, 1, 2, 3, 4, 5, 6, 7], [8, 9, 10, 11, 12, 13, 14, 15]]": 0.4936, "[[0, 1], [2, 3]]": 0.494, "[[0], [1]]": 0.4891}}, {"accuracy": 0.5554, "Layer1": {"[[0, 1, 2, 3, 4, 5, 6, 7], [8, 9, 10, 11, 12, 13, 14, 15]]": 0.5057, "[[0, 1], [2, 3]]": 0.5021, "[[0], [1]]": 0.5018}, "Layer2": {"[[0, 1, 2, 3, 4, 5, 6, 7], [8, 9, 10, 11, 12, 13, 14, 15]]": 0.4916, "[[0, 1], [2, 3]]": 0.4922, "[[0], [1]]": 0.4912}, "Layer3": {"[[0, 1, 2, 3, 4, 5, 6, 7], [8, 9, 10, 11, 12, 13, 14, 15]]": 0.4954, "[[0, 1], [2, 3]]": 0.4934, "[[0], [1]]": 0.4942}}, {"accuracy": 0.6658, "Layer1": {"[[0, 1, 2, 3, 4, 5, 6, 7], [8, 9, 10, 11, 12, 13, 14, 15]]": 0.524, "[[0, 1], [2, 3]]": 0.5294, "[[0], [1]]": 0.5229}, "Layer2": {"[[0, 1, 2, 3, 4, 5, 6, 7], [8, 9, 10, 11, 12, 13, 14, 15]]": 0.4982, "[[0, 1], [2, 3]]": 0.4957, "[[0], [1]]": 0.4986}, "Layer3": {"[[0, 1, 2, 3, 4, 5, 6, 7], [8, 9, 10, 11, 12, 13, 14, 15]]": 0.4983, "[[0, 1], [2, 3]]": 0.4966, "[[0], [1]]": 0.4979}}, {"accuracy": 0.7078, "Layer1": {"[[0, 1, 2, 3, 4, 5, 6, 7], [8, 9, 10, 11, 12, 13, 14, 15]]": 0.5493, "[[0, 1], [2, 3]]": 0.5458, "[[0], [1]]": 0.543}, "Layer2": {"[[0, 1, 2, 3, 4, 5, 6, 7], [8, 9, 10, 11, 12, 13, 14, 15]]": 0.4741, "[[0, 1], [2, 3]]": 0.4763, "[[0], [1]]": 0.4798}, "Layer3": {"[[0, 1, 2, 3, 4, 5, 6, 7], [8, 9, 10, 11, 12, 13, 14, 15]]": 0.4741, "[[0, 1], [2, 3]]": 0.4736, "[[0], [1]]": 0.4743}}, {"accuracy": 0.7789, "Layer1": {"[[0, 1, 2, 3, 4, 5, 6, 7], [8, 9, 10, 11, 12, 13, 14, 15]]": 0.5997, "[[0, 1], [2, 3]]": 0.5839, "[[0], [1]]": 0.5852}, "Layer2": {"[[0, 1, 2, 3, 4, 5, 6, 7], [8, 9, 10, 11, 12, 13, 14, 15]]": 0.4775, "[[0, 1], [2, 3]]": 0.4849, "[[0], [1]]": 0.4773}, "Layer3": {"[[0, 1, 2, 3, 4, 5, 6, 7], [8, 9, 10, 11, 12, 13, 14, 15]]": 0.4733, "[[0, 1], [2, 3]]": 0.4721, "[[0], [1]]": 0.4746}}, {"accuracy": 0.8287, "Layer1": {"[[0, 1, 2, 3, 4, 5, 6, 7], [8, 9, 10, 11, 12, 13, 14, 15]]": 0.6171, "[[0, 1], [2, 3]]": 0.6099, "[[0], [1]]": 0.6082}, "Layer2": {"[[0, 1, 2, 3, 4, 5, 6, 7], [8, 9, 10, 11, 12, 13, 14, 15]]": 0.4815, "[[0, 1], [2, 3]]": 0.4835, "[[0], [1]]": 0.4773}, "Layer3": {"[[0, 1, 2, 3, 4, 5, 6, 7], [8, 9, 10, 11, 12, 13, 14, 15]]": 0.4762, "[[0, 1], [2, 3]]": 0.4753, "[[0], [1]]": 0.4731}}, {"accuracy": 0.8651, "Layer1": {"[[0, 1, 2, 3, 4, 5, 6, 7], [8, 9, 10, 11, 12, 13, 14, 15]]": 0.6434, "[[0, 1], [2, 3]]": 0.6398, "[[0], [1]]": 0.6339}, "Layer2": {"[[0, 1, 2, 3, 4, 5, 6, 7], [8, 9, 10, 11, 12, 13, 14, 15]]": 0.4851, "[[0, 1], [2, 3]]": 0.4879, "[[0], [1]]": 0.4913}, "Layer3": {"[[0, 1, 2, 3, 4, 5, 6, 7], [8, 9, 10, 11, 12, 13, 14, 15]]": 0.4852, "[[0, 1], [2, 3]]": 0.4849, "[[0], [1]]": 0.4853}}, {"accuracy": 0.8852, "Layer1": {"[[0, 1, 2, 3, 4, 5, 6, 7], [8, 9, 10, 11, 12, 13, 14, 15]]": 0.662, "[[0, 1], [2, 3]]": 0.6501, "[[0], [1]]": 0.6459}, "Layer2": {"[[0, 1, 2, 3, 4, 5, 6, 7], [8, 9, 10, 11, 12, 13, 14, 15]]": 0.492, "[[0, 1], [2, 3]]": 0.4906, "[[0], [1]]": 0.4894}, "Layer3": {"[[0, 1, 2, 3, 4, 5, 6, 7], [8, 9, 10, 11, 12, 13, 14, 15]]": 0.4897, "[[0, 1], [2, 3]]": 0.4886, "[[0], [1]]": 0.4885}}, {"accuracy": 0.9064, "Layer1": {"[[0, 1, 2, 3, 4, 5, 6, 7], [8, 9, 10, 11, 12, 13, 14, 15]]": 0.6618, "[[0, 1], [2, 3]]": 0.6647, "[[0], [1]]": 0.6588}, "Layer2": {"[[0, 1, 2, 3, 4, 5, 6, 7], [8, 9, 10, 11, 12, 13, 14, 15]]": 0.4882, "[[0, 1], [2, 3]]": 0.4876, "[[0], [1]]": 0.4908}, "Layer3": {"[[0, 1, 2, 3, 4, 5, 6, 7], [8, 9, 10, 11, 12, 13, 14, 15]]": 0.4913, "[[0, 1], [2, 3]]": 0.4893, "[[0], [1]]": 0.4931}}, {"accuracy": 0.9274, "Layer1": {"[[0, 1, 2, 3, 4, 5, 6, 7], [8, 9, 10, 11, 12, 13, 14, 15]]": 0.6778, "[[0, 1], [2, 3]]": 0.6782, "[[0], [1]]": 0.6723}, "Layer2": {"[[0, 1, 2, 3, 4, 5, 6, 7], [8, 9, 10, 11, 12, 13, 14, 15]]": 0.4965, "[[0, 1], [2, 3]]": 0.5028, "[[0], [1]]": 0.5029}, "Layer3": {"[[0, 1, 2, 3, 4, 5, 6, 7], [8, 9, 10, 11, 12, 13, 14, 15]]": 0.4918, "[[0, 1], [2, 3]]": 0.4927, "[[0], [1]]": 0.4941}}, {"accuracy": 0.9465, "Layer1": {"[[0, 1, 2, 3, 4, 5, 6, 7], [8, 9, 10, 11, 12, 13, 14, 15]]": 0.6767, "[[0, 1], [2, 3]]": 0.6904, "[[0], [1]]": 0.6847}, "Layer2": {"[[0, 1, 2, 3, 4, 5, 6, 7], [8, 9, 10, 11, 12, 13, 14, 15]]": 0.4972, "[[0, 1], [2, 3]]": 0.4939, "[[0], [1]]": 0.4932}, "Layer3": {"[[0, 1, 2, 3, 4, 5, 6, 7], [8, 9, 10, 11, 12, 13, 14, 15]]": 0.4929, "[[0, 1], [2, 3]]": 0.4945, "[[0], [1]]": 0.4915}}, {"accuracy": 0.962, "Layer1": {"[[0, 1, 2, 3, 4, 5, 6, 7], [8, 9, 10, 11, 12, 13, 14, 15]]": 0.7068, "[[0, 1], [2, 3]]": 0.7006, "[[0], [1]]": 0.6928}, "Layer2": {"[[0, 1, 2, 3, 4, 5, 6, 7], [8, 9, 10, 11, 12, 13, 14, 15]]": 0.509, "[[0, 1], [2, 3]]": 0.5048, "[[0], [1]]": 0.4965}, "Layer3": {"[[0, 1, 2, 3, 4, 5, 6, 7], [8, 9, 10, 11, 12, 13, 14, 15]]": 0.4942, "[[0, 1], [2, 3]]": 0.4929, "[[0], [1]]": 0.4977}}, {"accuracy": 0.9732, "Layer1": {"[[0, 1, 2, 3, 4, 5, 6, 7], [8, 9, 10, 11, 12, 13, 14, 15]]": 0.6781, "[[0, 1], [2, 3]]": 0.709, "[[0], [1]]": 0.7017}, "Layer2": {"[[0, 1, 2, 3, 4, 5, 6, 7], [8, 9, 10, 11, 12, 13, 14, 15]]": 0.5042, "[[0, 1], [2, 3]]": 0.4985, "[[0], [1]]": 0.5092}, "Layer3": {"[[0, 1, 2, 3, 4, 5, 6, 7], [8, 9, 10, 11, 12, 13, 14, 15]]": 0.4949, "[[0, 1], [2, 3]]": 0.4949, "[[0], [1]]": 0.4939}}, {"accuracy": 0.9795, "Layer1": {"[[0, 1, 2, 3, 4, 5, 6, 7], [8, 9, 10, 11, 12, 13, 14, 15]]": 0.719, "[[0, 1], [2, 3]]": 0.7201, "[[0], [1]]": 0.704}, "Layer2": {"[[0, 1, 2, 3, 4, 5, 6, 7], [8, 9, 10, 11, 12, 13, 14, 15]]": 0.5062, "[[0, 1], [2, 3]]": 0.509, "[[0], [1]]": 0.5161}, "Layer3": {"[[0, 1, 2, 3, 4, 5, 6, 7], [8, 9, 10, 11, 12, 13, 14, 15]]": 0.4954, "[[0, 1], [2, 3]]": 0.5016, "[[0], [1]]": 0.4997}}, {"accuracy": 0.9845, "Layer1": {"[[0, 1, 2, 3, 4, 5, 6, 7], [8, 9, 10, 11, 12, 13, 14, 15]]": 0.717, "[[0, 1], [2, 3]]": 0.7243, "[[0], [1]]": 0.7118}, "Layer2": {"[[0, 1, 2, 3, 4, 5, 6, 7], [8, 9, 10, 11, 12, 13, 14, 15]]": 0.5105, "[[0, 1], [2, 3]]": 0.52, "[[0], [1]]": 0.5043}, "Layer3": {"[[0, 1, 2, 3, 4, 5, 6, 7], [8, 9, 10, 11, 12, 13, 14, 15]]": 0.4939, "[[0, 1], [2, 3]]": 0.4927, "[[0], [1]]": 0.4977}}, {"accuracy": 0.9877, "Layer1": {"[[0, 1, 2, 3, 4, 5, 6, 7], [8, 9, 10, 11, 12, 13, 14, 15]]": 0.7244, "[[0, 1], [2, 3]]": 0.7271, "[[0], [1]]": 0.7186}, "Layer2": {"[[0, 1, 2, 3, 4, 5, 6, 7], [8, 9, 10, 11, 12, 13, 14, 15]]": 0.5111, "[[0, 1], [2, 3]]": 0.5121, "[[0], [1]]": 0.5192}, "Layer3": {"[[0, 1, 2, 3, 4, 5, 6, 7], [8, 9, 10, 11, 12, 13, 14, 15]]": 0.4943, "[[0, 1], [2, 3]]": 0.506, "[[0], [1]]": 0.5064}}], [{"accuracy": 0.4986, "Layer1": {"[[0, 1, 2, 3, 4, 5, 6, 7], [8, 9, 10, 11, 12, 13, 14, 15]]": 0.4988, "[[0, 1], [2, 3]]": 0.4988, "[[0], [1]]": 0.4988}, "Layer2": {"[[0, 1, 2, 3, 4, 5, 6, 7], [8, 9, 10, 11, 12, 13, 14, 15]]": 0.4988, "[[0, 1], [2, 3]]": 0.4988, "[[0], [1]]": 0.4988}, "Layer3": {"[[0, 1, 2, 3, 4, 5, 6, 7], [8, 9, 10, 11, 12, 13, 14, 15]]": 0.4988, "[[0, 1], [2, 3]]": 0.4988, "[[0], [1]]": 0.4988}}, {"accuracy": 0.5083, "Layer1": {"[[0, 1, 2, 3, 4, 5, 6, 7], [8, 9, 10, 11, 12, 13, 14, 15]]": 0.4987, "[[0, 1], [2, 3]]": 0.5022, "[[0], [1]]": 0.4952}, "Layer2": {"[[0, 1, 2, 3, 4, 5, 6, 7], [8, 9, 10, 11, 12, 13, 14, 15]]": 0.5015, "[[0, 1], [2, 3]]": 0.4966, "[[0], [1]]": 0.4975}, "Layer3": {"[[0, 1, 2, 3, 4, 5, 6, 7], [8, 9, 10, 11, 12, 13, 14, 15]]": 0.4979, "[[0, 1], [2, 3]]": 0.4945, "[[0], [1]]": 0.4961}}, {"accuracy": 0.523, "Layer1": {"[[0, 1, 2, 3, 4, 5, 6, 7], [8, 9, 10, 11, 12, 13, 14, 15]]": 0.5055, "[[0, 1], [2, 3]]": 0.4944, "[[0], [1]]": 0.5027}, "Layer2": {"[[0, 1, 2, 3, 4, 5, 6, 7], [8, 9, 10, 11, 12, 13, 14, 15]]": 0.5016, "[[0, 1], [2, 3]]": 0.4974, "[[0], [1]]": 0.4969}, "Layer3": {"[[0, 1, 2, 3, 4, 5, 6, 7], [8, 9, 10, 11, 12, 13, 14, 15]]": 0.5018, "[[0, 1], [2, 3]]": 0.4964, "[[0], [1]]": 0.497}}, {"accuracy": 0.5783, "Layer1": {"[[0, 1, 2, 3, 4, 5, 6, 7], [8, 9, 10, 11, 12, 13, 14, 15]]": 0.516, "[[0, 1], [2, 3]]": 0.5176, "[[0], [1]]": 0.5126}, "Layer2": {"[[0, 1, 2, 3, 4, 5, 6, 7], [8, 9, 10, 11, 12, 13, 14, 15]]": 0.503, "[[0, 1], [2, 3]]": 0.5012, "[[0], [1]]": 0.4997}, "Layer3": {"[[0, 1, 2, 3, 4, 5, 6, 7], [8, 9, 10, 11, 12, 13, 14, 15]]": 0.502, "[[0, 1], [2, 3]]": 0.501, "[[0], [1]]": 0.5044}}, {"accuracy": 0.648, "Layer1": {"[[0, 1, 2, 3, 4, 5, 6, 7], [8, 9, 10, 11, 12, 13, 14, 15]]": 0.5417, "[[0, 1], [2, 3]]": 0.54, "[[0], [1]]": 0.5374}, "Layer2": {"[[0, 1, 2, 3, 4, 5, 6, 7], [8, 9, 10, 11, 12, 13, 14, 15]]": 0.5124, "[[0, 1], [2, 3]]": 0.5105, "[[0], [1]]": 0.5064}, "Layer3": {"[[0, 1, 2, 3, 4, 5, 6, 7], [8, 9, 10, 11, 12, 13, 14, 15]]": 0.4997, "[[0, 1], [2, 3]]": 0.4999, "[[0], [1]]": 0.5039}}, {"accuracy": 0.6704, "Layer1": {"[[0, 1, 2, 3, 4, 5, 6, 7], [8, 9, 10, 11, 12, 13, 14, 15]]": 0.5546, "[[0, 1], [2, 3]]": 0.5596, "[[0], [1]]": 0.5491}, "Layer2": {"[[0, 1, 2, 3, 4, 5, 6, 7], [8, 9, 10, 11, 12, 13, 14, 15]]": 0.5107, "[[0, 1], [2, 3]]": 0.5046, "[[0], [1]]": 0.505}, "Layer3": {"[[0, 1, 2, 3, 4, 5, 6, 7], [8, 9, 10, 11, 12, 13, 14, 15]]": 0.4857, "[[0, 1], [2, 3]]": 0.4883, "[[0], [1]]": 0.4866}}, {"accuracy": 0.7194, "Layer1": {"[[0, 1, 2, 3, 4, 5, 6, 7], [8, 9, 10, 11, 12, 13, 14, 15]]": 0.5676, "[[0, 1], [2, 3]]": 0.574, "[[0], [1]]": 0.5545}, "Layer2": {"[[0, 1, 2, 3, 4, 5, 6, 7], [8, 9, 10, 11, 12, 13, 14, 15]]": 0.5253, "[[0, 1], [2, 3]]": 0.5164, "[[0], [1]]": 0.5033}, "Layer3": {"[[0, 1, 2, 3, 4, 5, 6, 7], [8, 9, 10, 11, 12, 13, 14, 15]]": 0.4821, "[[0, 1], [2, 3]]": 0.4753, "[[0], [1]]": 0.4699}}, {"accuracy": 0.7688, "Layer1": {"[[0, 1, 2, 3, 4, 5, 6, 7], [8, 9, 10, 11, 12, 13, 14, 15]]": 0.5865, "[[0, 1], [2, 3]]": 0.5857, "[[0], [1]]": 0.5622}, "Layer2": {"[[0, 1, 2, 3, 4, 5, 6, 7], [8, 9, 10, 11, 12, 13, 14, 15]]": 0.5283, "[[0, 1], [2, 3]]": 0.5325, "[[0], [1]]": 0.5133}, "Layer3": {"[[0, 1, 2, 3, 4, 5, 6, 7], [8, 9, 10, 11, 12, 13, 14, 15]]": 0.4828, "[[0, 1], [2, 3]]": 0.4824, "[[0], [1]]": 0.4788}}, {"accuracy": 0.8119, "Layer1": {"[[0, 1, 2, 3, 4, 5, 6, 7], [8, 9, 10, 11, 12, 13, 14, 15]]": 0.6198, "[[0, 1], [2, 3]]": 0.5892, "[[0], [1]]": 0.5452}, "Layer2": {"[[0, 1, 2, 3, 4, 5, 6, 7], [8, 9, 10, 11, 12, 13, 14, 15]]": 0.5552, "[[0, 1], [2, 3]]": 0.5048, "[[0], [1]]": 0.5225}, "Layer3": {"[[0, 1, 2, 3, 4, 5, 6, 7], [8, 9, 10, 11, 12, 13, 14, 15]]": 0.4872, "[[0, 1], [2, 3]]": 0.4878, "[[0], [1]]": 0.488}}, {"accuracy": 0.8491, "Layer1": {"[[0, 1, 2, 3, 4, 5, 6, 7], [8, 9, 10, 11, 12, 13, 14, 15]]": 0.628, "[[0, 1], [2, 3]]": 0.6174, "[[0], [1]]": 0.5658}, "Layer2": {"[[0, 1, 2, 3, 4, 5, 6, 7], [8, 9, 10, 11, 12, 13, 14, 15]]": 0.5743, "[[0, 1], [2, 3]]": 0.5748, "[[0], [1]]": 0.5553}, "Layer3": {"[[0, 1, 2, 3, 4, 5, 6, 7], [8, 9, 10, 11, 12, 13, 14, 15]]": 0.4862, "[[0, 1], [2, 3]]": 0.4894, "[[0], [1]]": 0.4862}}, {"accuracy": 0.8829, "Layer1": {"[[0, 1, 2, 3, 4, 5, 6, 7], [8, 9, 10, 11, 12, 13, 14, 15]]": 0.6634, "[[0, 1], [2, 3]]": 0.641, "[[0], [1]]": 0.5992}, "Layer2": {"[[0, 1, 2, 3, 4, 5, 6, 7], [8, 9, 10, 11, 12, 13, 14, 15]]": 0.6005, "[[0, 1], [2, 3]]": 0.5952, "[[0], [1]]": 0.532}, "Layer3": {"[[0, 1, 2, 3, 4, 5, 6, 7], [8, 9, 10, 11, 12, 13, 14, 15]]": 0.4963, "[[0, 1], [2, 3]]": 0.491, "[[0], [1]]": 0.4941}}, {"accuracy": 0.906, "Layer1": {"[[0, 1, 2, 3, 4, 5, 6, 7], [8, 9, 10, 11, 12, 13, 14, 15]]": 0.6914, "[[0, 1], [2, 3]]": 0.661, "[[0], [1]]": 0.5859}, "Layer2": {"[[0, 1, 2, 3, 4, 5, 6, 7], [8, 9, 10, 11, 12, 13, 14, 15]]": 0.6222, "[[0, 1], [2, 3]]": 0.6149, "[[0], [1]]": 0.5927}, "Layer3": {"[[0, 1, 2, 3, 4, 5, 6, 7], [8, 9, 10, 11, 12, 13, 14, 15]]": 0.4992, "[[0, 1], [2, 3]]": 0.4983, "[[0], [1]]": 0.501}}, {"accuracy": 0.9235, "Layer1": {"[[0, 1, 2, 3, 4, 5, 6, 7], [8, 9, 10, 11, 12, 13, 14, 15]]": 0.7096, "[[0, 1], [2, 3]]": 0.6763, "[[0], [1]]": 0.6424}, "Layer2": {"[[0, 1, 2, 3, 4, 5, 6, 7], [8, 9, 10, 11, 12, 13, 14, 15]]": 0.6362, "[[0, 1], [2, 3]]": 0.6259, "[[0], [1]]": 0.6089}, "Layer3": {"[[0, 1, 2, 3, 4, 5, 6, 7], [8, 9, 10, 11, 12, 13, 14, 15]]": 0.5049, "[[0, 1], [2, 3]]": 0.5013, "[[0], [1]]": 0.5039}}, {"accuracy": 0.9402, "Layer1": {"[[0, 1, 2, 3, 4, 5, 6, 7], [8, 9, 10, 11, 12, 13, 14, 15]]": 0.7219, "[[0, 1], [2, 3]]": 0.6916, "[[0], [1]]": 0.5926}, "Layer2": {"[[0, 1, 2, 3, 4, 5, 6, 7], [8, 9, 10, 11, 12, 13, 14, 15]]": 0.6465, "[[0, 1], [2, 3]]": 0.6352, "[[0], [1]]": 0.5435}, "Layer3": {"[[0, 1, 2, 3, 4, 5, 6, 7], [8, 9, 10, 11, 12, 13, 14, 15]]": 0.5034, "[[0, 1], [2, 3]]": 0.5049, "[[0], [1]]": 0.5107}}, {"accuracy": 0.9533, "Layer1": {"[[0, 1, 2, 3, 4, 5, 6, 7], [8, 9, 10, 11, 12, 13, 14, 15]]": 0.7338, "[[0, 1], [2, 3]]": 0.6969, "[[0], [1]]": 0.5944}, "Layer2": {"[[0, 1, 2, 3, 4, 5, 6, 7], [8, 9, 10, 11, 12, 13, 14, 15]]": 0.658, "[[0, 1], [2, 3]]": 0.6448, "[[0], [1]]": 0.5559}, "Layer3": {"[[0, 1, 2, 3, 4, 5, 6, 7], [8, 9, 10, 11, 12, 13, 14, 15]]": 0.5038, "[[0, 1], [2, 3]]": 0.5092, "[[0], [1]]": 0.5085}}, {"accuracy": 0.964, "Layer1": {"[[0, 1, 2, 3, 4, 5, 6, 7], [8, 9, 10, 11, 12, 13, 14, 15]]": 0.7367, "[[0, 1], [2, 3]]": 0.6941, "[[0], [1]]": 0.6791}, "Layer2": {"[[0, 1, 2, 3, 4, 5, 6, 7], [8, 9, 10, 11, 12, 13, 14, 15]]": 0.6586, "[[0, 1], [2, 3]]": 0.6376, "[[0], [1]]": 0.6203}, "Layer3": {"[[0, 1, 2, 3, 4, 5, 6, 7], [8, 9, 10, 11, 12, 13, 14, 15]]": 0.5075, "[[0, 1], [2, 3]]": 0.5057, "[[0], [1]]": 0.5097}}, {"accuracy": 0.9702, "Layer1": {"[[0, 1, 2, 3, 4, 5, 6, 7], [8, 9, 10, 11, 12, 13, 14, 15]]": 0.7461, "[[0, 1], [2, 3]]": 0.7044, "[[0], [1]]": 0.6916}, "Layer2": {"[[0, 1, 2, 3, 4, 5, 6, 7], [8, 9, 10, 11, 12, 13, 14, 15]]": 0.661, "[[0, 1], [2, 3]]": 0.6463, "[[0], [1]]": 0.6155}, "Layer3": {"[[0, 1, 2, 3, 4, 5, 6, 7], [8, 9, 10, 11, 12, 13, 14, 15]]": 0.5087, "[[0, 1], [2, 3]]": 0.5113, "[[0], [1]]": 0.5114}}], [{"accuracy": 0.498, "Layer1": {"[[0, 1, 2, 3, 4, 5, 6, 7], [8, 9, 10, 11, 12, 13, 14, 15]]": 0.494, "[[0, 1], [2, 3]]": 0.494, "[[0], [1]]": 0.494}, "Layer2": {"[[0, 1, 2, 3, 4, 5, 6, 7], [8, 9, 10, 11, 12, 13, 14, 15]]": 0.494, "[[0, 1], [2, 3]]": 0.494, "[[0], [1]]": 0.494}, "Layer3": {"[[0, 1, 2, 3, 4, 5, 6, 7], [8, 9, 10, 11, 12, 13, 14, 15]]": 0.494, "[[0, 1], [2, 3]]": 0.494, "[[0], [1]]": 0.494}}, {"accuracy": 0.5112, "Layer1": {"[[0, 1, 2, 3, 4, 5, 6, 7], [8, 9, 10, 11, 12, 13, 14, 15]]": 0.4994, "[[0, 1], [2, 3]]": 0.5055, "[[0], [1]]": 0.4962}, "Layer2": {"[[0, 1, 2, 3, 4, 5, 6, 7], [8, 9, 10, 11, 12, 13, 14, 15]]": 0.4938, "[[0, 1], [2, 3]]": 0.4981, "[[0], [1]]": 0.4908}, "Layer3": {"[[0, 1, 2, 3, 4, 5, 6, 7], [8, 9, 10, 11, 12, 13, 14, 15]]": 0.499, "[[0, 1], [2, 3]]": 0.4952, "[[0], [1]]": 0.4963}}, {"accuracy": 0.6057, "Layer1": {"[[0, 1, 2, 3, 4, 5, 6, 7], [8, 9, 10, 11, 12, 13, 14, 15]]": 0.5181, "[[0, 1], [2, 3]]": 0.5107, "[[0], [1]]": 0.5209}, "Layer2": {"[[0, 1, 2, 3, 4, 5, 6, 7], [8, 9, 10, 11, 12, 13, 14, 15]]": 0.5167, "[[0, 1], [2, 3]]": 0.5168, "[[0], [1]]": 0.5151}, "Layer3": {"[[0, 1, 2, 3, 4, 5, 6, 7], [8, 9, 10, 11, 12, 13, 14, 15]]": 0.5138, "[[0, 1], [2, 3]]": 0.5158, "[[0], [1]]": 0.5149}}, {"accuracy": 0.6436, "Layer1": {"[[0, 1, 2, 3, 4, 5, 6, 7], [8, 9, 10, 11, 12, 13, 14, 15]]": 0.5301, "[[0, 1], [2, 3]]": 0.5264, "[[0], [1]]": 0.5274}, "Layer2": {"[[0, 1, 2, 3, 4, 5, 6, 7], [8, 9, 10, 11, 12, 13, 14, 15]]": 0.5041, "[[0, 1], [2, 3]]": 0.4981, "[[0], [1]]": 0.4976}, "Layer3": {"[[0, 1, 2, 3, 4, 5, 6, 7], [8, 9, 10, 11, 12, 13, 14, 15]]": 0.4941, "[[0, 1], [2, 3]]": 0.4936, "[[0], [1]]": 0.4964}}, {"accuracy": 0.7021, "Layer1": {"[[0, 1, 2, 3, 4, 5, 6, 7], [8, 9, 10, 11, 12, 13, 14, 15]]": 0.5448, "[[0, 1], [2, 3]]": 0.5504, "[[0], [1]]": 0.548}, "Layer2": {"[[0, 1, 2, 3, 4, 5, 6, 7], [8, 9, 10, 11, 12, 13, 14, 15]]": 0.4901, "[[0, 1], [2, 3]]": 0.4923, "[[0], [1]]": 0.4864}, "Layer3": {"[[0, 1, 2, 3, 4, 5, 6, 7], [8, 9, 10, 11, 12, 13, 14, 15]]": 0.4799, "[[0, 1], [2, 3]]": 0.4786, "[[0], [1]]": 0.4809}}, {"accuracy": 0.7551, "Layer1": {"[[0, 1, 2, 3, 4, 5, 6, 7], [8, 9, 10, 11, 12, 13, 14, 15]]": 0.5783, "[[0, 1], [2, 3]]": 0.5747, "[[0], [1]]": 0.573}, "Layer2": {"[[0, 1, 2, 3, 4, 5, 6, 7], [8, 9, 10, 11, 12, 13, 14, 15]]": 0.4935, "[[0, 1], [2, 3]]": 0.4956, "[[0], [1]]": 0.4989}, "Layer3": {"[[0, 1, 2, 3, 4, 5, 6, 7], [8, 9, 10, 11, 12, 13, 14, 15]]": 0.4697, "[[0, 1], [2, 3]]": 0.4684, "[[0], [1]]": 0.467}}, {"accuracy": 0.7997, "Layer1": {"[[0, 1, 2, 3, 4, 5, 6, 7], [8, 9, 10, 11, 12, 13, 14, 15]]": 0.6118, "[[0, 1], [2, 3]]": 0.5993, "[[0], [1]]": 0.5958}, "Layer2": {"[[0, 1, 2, 3, 4, 5, 6, 7], [8, 9, 10, 11, 12, 13, 14, 15]]": 0.4932, "[[0, 1], [2, 3]]": 0.4935, "[[0], [1]]": 0.484}, "Layer3": {"[[0, 1, 2, 3, 4, 5, 6, 7], [8, 9, 10, 11, 12, 13, 14, 15]]": 0.4664, "[[0, 1], [2, 3]]": 0.4663, "[[0], [1]]": 0.464}}, {"accuracy": 0.8318, "Layer1": {"[[0, 1, 2, 3, 4, 5, 6, 7], [8, 9, 10, 11, 12, 13, 14, 15]]": 0.646, "[[0, 1], [2, 3]]": 0.6172, "[[0], [1]]": 0.6034}, "Layer2": {"[[0, 1, 2, 3, 4, 5, 6, 7], [8, 9, 10, 11, 12, 13, 14, 15]]": 0.4921, "[[0, 1], [2, 3]]": 0.4929, "[[0], [1]]": 0.4758}, "Layer3": {"[[0, 1, 2, 3, 4, 5, 6, 7], [8, 9, 10, 11, 12, 13, 14, 15]]": 0.4727, "[[0, 1], [2, 3]]": 0.4739, "[[0], [1]]": 0.4724}}, {"accuracy": 0.8512, "Layer1": {"[[0, 1, 2, 3, 4, 5, 6, 7], [8, 9, 10, 11, 12, 13, 14, 15]]": 0.656, "[[0, 1], [2, 3]]": 0.6211, "[[0], [1]]": 0.6071}, "Layer2": {"[[0, 1, 2, 3, 4, 5, 6, 7], [8, 9, 10, 11, 12, 13, 14, 15]]": 0.4942, "[[0, 1], [2, 3]]": 0.4902, "[[0], [1]]": 0.4749}, "Layer3": {"[[0, 1, 2, 3, 4, 5, 6, 7], [8, 9, 10, 11, 12, 13, 14, 15]]": 0.4762, "[[0, 1], [2, 3]]": 0.4756, "[[0], [1]]": 0.4745}}, {"accuracy": 0.8681, "Layer1": {"[[0, 1, 2, 3, 4, 5, 6, 7], [8, 9, 10, 11, 12, 13, 14, 15]]": 0.6671, "[[0, 1], [2, 3]]": 0.6203, "[[0], [1]]": 0.6105}, "Layer2": {"[[0, 1, 2, 3, 4, 5, 6, 7], [8, 9, 10, 11, 12, 13, 14, 15]]": 0.498, "[[0, 1], [2, 3]]": 0.4914, "[[0], [1]]": 0.4746}, "Layer3": {"[[0, 1, 2, 3, 4, 5, 6, 7], [8, 9, 10, 11, 12, 13, 14, 15]]": 0.4838, "[[0, 1], [2, 3]]": 0.4819, "[[0], [1]]": 0.4823}}, {"accuracy": 0.8835, "Layer1": {"[[0, 1, 2, 3, 4, 5, 6, 7], [8, 9, 10, 11, 12, 13, 14, 15]]": 0.6816, "[[0, 1], [2, 3]]": 0.6326, "[[0], [1]]": 0.6127}, "Layer2": {"[[0, 1, 2, 3, 4, 5, 6, 7], [8, 9, 10, 11, 12, 13, 14, 15]]": 0.4935, "[[0, 1], [2, 3]]": 0.4906, "[[0], [1]]": 0.4818}, "Layer3": {"[[0, 1, 2, 3, 4, 5, 6, 7], [8, 9, 10, 11, 12, 13, 14, 15]]": 0.4812, "[[0, 1], [2, 3]]": 0.4784, "[[0], [1]]": 0.4832}}, {"accuracy": 0.8991, "Layer1": {"[[0, 1, 2, 3, 4, 5, 6, 7], [8, 9, 10, 11, 12, 13, 14, 15]]": 0.6925, "[[0, 1], [2, 3]]": 0.6407, "[[0], [1]]": 0.6267}, "Layer2": {"[[0, 1, 2, 3, 4, 5, 6, 7], [8, 9, 10, 11, 12, 13, 14, 15]]": 0.4908, "[[0, 1], [2, 3]]": 0.4946, "[[0], [1]]": 0.4804}, "Layer3": {"[[0, 1, 2, 3, 4, 5, 6, 7], [8, 9, 10, 11, 12, 13, 14, 15]]": 0.4829, "[[0, 1], [2, 3]]": 0.4857, "[[0], [1]]": 0.4819}}, {"accuracy": 0.9109, "Layer1": {"[[0, 1, 2, 3, 4, 5, 6, 7], [8, 9, 10, 11, 12, 13, 14, 15]]": 0.7048, "[[0, 1], [2, 3]]": 0.6498, "[[0], [1]]": 0.6389}, "Layer2": {"[[0, 1, 2, 3, 4, 5, 6, 7], [8, 9, 10, 11, 12, 13, 14, 15]]": 0.4944, "[[0, 1], [2, 3]]": 0.4806, "[[0], [1]]": 0.4835}, "Layer3": {"[[0, 1, 2, 3, 4, 5, 6, 7], [8, 9, 10, 11, 12, 13, 14, 15]]": 0.4847, "[[0, 1], [2, 3]]": 0.4828, "[[0], [1]]": 0.4838}}, {"accuracy": 0.9235, "Layer1": {"[[0, 1, 2, 3, 4, 5, 6, 7], [8, 9, 10, 11, 12, 13, 14, 15]]": 0.7128, "[[0, 1], [2, 3]]": 0.6639, "[[0], [1]]": 0.6535}, "Layer2": {"[[0, 1, 2, 3, 4, 5, 6, 7], [8, 9, 10, 11, 12, 13, 14, 15]]": 0.4906, "[[0, 1], [2, 3]]": 0.5136, "[[0], [1]]": 0.4843}, "Layer3": {"[[0, 1, 2, 3, 4, 5, 6, 7], [8, 9, 10, 11, 12, 13, 14, 15]]": 0.4859, "[[0, 1], [2, 3]]": 0.4851, "[[0], [1]]": 0.4856}}, {"accuracy": 0.9363, "Layer1": {"[[0, 1, 2, 3, 4, 5, 6, 7], [8, 9, 10, 11, 12, 13, 14, 15]]": 0.714, "[[0, 1], [2, 3]]": 0.6641, "[[0], [1]]": 0.6672}, "Layer2": {"[[0, 1, 2, 3, 4, 5, 6, 7], [8, 9, 10, 11, 12, 13, 14, 15]]": 0.4987, "[[0, 1], [2, 3]]": 0.4886, "[[0], [1]]": 0.4897}, "Layer3": {"[[0, 1, 2, 3, 4, 5, 6, 7], [8, 9, 10, 11, 12, 13, 14, 15]]": 0.4884, "[[0, 1], [2, 3]]": 0.4883, "[[0], [1]]": 0.486}}, {"accuracy": 0.9474, "Layer1": {"[[0, 1, 2, 3, 4, 5, 6, 7], [8, 9, 10, 11, 12, 13, 14, 15]]": 0.7366, "[[0, 1], [2, 3]]": 0.6798, "[[0], [1]]": 0.677}, "Layer2": {"[[0, 1, 2, 3, 4, 5, 6, 7], [8, 9, 10, 11, 12, 13, 14, 15]]": 0.5036, "[[0, 1], [2, 3]]": 0.4954, "[[0], [1]]": 0.4846}, "Layer3": {"[[0, 1, 2, 3, 4, 5, 6, 7], [8, 9, 10, 11, 12, 13, 14, 15]]": 0.4854, "[[0, 1], [2, 3]]": 0.4841, "[[0], [1]]": 0.4835}}, {"accuracy": 0.9562, "Layer1": {"[[0, 1, 2, 3, 4, 5, 6, 7], [8, 9, 10, 11, 12, 13, 14, 15]]": 0.7355, "[[0, 1], [2, 3]]": 0.6829, "[[0], [1]]": 0.6909}, "Layer2": {"[[0, 1, 2, 3, 4, 5, 6, 7], [8, 9, 10, 11, 12, 13, 14, 15]]": 0.4972, "[[0, 1], [2, 3]]": 0.4924, "[[0], [1]]": 0.4861}, "Layer3": {"[[0, 1, 2, 3, 4, 5, 6, 7], [8, 9, 10, 11, 12, 13, 14, 15]]": 0.4875, "[[0, 1], [2, 3]]": 0.4893, "[[0], [1]]": 0.4878}}], [{"accuracy": 0.5005, "Layer1": {"[[0, 1, 2, 3, 4, 5, 6, 7], [8, 9, 10, 11, 12, 13, 14, 15]]": 0.5081, "[[0, 1], [2, 3]]": 0.5081, "[[0], [1]]": 0.5081}, "Layer2": {"[[0, 1, 2, 3, 4, 5, 6, 7], [8, 9, 10, 11, 12, 13, 14, 15]]": 0.5081, "[[0, 1], [2, 3]]": 0.5081, "[[0], [1]]": 0.5081}, "Layer3": {"[[0, 1, 2, 3, 4, 5, 6, 7], [8, 9, 10, 11, 12, 13, 14, 15]]": 0.5081, "[[0, 1], [2, 3]]": 0.5081, "[[0], [1]]": 0.5081}}, {"accuracy": 0.4976, "Layer1": {"[[0, 1, 2, 3, 4, 5, 6, 7], [8, 9, 10, 11, 12, 13, 14, 15]]": 0.504, "[[0, 1], [2, 3]]": 0.5085, "[[0], [1]]": 0.5057}, "Layer2": {"[[0, 1, 2, 3, 4, 5, 6, 7], [8, 9, 10, 11, 12, 13, 14, 15]]": 0.5063, "[[0, 1], [2, 3]]": 0.509, "[[0], [1]]": 0.5057}, "Layer3": {"[[0, 1, 2, 3, 4, 5, 6, 7], [8, 9, 10, 11, 12, 13, 14, 15]]": 0.5041, "[[0, 1], [2, 3]]": 0.5014, "[[0], [1]]": 0.5085}}, {"accuracy": 0.5651, "Layer1": {"[[0, 1, 2, 3, 4, 5, 6, 7], [8, 9, 10, 11, 12, 13, 14, 15]]": 0.5065, "[[0, 1], [2, 3]]": 0.506, "[[0], [1]]": 0.5013}, "Layer2": {"[[0, 1, 2, 3, 4, 5, 6, 7], [8, 9, 10, 11, 12, 13, 14, 15]]": 0.5028, "[[0, 1], [2, 3]]": 0.5029, "[[0], [1]]": 0.5035}, "Layer3": {"[[0, 1, 2, 3, 4, 5, 6, 7], [8, 9, 10, 11, 12, 13, 14, 15]]": 0.5026, "[[0, 1], [2, 3]]": 0.5033, "[[0], [1]]": 0.4985}}, {"accuracy": 0.6384, "Layer1": {"[[0, 1, 2, 3, 4, 5, 6, 7], [8, 9, 10, 11, 12, 13, 14, 15]]": 0.5229, "[[0, 1], [2, 3]]": 0.5163, "[[0], [1]]": 0.5109}, "Layer2": {"[[0, 1, 2, 3, 4, 5, 6, 7], [8, 9, 10, 11, 12, 13, 14, 15]]": 0.5073, "[[0, 1], [2, 3]]": 0.5031, "[[0], [1]]": 0.5045}, "Layer3": {"[[0, 1, 2, 3, 4, 5, 6, 7], [8, 9, 10, 11, 12, 13, 14, 15]]": 0.489, "[[0, 1], [2, 3]]": 0.4894, "[[0], [1]]": 0.4893}}, {"accuracy": 0.659, "Layer1": {"[[0, 1, 2, 3, 4, 5, 6, 7], [8, 9, 10, 11, 12, 13, 14, 15]]": 0.5353, "[[0, 1], [2, 3]]": 0.5275, "[[0], [1]]": 0.5206}, "Layer2": {"[[0, 1, 2, 3, 4, 5, 6, 7], [8, 9, 10, 11, 12, 13, 14, 15]]": 0.5103, "[[0, 1], [2, 3]]": 0.5132, "[[0], [1]]": 0.5092}, "Layer3": {"[[0, 1, 2, 3, 4, 5, 6, 7], [8, 9, 10, 11, 12, 13, 14, 15]]": 0.4383, "[[0, 1], [2, 3]]": 0.4394, "[[0], [1]]": 0.4382}}, {"accuracy": 0.7152, "Layer1": {"[[0, 1, 2, 3, 4, 5, 6, 7], [8, 9, 10, 11, 12, 13, 14, 15]]": 0.566, "[[0, 1], [2, 3]]": 0.5608, "[[0], [1]]": 0.5518}, "Layer2": {"[[0, 1, 2, 3, 4, 5, 6, 7], [8, 9, 10, 11, 12, 13, 14, 15]]": 0.5394, "[[0, 1], [2, 3]]": 0.5389, "[[0], [1]]": 0.5382}, "Layer3": {"[[0, 1, 2, 3, 4, 5, 6, 7], [8, 9, 10, 11, 12, 13, 14, 15]]": 0.4381, "[[0, 1], [2, 3]]": 0.4378, "[[0], [1]]": 0.4384}}, {"accuracy": 0.7773, "Layer1": {"[[0, 1, 2, 3, 4, 5, 6, 7], [8, 9, 10, 11, 12, 13, 14, 15]]": 0.5891, "[[0, 1], [2, 3]]": 0.5854, "[[0], [1]]": 0.5846}, "Layer2": {"[[0, 1, 2, 3, 4, 5, 6, 7], [8, 9, 10, 11, 12, 13, 14, 15]]": 0.5696, "[[0, 1], [2, 3]]": 0.5675, "[[0], [1]]": 0.5699}, "Layer3": {"[[0, 1, 2, 3, 4, 5, 6, 7], [8, 9, 10, 11, 12, 13, 14, 15]]": 0.4479, "[[0, 1], [2, 3]]": 0.4486, "[[0], [1]]": 0.4473}}, {"accuracy": 0.7971, "Layer1": {"[[0, 1, 2, 3, 4, 5, 6, 7], [8, 9, 10, 11, 12, 13, 14, 15]]": 0.6069, "[[0, 1], [2, 3]]": 0.6004, "[[0], [1]]": 0.5957}, "Layer2": {"[[0, 1, 2, 3, 4, 5, 6, 7], [8, 9, 10, 11, 12, 13, 14, 15]]": 0.5891, "[[0, 1], [2, 3]]": 0.5871, "[[0], [1]]": 0.5808}, "Layer3": {"[[0, 1, 2, 3, 4, 5, 6, 7], [8, 9, 10, 11, 12, 13, 14, 15]]": 0.4536, "[[0, 1], [2, 3]]": 0.4534, "[[0], [1]]": 0.4534}}, {"accuracy": 0.8183, "Layer1": {"[[0, 1, 2, 3, 4, 5, 6, 7], [8, 9, 10, 11, 12, 13, 14, 15]]": 0.614, "[[0, 1], [2, 3]]": 0.6108, "[[0], [1]]": 0.6042}, "Layer2": {"[[0, 1, 2, 3, 4, 5, 6, 7], [8, 9, 10, 11, 12, 13, 14, 15]]": 0.597, "[[0, 1], [2, 3]]": 0.5961, "[[0], [1]]": 0.5821}, "Layer3": {"[[0, 1, 2, 3, 4, 5, 6, 7], [8, 9, 10, 11, 12, 13, 14, 15]]": 0.4593, "[[0, 1], [2, 3]]": 0.4637, "[[0], [1]]": 0.4592}}, {"accuracy": 0.8406, "Layer1": {"[[0, 1, 2, 3, 4, 5, 6, 7], [8, 9, 10, 11, 12, 13, 14, 15]]": 0.6257, "[[0, 1], [2, 3]]": 0.62, "[[0], [1]]": 0.6165}, "Layer2": {"[[0, 1, 2, 3, 4, 5, 6, 7], [8, 9, 10, 11, 12, 13, 14, 15]]": 0.6049, "[[0, 1], [2, 3]]": 0.6033, "[[0], [1]]": 0.5835}, "Layer3": {"[[0, 1, 2, 3, 4, 5, 6, 7], [8, 9, 10, 11, 12, 13, 14, 15]]": 0.4681, "[[0, 1], [2, 3]]": 0.4663, "[[0], [1]]": 0.4674}}, {"accuracy": 0.8591, "Layer1": {"[[0, 1, 2, 3, 4, 5, 6, 7], [8, 9, 10, 11, 12, 13, 14, 15]]": 0.6414, "[[0, 1], [2, 3]]": 0.6384, "[[0], [1]]": 0.6276}, "Layer2": {"[[0, 1, 2, 3, 4, 5, 6, 7], [8, 9, 10, 11, 12, 13, 14, 15]]": 0.593, "[[0, 1], [2, 3]]": 0.6076, "[[0], [1]]": 0.5922}, "Layer3": {"[[0, 1, 2, 3, 4, 5, 6, 7], [8, 9, 10, 11, 12, 13, 14, 15]]": 0.4757, "[[0, 1], [2, 3]]": 0.475, "[[0], [1]]": 0.4737}}, {"accuracy": 0.8813, "Layer1": {"[[0, 1, 2, 3, 4, 5, 6, 7], [8, 9, 10, 11, 12, 13, 14, 15]]": 0.6701, "[[0, 1], [2, 3]]": 0.654, "[[0], [1]]": 0.6425}, "Layer2": {"[[0, 1, 2, 3, 4, 5, 6, 7], [8, 9, 10, 11, 12, 13, 14, 15]]": 0.6086, "[[0, 1], [2, 3]]": 0.6091, "[[0], [1]]": 0.5911}, "Layer3": {"[[0, 1, 2, 3, 4, 5, 6, 7], [8, 9, 10, 11, 12, 13, 14, 15]]": 0.4831, "[[0, 1], [2, 3]]": 0.49, "[[0], [1]]": 0.4838}}, {"accuracy": 0.9012, "Layer1": {"[[0, 1, 2, 3, 4, 5, 6, 7], [8, 9, 10, 11, 12, 13, 14, 15]]": 0.6921, "[[0, 1], [2, 3]]": 0.6705, "[[0], [1]]": 0.657}, "Layer2": {"[[0, 1, 2, 3, 4, 5, 6, 7], [8, 9, 10, 11, 12, 13, 14, 15]]": 0.6135, "[[0, 1], [2, 3]]": 0.6028, "[[0], [1]]": 0.5978}, "Layer3": {"[[0, 1, 2, 3, 4, 5, 6, 7], [8, 9, 10, 11, 12, 13, 14, 15]]": 0.4878, "[[0, 1], [2, 3]]": 0.4888, "[[0], [1]]": 0.4863}}, {"accuracy": 0.917, "Layer1": {"[[0, 1, 2, 3, 4, 5, 6, 7], [8, 9, 10, 11, 12, 13, 14, 15]]": 0.7079, "[[0, 1], [2, 3]]": 0.6746, "[[0], [1]]": 0.5897}, "Layer2": {"[[0, 1, 2, 3, 4, 5, 6, 7], [8, 9, 10, 11, 12, 13, 14, 15]]": 0.6234, "[[0, 1], [2, 3]]": 0.618, "[[0], [1]]": 0.5954}, "Layer3": {"[[0, 1, 2, 3, 4, 5, 6, 7], [8, 9, 10, 11, 12, 13, 14, 15]]": 0.4945, "[[0, 1], [2, 3]]": 0.4952, "[[0], [1]]": 0.4941}}, {"accuracy": 0.9308, "Layer1": {"[[0, 1, 2, 3, 4, 5, 6, 7], [8, 9, 10, 11, 12, 13, 14, 15]]": 0.7168, "[[0, 1], [2, 3]]": 0.6799, "[[0], [1]]": 0.6677}, "Layer2": {"[[0, 1, 2, 3, 4, 5, 6, 7], [8, 9, 10, 11, 12, 13, 14, 15]]": 0.6284, "[[0, 1], [2, 3]]": 0.6197, "[[0], [1]]": 0.6016}, "Layer3": {"[[0, 1, 2, 3, 4, 5, 6, 7], [8, 9, 10, 11, 12, 13, 14, 15]]": 0.4956, "[[0, 1], [2, 3]]": 0.492, "[[0], [1]]": 0.4937}}, {"accuracy": 0.9433, "Layer1": {"[[0, 1, 2, 3, 4, 5, 6, 7], [8, 9, 10, 11, 12, 13, 14, 15]]": 0.7455, "[[0, 1], [2, 3]]": 0.6999, "[[0], [1]]": 0.599}, "Layer2": {"[[0, 1, 2, 3, 4, 5, 6, 7], [8, 9, 10, 11, 12, 13, 14, 15]]": 0.6327, "[[0, 1], [2, 3]]": 0.6287, "[[0], [1]]": 0.603}, "Layer3": {"[[0, 1, 2, 3, 4, 5, 6, 7], [8, 9, 10, 11, 12, 13, 14, 15]]": 0.5002, "[[0, 1], [2, 3]]": 0.4946, "[[0], [1]]": 0.4981}}, {"accuracy": 0.9572, "Layer1": {"[[0, 1, 2, 3, 4, 5, 6, 7], [8, 9, 10, 11, 12, 13, 14, 15]]": 0.7178, "[[0, 1], [2, 3]]": 0.7154, "[[0], [1]]": 0.6076}, "Layer2": {"[[0, 1, 2, 3, 4, 5, 6, 7], [8, 9, 10, 11, 12, 13, 14, 15]]": 0.6352, "[[0, 1], [2, 3]]": 0.6329, "[[0], [1]]": 0.6123}, "Layer3": {"[[0, 1, 2, 3, 4, 5, 6, 7], [8, 9, 10, 11, 12, 13, 14, 15]]": 0.4952, "[[0, 1], [2, 3]]": 0.4948, "[[0], [1]]": 0.4973}}]]