[{"accuracy": 0.9997, "Layer1": [[[9, 4, 2, 1, 5, 7, 11]], 0.5172], "Layer2": [[[4, 0, 13, 15, 9, 12, 7, 5]], 0.5132], "Layer3": [[[8, 2, 4]], 0.508]}, {"accuracy": 0.9992, "Layer1": [[[12, 8, 1, 9, 0, 5, 15]], 0.5181], "Layer2": [[[6, 3, 0, 9, 11]], 0.5175], "Layer3": [[[5, 2, 3, 10, 14, 15, 4, 9, 12]], 0.5114]}, {"accuracy": 0.999, "Layer1": [[[13, 5, 14, 6]], 0.5147], "Layer2": [[[0, 5, 12, 3, 15, 11, 13, 7, 6]], 0.5177], "Layer3": [[[2, 8, 14]], 0.5084]}, {"accuracy": 0.9996, "Layer1": [[[4, 11, 5, 3, 0, 6, 2, 9]], 0.5202], "Layer2": [[[12, 3, 1, 15, 14, 11, 4, 0, 10]], 0.5148], "Layer3": [[[1, 11, 2, 5, 6, 7, 8, 3, 0]], 0.5091]}, {"accuracy": 0.9975, "Layer1": [[[1, 14, 11, 2, 8, 4, 5, 6, 9]], 0.5176], "Layer2": [[[2, 6, 3]], 0.5153], "Layer3": [[[10, 3, 9, 11, 2, 14, 0, 15, 6, 8, 1]], 0.5183]}, {"accuracy": 0.9997, "Layer1": [[[1, 10, 0, 13, 7, 14, 8]], 0.5133], "Layer2": [[[5, 12, 4, 13, 0, 11, 10, 14, 7, 9, 15]], 0.5063], "Layer3": [[[8, 12, 1, 0, 4, 6, 10, 14, 3, 9, 11, 13, 2, 15]], 0.5026]}, {"accuracy": 0.9997, "Layer1": [[[8, 1, 6, 5, 13, 2, 0]], 0.5184], "Layer2": [[[10, 0, 4, 8, 11, 7]], 0.5106], "Layer3": [[[13, 11, 0, 1, 12, 15, 9, 14, 3, 4, 6]], 0.5029]}, {"accuracy": 0.9994, "Layer1": [[[11, 2, 8, 4, 3, 6, 13]], 0.5144], "Layer2": [[[2, 4, 9, 7, 15, 5, 13, 1, 11, 8]], 0.5157], "Layer3": [[[5, 1, 14, 10, 6, 7, 15, 4, 12, 9, 11]], 0.5119]}, {"accuracy": 0.9994, "Layer1": [[[1, 7, 8]], 0.5168], "Layer2": [[[13, 4, 1, 8, 14]], 0.522], "Layer3": [[[4, 9, 1, 13, 3, 6, 5, 7, 2]], 0.5174]}, {"accuracy": 0.9997, "Layer1": [[[11, 5, 12, 15, 13, 1]], 0.5212], "Layer2": [[[12, 15, 1]], 0.5213], "Layer3": [[[10, 15, 11, 12, 0, 14]], 0.5135]}]