[[{"accuracy": 0.4967, "Layer1": {"[[0, 1, 2, 3, 4, 5, 6, 7]]": 0.7338, "[[0, 1]]": 0.6928, "[[0]]": 0.6415}, "Layer2": {"[[0, 1, 2, 3, 4, 5, 6, 7]]": 0.6015, "[[0, 1]]": 0.5083, "[[0]]": 0.4998}, "Layer3": {"[[0, 1, 2, 3, 4, 5, 6, 7]]": 0.5014, "[[0, 1]]": 0.5018, "[[0]]": 0.5051}}, {"accuracy": 0.5035, "Layer1": {"[[0, 1, 2, 3, 4, 5, 6, 7]]": 0.7322, "[[0, 1]]": 0.7297, "[[0]]": 0.6707}, "Layer2": {"[[0, 1, 2, 3, 4, 5, 6, 7]]": 0.6252, "[[0, 1]]": 0.6103, "[[0]]": 0.5642}, "Layer3": {"[[0, 1, 2, 3, 4, 5, 6, 7]]": 0.5313, "[[0, 1]]": 0.5073, "[[0]]": 0.5166}}, {"accuracy": 0.5842, "Layer1": {"[[0, 1, 2, 3, 4, 5, 6, 7]]": 0.8027, "[[0, 1]]": 0.7787, "[[0]]": 0.7098}, "Layer2": {"[[0, 1, 2, 3, 4, 5, 6, 7]]": 0.6812, "[[0, 1]]": 0.6361, "[[0]]": 0.6245}, "Layer3": {"[[0, 1, 2, 3, 4, 5, 6, 7]]": 0.5963, "[[0, 1]]": 0.5669, "[[0]]": 0.5415}}, {"accuracy": 0.6019, "Layer1": {"[[0, 1, 2, 3, 4, 5, 6, 7]]": 0.8018, "[[0, 1]]": 0.7551, "[[0]]": 0.7307}, "Layer2": {"[[0, 1, 2, 3, 4, 5, 6, 7]]": 0.7021, "[[0, 1]]": 0.6832, "[[0]]": 0.6689}, "Layer3": {"[[0, 1, 2, 3, 4, 5, 6, 7]]": 0.617, "[[0, 1]]": 0.6139, "[[0]]": 0.5972}}, {"accuracy": 0.6719, "Layer1": {"[[0, 1, 2, 3, 4, 5, 6, 7]]": 0.834, "[[0, 1]]": 0.7692, "[[0]]": 0.7616}, "Layer2": {"[[0, 1, 2, 3, 4, 5, 6, 7]]": 0.7191, "[[0, 1]]": 0.7067, "[[0]]": 0.6721}, "Layer3": {"[[0, 1, 2, 3, 4, 5, 6, 7]]": 0.6386, "[[0, 1]]": 0.6338, "[[0]]": 0.6209}}, {"accuracy": 0.7708, "Layer1": {"[[0, 1, 2, 3, 4, 5, 6, 7]]": 0.8082, "[[0, 1]]": 0.7996, "[[0]]": 0.742}, "Layer2": {"[[0, 1, 2, 3, 4, 5, 6, 7]]": 0.6795, "[[0, 1]]": 0.6515, "[[0]]": 0.645}, "Layer3": {"[[0, 1, 2, 3, 4, 5, 6, 7]]": 0.5715, "[[0, 1]]": 0.5748, "[[0]]": 0.5336}}, {"accuracy": 0.8644, "Layer1": {"[[0, 1, 2, 3, 4, 5, 6, 7]]": 0.796, "[[0, 1]]": 0.7649, "[[0]]": 0.6975}, "Layer2": {"[[0, 1, 2, 3, 4, 5, 6, 7]]": 0.677, "[[0, 1]]": 0.6524, "[[0]]": 0.519}, "Layer3": {"[[0, 1, 2, 3, 4, 5, 6, 7]]": 0.5313, "[[0, 1]]": 0.549, "[[0]]": 0.5054}}, {"accuracy": 0.9154, "Layer1": {"[[0, 1, 2, 3, 4, 5, 6, 7]]": 0.7416, "[[0, 1]]": 0.6811, "[[0]]": 0.6188}, "Layer2": {"[[0, 1, 2, 3, 4, 5, 6, 7]]": 0.6446, "[[0, 1]]": 0.5525, "[[0]]": 0.5135}, "Layer3": {"[[0, 1, 2, 3, 4, 5, 6, 7]]": 0.5211, "[[0, 1]]": 0.5269, "[[0]]": 0.5148}}, {"accuracy": 0.9444, "Layer1": {"[[0, 1, 2, 3, 4, 5, 6, 7]]": 0.5073, "[[0, 1]]": 0.5693, "[[0]]": 0.5103}, "Layer2": {"[[0, 1, 2, 3, 4, 5, 6, 7]]": 0.5267, "[[0, 1]]": 0.5125, "[[0]]": 0.496}, "Layer3": {"[[0, 1, 2, 3, 4, 5, 6, 7]]": 0.5205, "[[0, 1]]": 0.5197, "[[0]]": 0.5032}}, {"accuracy": 0.9641, "Layer1": {"[[0, 1, 2, 3, 4, 5, 6, 7]]": 0.5034, "[[0, 1]]": 0.5187, "[[0]]": 0.5035}, "Layer2": {"[[0, 1, 2, 3, 4, 5, 6, 7]]": 0.5171, "[[0, 1]]": 0.5228, "[[0]]": 0.5004}, "Layer3": {"[[0, 1, 2, 3, 4, 5, 6, 7]]": 0.5136, "[[0, 1]]": 0.5067, "[[0]]": 0.5085}}, {"accuracy": 0.9758, "Layer1": {"[[0, 1, 2, 3, 4, 5, 6, 7]]": 0.5258, "[[0, 1]]": 0.5099, "[[0]]": 0.5282}, "Layer2": {"[[0, 1, 2, 3, 4, 5, 6, 7]]": 0.5151, "[[0, 1]]": 0.5409, "[[0]]": 0.499}, "Layer3": {"[[0, 1, 2, 3, 4, 5, 6, 7]]": 0.5212, "[[0, 1]]": 0.5128, "[[0]]": 0.5115}}, {"accuracy": 0.9843, "Layer1": {"[[0, 1, 2, 3, 4, 5, 6, 7]]": 0.5134, "[[0, 1]]": 0.5071, "[[0]]": 0.5058}, "Layer2": {"[[0, 1, 2, 3, 4, 5, 6, 7]]": 0.5372, "[[0, 1]]": 0.5068, "[[0]]": 0.5093}, "Layer3": {"[[0, 1, 2, 3, 4, 5, 6, 7]]": 0.5226, "[[0, 1]]": 0.5069, "[[0]]": 0.5112}}, {"accuracy": 0.9889, "Layer1": {"[[0, 1, 2, 3, 4, 5, 6, 7]]": 0.502, "[[0, 1]]": 0.5026, "[[0]]": 0.509}, "Layer2": {"[[0, 1, 2, 3, 4, 5, 6, 7]]": 0.5071, "[[0, 1]]": 0.5116, "[[0]]": 0.5159}, "Layer3": {"[[0, 1, 2, 3, 4, 5, 6, 7]]": 0.5149, "[[0, 1]]": 0.5116, "[[0]]": 0.5034}}, {"accuracy": 0.9918, "Layer1": {"[[0, 1, 2, 3, 4, 5, 6, 7]]": 0.5078, "[[0, 1]]": 0.5028, "[[0]]": 0.5112}, "Layer2": {"[[0, 1, 2, 3, 4, 5, 6, 7]]": 0.5082, "[[0, 1]]": 0.5095, "[[0]]": 0.5111}, "Layer3": {"[[0, 1, 2, 3, 4, 5, 6, 7]]": 0.5027, "[[0, 1]]": 0.5099, "[[0]]": 0.5009}}, {"accuracy": 0.9943, "Layer1": {"[[0, 1, 2, 3, 4, 5, 6, 7]]": 0.5078, "[[0, 1]]": 0.502, "[[0]]": 0.5136}, "Layer2": {"[[0, 1, 2, 3, 4, 5, 6, 7]]": 0.5086, "[[0, 1]]": 0.5234, "[[0]]": 0.4975}, "Layer3": {"[[0, 1, 2, 3, 4, 5, 6, 7]]": 0.5235, "[[0, 1]]": 0.5213, "[[0]]": 0.5089}}, {"accuracy": 0.9951, "Layer1": {"[[0, 1, 2, 3, 4, 5, 6, 7]]": 0.504, "[[0, 1]]": 0.5103, "[[0]]": 0.5063}, "Layer2": {"[[0, 1, 2, 3, 4, 5, 6, 7]]": 0.5333, "[[0, 1]]": 0.5092, "[[0]]": 0.5012}, "Layer3": {"[[0, 1, 2, 3, 4, 5, 6, 7]]": 0.5146, "[[0, 1]]": 0.5179, "[[0]]": 0.5108}}, {"accuracy": 0.9961, "Layer1": {"[[0, 1, 2, 3, 4, 5, 6, 7]]": 0.5335, "[[0, 1]]": 0.5168, "[[0]]": 0.5236}, "Layer2": {"[[0, 1, 2, 3, 4, 5, 6, 7]]": 0.5067, "[[0, 1]]": 0.5119, "[[0]]": 0.5}, "Layer3": {"[[0, 1, 2, 3, 4, 5, 6, 7]]": 0.5251, "[[0, 1]]": 0.5194, "[[0]]": 0.5032}}], [{"accuracy": 0.4831, "Layer1": {"[[0, 1, 2, 3, 4, 5, 6, 7]]": 0.7238, "[[0, 1]]": 0.7373, "[[0]]": 0.6842}, "Layer2": {"[[0, 1, 2, 3, 4, 5, 6, 7]]": 0.5212, "[[0, 1]]": 0.503, "[[0]]": 0.5129}, "Layer3": {"[[0, 1, 2, 3, 4, 5, 6, 7]]": 0.508, "[[0, 1]]": 0.4995, "[[0]]": 0.4992}}, {"accuracy": 0.5179, "Layer1": {"[[0, 1, 2, 3, 4, 5, 6, 7]]": 0.7558, "[[0, 1]]": 0.7518, "[[0]]": 0.6801}, "Layer2": {"[[0, 1, 2, 3, 4, 5, 6, 7]]": 0.5149, "[[0, 1]]": 0.5213, "[[0]]": 0.5283}, "Layer3": {"[[0, 1, 2, 3, 4, 5, 6, 7]]": 0.5036, "[[0, 1]]": 0.4906, "[[0]]": 0.4922}}, {"accuracy": 0.5364, "Layer1": {"[[0, 1, 2, 3, 4, 5, 6, 7]]": 0.7776, "[[0, 1]]": 0.7787, "[[0]]": 0.7195}, "Layer2": {"[[0, 1, 2, 3, 4, 5, 6, 7]]": 0.6258, "[[0, 1]]": 0.6276, "[[0]]": 0.5868}, "Layer3": {"[[0, 1, 2, 3, 4, 5, 6, 7]]": 0.5305, "[[0, 1]]": 0.5379, "[[0]]": 0.5456}}, {"accuracy": 0.6577, "Layer1": {"[[0, 1, 2, 3, 4, 5, 6, 7]]": 0.8045, "[[0, 1]]": 0.7682, "[[0]]": 0.7302}, "Layer2": {"[[0, 1, 2, 3, 4, 5, 6, 7]]": 0.6622, "[[0, 1]]": 0.6401, "[[0]]": 0.5818}, "Layer3": {"[[0, 1, 2, 3, 4, 5, 6, 7]]": 0.6354, "[[0, 1]]": 0.6078, "[[0]]": 0.5584}}, {"accuracy": 0.7047, "Layer1": {"[[0, 1, 2, 3, 4, 5, 6, 7]]": 0.8182, "[[0, 1]]": 0.7881, "[[0]]": 0.7266}, "Layer2": {"[[0, 1, 2, 3, 4, 5, 6, 7]]": 0.6736, "[[0, 1]]": 0.6543, "[[0]]": 0.5591}, "Layer3": {"[[0, 1, 2, 3, 4, 5, 6, 7]]": 0.5594, "[[0, 1]]": 0.5353, "[[0]]": 0.5167}}, {"accuracy": 0.7805, "Layer1": {"[[0, 1, 2, 3, 4, 5, 6, 7]]": 0.789, "[[0, 1]]": 0.7339, "[[0]]": 0.6946}, "Layer2": {"[[0, 1, 2, 3, 4, 5, 6, 7]]": 0.6182, "[[0, 1]]": 0.5176, "[[0]]": 0.4978}, "Layer3": {"[[0, 1, 2, 3, 4, 5, 6, 7]]": 0.506, "[[0, 1]]": 0.4986, "[[0]]": 0.4963}}, {"accuracy": 0.831, "Layer1": {"[[0, 1, 2, 3, 4, 5, 6, 7]]": 0.7735, "[[0, 1]]": 0.6968, "[[0]]": 0.5109}, "Layer2": {"[[0, 1, 2, 3, 4, 5, 6, 7]]": 0.6151, "[[0, 1]]": 0.6183, "[[0]]": 0.5035}, "Layer3": {"[[0, 1, 2, 3, 4, 5, 6, 7]]": 0.498, "[[0, 1]]": 0.5012, "[[0]]": 0.5004}}, {"accuracy": 0.8588, "Layer1": {"[[0, 1, 2, 3, 4, 5, 6, 7]]": 0.6863, "[[0, 1]]": 0.6442, "[[0]]": 0.5152}, "Layer2": {"[[0, 1, 2, 3, 4, 5, 6, 7]]": 0.5166, "[[0, 1]]": 0.5096, "[[0]]": 0.4974}, "Layer3": {"[[0, 1, 2, 3, 4, 5, 6, 7]]": 0.5083, "[[0, 1]]": 0.5024, "[[0]]": 0.4988}}, {"accuracy": 0.8816, "Layer1": {"[[0, 1, 2, 3, 4, 5, 6, 7]]": 0.7505, "[[0, 1]]": 0.6933, "[[0]]": 0.4926}, "Layer2": {"[[0, 1, 2, 3, 4, 5, 6, 7]]": 0.6218, "[[0, 1]]": 0.4996, "[[0]]": 0.4942}, "Layer3": {"[[0, 1, 2, 3, 4, 5, 6, 7]]": 0.507, "[[0, 1]]": 0.5048, "[[0]]": 0.5078}}, {"accuracy": 0.9064, "Layer1": {"[[0, 1, 2, 3, 4, 5, 6, 7]]": 0.6963, "[[0, 1]]": 0.5955, "[[0]]": 0.5014}, "Layer2": {"[[0, 1, 2, 3, 4, 5, 6, 7]]": 0.5145, "[[0, 1]]": 0.5058, "[[0]]": 0.5089}, "Layer3": {"[[0, 1, 2, 3, 4, 5, 6, 7]]": 0.4979, "[[0, 1]]": 0.5038, "[[0]]": 0.4968}}, {"accuracy": 0.9256, "Layer1": {"[[0, 1, 2, 3, 4, 5, 6, 7]]": 0.6397, "[[0, 1]]": 0.5185, "[[0]]": 0.4978}, "Layer2": {"[[0, 1, 2, 3, 4, 5, 6, 7]]": 0.5358, "[[0, 1]]": 0.5045, "[[0]]": 0.5036}, "Layer3": {"[[0, 1, 2, 3, 4, 5, 6, 7]]": 0.5183, "[[0, 1]]": 0.5114, "[[0]]": 0.5047}}, {"accuracy": 0.9402, "Layer1": {"[[0, 1, 2, 3, 4, 5, 6, 7]]": 0.5155, "[[0, 1]]": 0.5761, "[[0]]": 0.5058}, "Layer2": {"[[0, 1, 2, 3, 4, 5, 6, 7]]": 0.5156, "[[0, 1]]": 0.5083, "[[0]]": 0.5022}, "Layer3": {"[[0, 1, 2, 3, 4, 5, 6, 7]]": 0.5046, "[[0, 1]]": 0.4954, "[[0]]": 0.506}}, {"accuracy": 0.951, "Layer1": {"[[0, 1, 2, 3, 4, 5, 6, 7]]": 0.509, "[[0, 1]]": 0.5287, "[[0]]": 0.498}, "Layer2": {"[[0, 1, 2, 3, 4, 5, 6, 7]]": 0.4962, "[[0, 1]]": 0.5145, "[[0]]": 0.4985}, "Layer3": {"[[0, 1, 2, 3, 4, 5, 6, 7]]": 0.5089, "[[0, 1]]": 0.5063, "[[0]]": 0.504}}, {"accuracy": 0.9582, "Layer1": {"[[0, 1, 2, 3, 4, 5, 6, 7]]": 0.5027, "[[0, 1]]": 0.5074, "[[0]]": 0.5098}, "Layer2": {"[[0, 1, 2, 3, 4, 5, 6, 7]]": 0.5233, "[[0, 1]]": 0.5062, "[[0]]": 0.5031}, "Layer3": {"[[0, 1, 2, 3, 4, 5, 6, 7]]": 0.5027, "[[0, 1]]": 0.5101, "[[0]]": 0.4966}}, {"accuracy": 0.9644, "Layer1": {"[[0, 1, 2, 3, 4, 5, 6, 7]]": 0.5026, "[[0, 1]]": 0.5179, "[[0]]": 0.498}, "Layer2": {"[[0, 1, 2, 3, 4, 5, 6, 7]]": 0.5133, "[[0, 1]]": 0.5072, "[[0]]": 0.5001}, "Layer3": {"[[0, 1, 2, 3, 4, 5, 6, 7]]": 0.5386, "[[0, 1]]": 0.5038, "[[0]]": 0.5165}}, {"accuracy": 0.9707, "Layer1": {"[[0, 1, 2, 3, 4, 5, 6, 7]]": 0.5049, "[[0, 1]]": 0.5093, "[[0]]": 0.5122}, "Layer2": {"[[0, 1, 2, 3, 4, 5, 6, 7]]": 0.5065, "[[0, 1]]": 0.5134, "[[0]]": 0.5026}, "Layer3": {"[[0, 1, 2, 3, 4, 5, 6, 7]]": 0.5206, "[[0, 1]]": 0.5044, "[[0]]": 0.5097}}, {"accuracy": 0.9768, "Layer1": {"[[0, 1, 2, 3, 4, 5, 6, 7]]": 0.5008, "[[0, 1]]": 0.5035, "[[0]]": 0.5008}, "Layer2": {"[[0, 1, 2, 3, 4, 5, 6, 7]]": 0.5114, "[[0, 1]]": 0.5355, "[[0]]": 0.5022}, "Layer3": {"[[0, 1, 2, 3, 4, 5, 6, 7]]": 0.5175, "[[0, 1]]": 0.4959, "[[0]]": 0.4939}}], [{"accuracy": 0.4986, "Layer1": {"[[0, 1, 2, 3, 4, 5, 6, 7]]": 0.8048, "[[0, 1]]": 0.4955, "[[0]]": 0.5079}, "Layer2": {"[[0, 1, 2, 3, 4, 5, 6, 7]]": 0.5048, "[[0, 1]]": 0.5113, "[[0]]": 0.5009}, "Layer3": {"[[0, 1, 2, 3, 4, 5, 6, 7]]": 0.5896, "[[0, 1]]": 0.5025, "[[0]]": 0.514}}, {"accuracy": 0.5012, "Layer1": {"[[0, 1, 2, 3, 4, 5, 6, 7]]": 0.7866, "[[0, 1]]": 0.7515, "[[0]]": 0.6907}, "Layer2": {"[[0, 1, 2, 3, 4, 5, 6, 7]]": 0.6266, "[[0, 1]]": 0.5928, "[[0]]": 0.563}, "Layer3": {"[[0, 1, 2, 3, 4, 5, 6, 7]]": 0.498, "[[0, 1]]": 0.5086, "[[0]]": 0.508}}, {"accuracy": 0.5033, "Layer1": {"[[0, 1, 2, 3, 4, 5, 6, 7]]": 0.7781, "[[0, 1]]": 0.7659, "[[0]]": 0.7024}, "Layer2": {"[[0, 1, 2, 3, 4, 5, 6, 7]]": 0.6568, "[[0, 1]]": 0.6387, "[[0]]": 0.5961}, "Layer3": {"[[0, 1, 2, 3, 4, 5, 6, 7]]": 0.574, "[[0, 1]]": 0.5372, "[[0]]": 0.5128}}, {"accuracy": 0.5597, "Layer1": {"[[0, 1, 2, 3, 4, 5, 6, 7]]": 0.817, "[[0, 1]]": 0.7907, "[[0]]": 0.7161}, "Layer2": {"[[0, 1, 2, 3, 4, 5, 6, 7]]": 0.696, "[[0, 1]]": 0.6582, "[[0]]": 0.6208}, "Layer3": {"[[0, 1, 2, 3, 4, 5, 6, 7]]": 0.6191, "[[0, 1]]": 0.5981, "[[0]]": 0.5521}}, {"accuracy": 0.651, "Layer1": {"[[0, 1, 2, 3, 4, 5, 6, 7]]": 0.8492, "[[0, 1]]": 0.8049, "[[0]]": 0.7443}, "Layer2": {"[[0, 1, 2, 3, 4, 5, 6, 7]]": 0.7686, "[[0, 1]]": 0.7165, "[[0]]": 0.665}, "Layer3": {"[[0, 1, 2, 3, 4, 5, 6, 7]]": 0.6867, "[[0, 1]]": 0.6583, "[[0]]": 0.6253}}, {"accuracy": 0.6623, "Layer1": {"[[0, 1, 2, 3, 4, 5, 6, 7]]": 0.8656, "[[0, 1]]": 0.8244, "[[0]]": 0.7683}, "Layer2": {"[[0, 1, 2, 3, 4, 5, 6, 7]]": 0.7581, "[[0, 1]]": 0.7448, "[[0]]": 0.6726}, "Layer3": {"[[0, 1, 2, 3, 4, 5, 6, 7]]": 0.6557, "[[0, 1]]": 0.6306, "[[0]]": 0.5933}}, {"accuracy": 0.7378, "Layer1": {"[[0, 1, 2, 3, 4, 5, 6, 7]]": 0.872, "[[0, 1]]": 0.8444, "[[0]]": 0.7922}, "Layer2": {"[[0, 1, 2, 3, 4, 5, 6, 7]]": 0.76, "[[0, 1]]": 0.7431, "[[0]]": 0.7063}, "Layer3": {"[[0, 1, 2, 3, 4, 5, 6, 7]]": 0.6285, "[[0, 1]]": 0.6189, "[[0]]": 0.5268}}, {"accuracy": 0.8094, "Layer1": {"[[0, 1, 2, 3, 4, 5, 6, 7]]": 0.891, "[[0, 1]]": 0.8722, "[[0]]": 0.8061}, "Layer2": {"[[0, 1, 2, 3, 4, 5, 6, 7]]": 0.7449, "[[0, 1]]": 0.7315, "[[0]]": 0.7096}, "Layer3": {"[[0, 1, 2, 3, 4, 5, 6, 7]]": 0.6365, "[[0, 1]]": 0.6016, "[[0]]": 0.5294}}, {"accuracy": 0.8573, "Layer1": {"[[0, 1, 2, 3, 4, 5, 6, 7]]": 0.8749, "[[0, 1]]": 0.8428, "[[0]]": 0.7937}, "Layer2": {"[[0, 1, 2, 3, 4, 5, 6, 7]]": 0.7404, "[[0, 1]]": 0.7121, "[[0]]": 0.5517}, "Layer3": {"[[0, 1, 2, 3, 4, 5, 6, 7]]": 0.6173, "[[0, 1]]": 0.5711, "[[0]]": 0.5205}}, {"accuracy": 0.8935, "Layer1": {"[[0, 1, 2, 3, 4, 5, 6, 7]]": 0.8746, "[[0, 1]]": 0.827, "[[0]]": 0.5342}, "Layer2": {"[[0, 1, 2, 3, 4, 5, 6, 7]]": 0.7205, "[[0, 1]]": 0.7017, "[[0]]": 0.5192}, "Layer3": {"[[0, 1, 2, 3, 4, 5, 6, 7]]": 0.5801, "[[0, 1]]": 0.5626, "[[0]]": 0.53}}, {"accuracy": 0.9149, "Layer1": {"[[0, 1, 2, 3, 4, 5, 6, 7]]": 0.8792, "[[0, 1]]": 0.8378, "[[0]]": 0.551}, "Layer2": {"[[0, 1, 2, 3, 4, 5, 6, 7]]": 0.7013, "[[0, 1]]": 0.685, "[[0]]": 0.5265}, "Layer3": {"[[0, 1, 2, 3, 4, 5, 6, 7]]": 0.5706, "[[0, 1]]": 0.5578, "[[0]]": 0.5288}}, {"accuracy": 0.9273, "Layer1": {"[[0, 1, 2, 3, 4, 5, 6, 7]]": 0.833, "[[0, 1]]": 0.826, "[[0]]": 0.5405}, "Layer2": {"[[0, 1, 2, 3, 4, 5, 6, 7]]": 0.6825, "[[0, 1]]": 0.5601, "[[0]]": 0.5316}, "Layer3": {"[[0, 1, 2, 3, 4, 5, 6, 7]]": 0.5476, "[[0, 1]]": 0.5502, "[[0]]": 0.5296}}, {"accuracy": 0.9427, "Layer1": {"[[0, 1, 2, 3, 4, 5, 6, 7]]": 0.8665, "[[0, 1]]": 0.793, "[[0]]": 0.5288}, "Layer2": {"[[0, 1, 2, 3, 4, 5, 6, 7]]": 0.6664, "[[0, 1]]": 0.5404, "[[0]]": 0.5261}, "Layer3": {"[[0, 1, 2, 3, 4, 5, 6, 7]]": 0.5653, "[[0, 1]]": 0.568, "[[0]]": 0.5179}}, {"accuracy": 0.9514, "Layer1": {"[[0, 1, 2, 3, 4, 5, 6, 7]]": 0.8553, "[[0, 1]]": 0.7833, "[[0]]": 0.5287}, "Layer2": {"[[0, 1, 2, 3, 4, 5, 6, 7]]": 0.5509, "[[0, 1]]": 0.5388, "[[0]]": 0.5217}, "Layer3": {"[[0, 1, 2, 3, 4, 5, 6, 7]]": 0.5802, "[[0, 1]]": 0.5213, "[[0]]": 0.507}}, {"accuracy": 0.9587, "Layer1": {"[[0, 1, 2, 3, 4, 5, 6, 7]]": 0.8, "[[0, 1]]": 0.7668, "[[0]]": 0.5255}, "Layer2": {"[[0, 1, 2, 3, 4, 5, 6, 7]]": 0.54, "[[0, 1]]": 0.5316, "[[0]]": 0.5336}, "Layer3": {"[[0, 1, 2, 3, 4, 5, 6, 7]]": 0.5341, "[[0, 1]]": 0.5214, "[[0]]": 0.5166}}, {"accuracy": 0.9638, "Layer1": {"[[0, 1, 2, 3, 4, 5, 6, 7]]": 0.8214, "[[0, 1]]": 0.7421, "[[0]]": 0.5334}, "Layer2": {"[[0, 1, 2, 3, 4, 5, 6, 7]]": 0.5257, "[[0, 1]]": 0.5368, "[[0]]": 0.5227}, "Layer3": {"[[0, 1, 2, 3, 4, 5, 6, 7]]": 0.5345, "[[0, 1]]": 0.5257, "[[0]]": 0.5092}}, {"accuracy": 0.9704, "Layer1": {"[[0, 1, 2, 3, 4, 5, 6, 7]]": 0.7959, "[[0, 1]]": 0.732, "[[0]]": 0.5199}, "Layer2": {"[[0, 1, 2, 3, 4, 5, 6, 7]]": 0.6516, "[[0, 1]]": 0.54, "[[0]]": 0.5315}, "Layer3": {"[[0, 1, 2, 3, 4, 5, 6, 7]]": 0.5429, "[[0, 1]]": 0.535, "[[0]]": 0.5223}}], [{"accuracy": 0.498, "Layer1": {"[[0, 1, 2, 3, 4, 5, 6, 7]]": 0.804, "[[0, 1]]": 0.7932, "[[0]]": 0.7413}, "Layer2": {"[[0, 1, 2, 3, 4, 5, 6, 7]]": 0.6736, "[[0, 1]]": 0.6698, "[[0]]": 0.6296}, "Layer3": {"[[0, 1, 2, 3, 4, 5, 6, 7]]": 0.5273, "[[0, 1]]": 0.5222, "[[0]]": 0.5219}}, {"accuracy": 0.5066, "Layer1": {"[[0, 1, 2, 3, 4, 5, 6, 7]]": 0.8211, "[[0, 1]]": 0.7774, "[[0]]": 0.7566}, "Layer2": {"[[0, 1, 2, 3, 4, 5, 6, 7]]": 0.6905, "[[0, 1]]": 0.6945, "[[0]]": 0.6446}, "Layer3": {"[[0, 1, 2, 3, 4, 5, 6, 7]]": 0.5239, "[[0, 1]]": 0.5235, "[[0]]": 0.5225}}, {"accuracy": 0.6025, "Layer1": {"[[0, 1, 2, 3, 4, 5, 6, 7]]": 0.8594, "[[0, 1]]": 0.8, "[[0]]": 0.7815}, "Layer2": {"[[0, 1, 2, 3, 4, 5, 6, 7]]": 0.7446, "[[0, 1]]": 0.7387, "[[0]]": 0.6912}, "Layer3": {"[[0, 1, 2, 3, 4, 5, 6, 7]]": 0.6366, "[[0, 1]]": 0.634, "[[0]]": 0.6032}}, {"accuracy": 0.644, "Layer1": {"[[0, 1, 2, 3, 4, 5, 6, 7]]": 0.8342, "[[0, 1]]": 0.843, "[[0]]": 0.7763}, "Layer2": {"[[0, 1, 2, 3, 4, 5, 6, 7]]": 0.742, "[[0, 1]]": 0.7403, "[[0]]": 0.6797}, "Layer3": {"[[0, 1, 2, 3, 4, 5, 6, 7]]": 0.6484, "[[0, 1]]": 0.6234, "[[0]]": 0.6146}}, {"accuracy": 0.6971, "Layer1": {"[[0, 1, 2, 3, 4, 5, 6, 7]]": 0.8312, "[[0, 1]]": 0.8223, "[[0]]": 0.7637}, "Layer2": {"[[0, 1, 2, 3, 4, 5, 6, 7]]": 0.699, "[[0, 1]]": 0.7015, "[[0]]": 0.6168}, "Layer3": {"[[0, 1, 2, 3, 4, 5, 6, 7]]": 0.6394, "[[0, 1]]": 0.5958, "[[0]]": 0.527}}, {"accuracy": 0.7545, "Layer1": {"[[0, 1, 2, 3, 4, 5, 6, 7]]": 0.8532, "[[0, 1]]": 0.8188, "[[0]]": 0.7487}, "Layer2": {"[[0, 1, 2, 3, 4, 5, 6, 7]]": 0.6821, "[[0, 1]]": 0.6662, "[[0]]": 0.5749}, "Layer3": {"[[0, 1, 2, 3, 4, 5, 6, 7]]": 0.5458, "[[0, 1]]": 0.5651, "[[0]]": 0.5112}}, {"accuracy": 0.8066, "Layer1": {"[[0, 1, 2, 3, 4, 5, 6, 7]]": 0.8349, "[[0, 1]]": 0.8083, "[[0]]": 0.753}, "Layer2": {"[[0, 1, 2, 3, 4, 5, 6, 7]]": 0.6284, "[[0, 1]]": 0.6504, "[[0]]": 0.5034}, "Layer3": {"[[0, 1, 2, 3, 4, 5, 6, 7]]": 0.5084, "[[0, 1]]": 0.5088, "[[0]]": 0.5018}}, {"accuracy": 0.8387, "Layer1": {"[[0, 1, 2, 3, 4, 5, 6, 7]]": 0.8133, "[[0, 1]]": 0.8001, "[[0]]": 0.7341}, "Layer2": {"[[0, 1, 2, 3, 4, 5, 6, 7]]": 0.6332, "[[0, 1]]": 0.5752, "[[0]]": 0.5045}, "Layer3": {"[[0, 1, 2, 3, 4, 5, 6, 7]]": 0.4946, "[[0, 1]]": 0.4991, "[[0]]": 0.5061}}, {"accuracy": 0.8573, "Layer1": {"[[0, 1, 2, 3, 4, 5, 6, 7]]": 0.5116, "[[0, 1]]": 0.6722, "[[0]]": 0.5113}, "Layer2": {"[[0, 1, 2, 3, 4, 5, 6, 7]]": 0.6181, "[[0, 1]]": 0.5102, "[[0]]": 0.5018}, "Layer3": {"[[0, 1, 2, 3, 4, 5, 6, 7]]": 0.4975, "[[0, 1]]": 0.5031, "[[0]]": 0.5154}}, {"accuracy": 0.8808, "Layer1": {"[[0, 1, 2, 3, 4, 5, 6, 7]]": 0.528, "[[0, 1]]": 0.5066, "[[0]]": 0.5128}, "Layer2": {"[[0, 1, 2, 3, 4, 5, 6, 7]]": 0.5405, "[[0, 1]]": 0.508, "[[0]]": 0.4982}, "Layer3": {"[[0, 1, 2, 3, 4, 5, 6, 7]]": 0.497, "[[0, 1]]": 0.5043, "[[0]]": 0.4963}}, {"accuracy": 0.8991, "Layer1": {"[[0, 1, 2, 3, 4, 5, 6, 7]]": 0.5078, "[[0, 1]]": 0.5094, "[[0]]": 0.4957}, "Layer2": {"[[0, 1, 2, 3, 4, 5, 6, 7]]": 0.4986, "[[0, 1]]": 0.5053, "[[0]]": 0.4979}, "Layer3": {"[[0, 1, 2, 3, 4, 5, 6, 7]]": 0.504, "[[0, 1]]": 0.4907, "[[0]]": 0.506}}, {"accuracy": 0.9402, "Layer1": {"[[0, 1, 2, 3, 4, 5, 6, 7]]": 0.5119, "[[0, 1]]": 0.5092, "[[0]]": 0.5151}, "Layer2": {"[[0, 1, 2, 3, 4, 5, 6, 7]]": 0.5142, "[[0, 1]]": 0.5083, "[[0]]": 0.4991}, "Layer3": {"[[0, 1, 2, 3, 4, 5, 6, 7]]": 0.5021, "[[0, 1]]": 0.4966, "[[0]]": 0.499}}, {"accuracy": 0.9713, "Layer1": {"[[0, 1, 2, 3, 4, 5, 6, 7]]": 0.5155, "[[0, 1]]": 0.5102, "[[0]]": 0.5053}, "Layer2": {"[[0, 1, 2, 3, 4, 5, 6, 7]]": 0.5107, "[[0, 1]]": 0.503, "[[0]]": 0.4979}, "Layer3": {"[[0, 1, 2, 3, 4, 5, 6, 7]]": 0.4928, "[[0, 1]]": 0.5043, "[[0]]": 0.4959}}, {"accuracy": 0.9841, "Layer1": {"[[0, 1, 2, 3, 4, 5, 6, 7]]": 0.5039, "[[0, 1]]": 0.5021, "[[0]]": 0.5131}, "Layer2": {"[[0, 1, 2, 3, 4, 5, 6, 7]]": 0.5338, "[[0, 1]]": 0.5029, "[[0]]": 0.5045}, "Layer3": {"[[0, 1, 2, 3, 4, 5, 6, 7]]": 0.5043, "[[0, 1]]": 0.5057, "[[0]]": 0.4926}}, {"accuracy": 0.9888, "Layer1": {"[[0, 1, 2, 3, 4, 5, 6, 7]]": 0.5011, "[[0, 1]]": 0.5063, "[[0]]": 0.4971}, "Layer2": {"[[0, 1, 2, 3, 4, 5, 6, 7]]": 0.5102, "[[0, 1]]": 0.5122, "[[0]]": 0.5059}, "Layer3": {"[[0, 1, 2, 3, 4, 5, 6, 7]]": 0.5006, "[[0, 1]]": 0.4979, "[[0]]": 0.51}}, {"accuracy": 0.9918, "Layer1": {"[[0, 1, 2, 3, 4, 5, 6, 7]]": 0.5112, "[[0, 1]]": 0.5024, "[[0]]": 0.5022}, "Layer2": {"[[0, 1, 2, 3, 4, 5, 6, 7]]": 0.5135, "[[0, 1]]": 0.4916, "[[0]]": 0.4999}, "Layer3": {"[[0, 1, 2, 3, 4, 5, 6, 7]]": 0.504, "[[0, 1]]": 0.4936, "[[0]]": 0.506}}, {"accuracy": 0.9943, "Layer1": {"[[0, 1, 2, 3, 4, 5, 6, 7]]": 0.5028, "[[0, 1]]": 0.5069, "[[0]]": 0.5082}, "Layer2": {"[[0, 1, 2, 3, 4, 5, 6, 7]]": 0.5165, "[[0, 1]]": 0.502, "[[0]]": 0.5042}, "Layer3": {"[[0, 1, 2, 3, 4, 5, 6, 7]]": 0.5003, "[[0, 1]]": 0.4976, "[[0]]": 0.5024}}], [{"accuracy": 0.5005, "Layer1": {"[[0, 1, 2, 3, 4, 5, 6, 7]]": 0.7962, "[[0, 1]]": 0.745, "[[0]]": 0.7006}, "Layer2": {"[[0, 1, 2, 3, 4, 5, 6, 7]]": 0.6444, "[[0, 1]]": 0.5965, "[[0]]": 0.5601}, "Layer3": {"[[0, 1, 2, 3, 4, 5, 6, 7]]": 0.5861, "[[0, 1]]": 0.5504, "[[0]]": 0.5276}}, {"accuracy": 0.5071, "Layer1": {"[[0, 1, 2, 3, 4, 5, 6, 7]]": 0.7843, "[[0, 1]]": 0.7604, "[[0]]": 0.6801}, "Layer2": {"[[0, 1, 2, 3, 4, 5, 6, 7]]": 0.6212, "[[0, 1]]": 0.5824, "[[0]]": 0.5611}, "Layer3": {"[[0, 1, 2, 3, 4, 5, 6, 7]]": 0.4935, "[[0, 1]]": 0.5003, "[[0]]": 0.5106}}, {"accuracy": 0.5649, "Layer1": {"[[0, 1, 2, 3, 4, 5, 6, 7]]": 0.7857, "[[0, 1]]": 0.7625, "[[0]]": 0.7136}, "Layer2": {"[[0, 1, 2, 3, 4, 5, 6, 7]]": 0.6256, "[[0, 1]]": 0.6013, "[[0]]": 0.5736}, "Layer3": {"[[0, 1, 2, 3, 4, 5, 6, 7]]": 0.5288, "[[0, 1]]": 0.5089, "[[0]]": 0.5001}}, {"accuracy": 0.6144, "Layer1": {"[[0, 1, 2, 3, 4, 5, 6, 7]]": 0.8229, "[[0, 1]]": 0.794, "[[0]]": 0.717}, "Layer2": {"[[0, 1, 2, 3, 4, 5, 6, 7]]": 0.7084, "[[0, 1]]": 0.6824, "[[0]]": 0.6118}, "Layer3": {"[[0, 1, 2, 3, 4, 5, 6, 7]]": 0.6177, "[[0, 1]]": 0.612, "[[0]]": 0.5566}}, {"accuracy": 0.6641, "Layer1": {"[[0, 1, 2, 3, 4, 5, 6, 7]]": 0.8518, "[[0, 1]]": 0.8357, "[[0]]": 0.7684}, "Layer2": {"[[0, 1, 2, 3, 4, 5, 6, 7]]": 0.738, "[[0, 1]]": 0.7329, "[[0]]": 0.6441}, "Layer3": {"[[0, 1, 2, 3, 4, 5, 6, 7]]": 0.552, "[[0, 1]]": 0.545, "[[0]]": 0.5231}}, {"accuracy": 0.7129, "Layer1": {"[[0, 1, 2, 3, 4, 5, 6, 7]]": 0.8931, "[[0, 1]]": 0.8203, "[[0]]": 0.4971}, "Layer2": {"[[0, 1, 2, 3, 4, 5, 6, 7]]": 0.5324, "[[0, 1]]": 0.5355, "[[0]]": 0.5012}, "Layer3": {"[[0, 1, 2, 3, 4, 5, 6, 7]]": 0.537, "[[0, 1]]": 0.5477, "[[0]]": 0.5239}}, {"accuracy": 0.7686, "Layer1": {"[[0, 1, 2, 3, 4, 5, 6, 7]]": 0.85, "[[0, 1]]": 0.7807, "[[0]]": 0.5208}, "Layer2": {"[[0, 1, 2, 3, 4, 5, 6, 7]]": 0.5263, "[[0, 1]]": 0.5281, "[[0]]": 0.5262}, "Layer3": {"[[0, 1, 2, 3, 4, 5, 6, 7]]": 0.5332, "[[0, 1]]": 0.5217, "[[0]]": 0.5159}}, {"accuracy": 0.8064, "Layer1": {"[[0, 1, 2, 3, 4, 5, 6, 7]]": 0.8585, "[[0, 1]]": 0.8327, "[[0]]": 0.7352}, "Layer2": {"[[0, 1, 2, 3, 4, 5, 6, 7]]": 0.6903, "[[0, 1]]": 0.6992, "[[0]]": 0.5275}, "Layer3": {"[[0, 1, 2, 3, 4, 5, 6, 7]]": 0.5784, "[[0, 1]]": 0.5234, "[[0]]": 0.4988}}, {"accuracy": 0.828, "Layer1": {"[[0, 1, 2, 3, 4, 5, 6, 7]]": 0.8507, "[[0, 1]]": 0.8011, "[[0]]": 0.5282}, "Layer2": {"[[0, 1, 2, 3, 4, 5, 6, 7]]": 0.6996, "[[0, 1]]": 0.5362, "[[0]]": 0.5247}, "Layer3": {"[[0, 1, 2, 3, 4, 5, 6, 7]]": 0.5087, "[[0, 1]]": 0.501, "[[0]]": 0.5}}, {"accuracy": 0.8466, "Layer1": {"[[0, 1, 2, 3, 4, 5, 6, 7]]": 0.8276, "[[0, 1]]": 0.7814, "[[0]]": 0.5375}, "Layer2": {"[[0, 1, 2, 3, 4, 5, 6, 7]]": 0.5005, "[[0, 1]]": 0.6574, "[[0]]": 0.5148}, "Layer3": {"[[0, 1, 2, 3, 4, 5, 6, 7]]": 0.499, "[[0, 1]]": 0.5056, "[[0]]": 0.5008}}, {"accuracy": 0.8679, "Layer1": {"[[0, 1, 2, 3, 4, 5, 6, 7]]": 0.7921, "[[0, 1]]": 0.789, "[[0]]": 0.5051}, "Layer2": {"[[0, 1, 2, 3, 4, 5, 6, 7]]": 0.6962, "[[0, 1]]": 0.6842, "[[0]]": 0.5038}, "Layer3": {"[[0, 1, 2, 3, 4, 5, 6, 7]]": 0.4989, "[[0, 1]]": 0.5033, "[[0]]": 0.5025}}, {"accuracy": 0.8898, "Layer1": {"[[0, 1, 2, 3, 4, 5, 6, 7]]": 0.7918, "[[0, 1]]": 0.7759, "[[0]]": 0.545}, "Layer2": {"[[0, 1, 2, 3, 4, 5, 6, 7]]": 0.6811, "[[0, 1]]": 0.6927, "[[0]]": 0.5381}, "Layer3": {"[[0, 1, 2, 3, 4, 5, 6, 7]]": 0.5294, "[[0, 1]]": 0.5086, "[[0]]": 0.5012}}, {"accuracy": 0.9091, "Layer1": {"[[0, 1, 2, 3, 4, 5, 6, 7]]": 0.7532, "[[0, 1]]": 0.7823, "[[0]]": 0.5291}, "Layer2": {"[[0, 1, 2, 3, 4, 5, 6, 7]]": 0.7236, "[[0, 1]]": 0.6791, "[[0]]": 0.5287}, "Layer3": {"[[0, 1, 2, 3, 4, 5, 6, 7]]": 0.5033, "[[0, 1]]": 0.5039, "[[0]]": 0.4981}}, {"accuracy": 0.923, "Layer1": {"[[0, 1, 2, 3, 4, 5, 6, 7]]": 0.7664, "[[0, 1]]": 0.7379, "[[0]]": 0.5187}, "Layer2": {"[[0, 1, 2, 3, 4, 5, 6, 7]]": 0.7077, "[[0, 1]]": 0.5356, "[[0]]": 0.5165}, "Layer3": {"[[0, 1, 2, 3, 4, 5, 6, 7]]": 0.604, "[[0, 1]]": 0.522, "[[0]]": 0.5091}}, {"accuracy": 0.9364, "Layer1": {"[[0, 1, 2, 3, 4, 5, 6, 7]]": 0.4989, "[[0, 1]]": 0.5061, "[[0]]": 0.5043}, "Layer2": {"[[0, 1, 2, 3, 4, 5, 6, 7]]": 0.6941, "[[0, 1]]": 0.541, "[[0]]": 0.5037}, "Layer3": {"[[0, 1, 2, 3, 4, 5, 6, 7]]": 0.5046, "[[0, 1]]": 0.5075, "[[0]]": 0.4988}}, {"accuracy": 0.9475, "Layer1": {"[[0, 1, 2, 3, 4, 5, 6, 7]]": 0.7221, "[[0, 1]]": 0.5285, "[[0]]": 0.4964}, "Layer2": {"[[0, 1, 2, 3, 4, 5, 6, 7]]": 0.6696, "[[0, 1]]": 0.5382, "[[0]]": 0.5039}, "Layer3": {"[[0, 1, 2, 3, 4, 5, 6, 7]]": 0.528, "[[0, 1]]": 0.5634, "[[0]]": 0.4975}}, {"accuracy": 0.9553, "Layer1": {"[[0, 1, 2, 3, 4, 5, 6, 7]]": 0.5238, "[[0, 1]]": 0.5015, "[[0]]": 0.5061}, "Layer2": {"[[0, 1, 2, 3, 4, 5, 6, 7]]": 0.5096, "[[0, 1]]": 0.5151, "[[0]]": 0.5087}, "Layer3": {"[[0, 1, 2, 3, 4, 5, 6, 7]]": 0.5435, "[[0, 1]]": 0.5283, "[[0]]": 0.5059}}]]