[{"accuracy": 0.9997, "Layer1": {"[[0, 1, 2, 3, 4, 5, 6, 7], [8, 9, 10, 11, 12, 13, 14, 15]]": 0.8507, "[[0, 1], [2, 3]]": 0.7733, "[[0], [1]]": 0.7611}, "Layer2": {"[[0, 1, 2, 3, 4, 5, 6, 7], [8, 9, 10, 11, 12, 13, 14, 15]]": 0.5936, "[[0, 1], [2, 3]]": 0.5278, "[[0], [1]]": 0.5076}, "Layer3": {"[[0, 1, 2, 3, 4, 5, 6, 7], [8, 9, 10, 11, 12, 13, 14, 15]]": 0.5045, "[[0, 1], [2, 3]]": 0.5053, "[[0], [1]]": 0.5018}}, {"accuracy": 0.9992, "Layer1": {"[[0, 1, 2, 3, 4, 5, 6, 7], [8, 9, 10, 11, 12, 13, 14, 15]]": 0.8798, "[[0, 1], [2, 3]]": 0.8318, "[[0], [1]]": 0.8255}, "Layer2": {"[[0, 1, 2, 3, 4, 5, 6, 7], [8, 9, 10, 11, 12, 13, 14, 15]]": 0.5178, "[[0, 1], [2, 3]]": 0.5008, "[[0], [1]]": 0.5207}, "Layer3": {"[[0, 1, 2, 3, 4, 5, 6, 7], [8, 9, 10, 11, 12, 13, 14, 15]]": 0.5004, "[[0, 1], [2, 3]]": 0.4983, "[[0], [1]]": 0.5042}}, {"accuracy": 0.999, "Layer1": {"[[0, 1, 2, 3, 4, 5, 6, 7], [8, 9, 10, 11, 12, 13, 14, 15]]": 0.7185, "[[0, 1], [2, 3]]": 0.6334, "[[0], [1]]": 0.5901}, "Layer2": {"[[0, 1, 2, 3, 4, 5, 6, 7], [8, 9, 10, 11, 12, 13, 14, 15]]": 0.7277, "[[0, 1], [2, 3]]": 0.6993, "[[0], [1]]": 0.7134}, "Layer3": {"[[0, 1, 2, 3, 4, 5, 6, 7], [8, 9, 10, 11, 12, 13, 14, 15]]": 0.5065, "[[0, 1], [2, 3]]": 0.5003, "[[0], [1]]": 0.4936}}, {"accuracy": 0.9996, "Layer1": {"[[0, 1, 2, 3, 4, 5, 6, 7], [8, 9, 10, 11, 12, 13, 14, 15]]": 0.8217, "[[0, 1], [2, 3]]": 0.7466, "[[0], [1]]": 0.5604}, "Layer2": {"[[0, 1, 2, 3, 4, 5, 6, 7], [8, 9, 10, 11, 12, 13, 14, 15]]": 0.5507, "[[0, 1], [2, 3]]": 0.5626, "[[0], [1]]": 0.4953}, "Layer3": {"[[0, 1, 2, 3, 4, 5, 6, 7], [8, 9, 10, 11, 12, 13, 14, 15]]": 0.4967, "[[0, 1], [2, 3]]": 0.4931, "[[0], [1]]": 0.504}}, {"accuracy": 0.9975, "Layer1": {"[[0, 1, 2, 3, 4, 5, 6, 7], [8, 9, 10, 11, 12, 13, 14, 15]]": 0.7888, "[[0, 1], [2, 3]]": 0.6406, "[[0], [1]]": 0.643}, "Layer2": {"[[0, 1, 2, 3, 4, 5, 6, 7], [8, 9, 10, 11, 12, 13, 14, 15]]": 0.6792, "[[0, 1], [2, 3]]": 0.6362, "[[0], [1]]": 0.6521}, "Layer3": {"[[0, 1, 2, 3, 4, 5, 6, 7], [8, 9, 10, 11, 12, 13, 14, 15]]": 0.5002, "[[0, 1], [2, 3]]": 0.4945, "[[0], [1]]": 0.5038}}, {"accuracy": 0.9997, "Layer1": {"[[0, 1, 2, 3, 4, 5, 6, 7], [8, 9, 10, 11, 12, 13, 14, 15]]": 0.9747, "[[0, 1], [2, 3]]": 0.9619, "[[0], [1]]": 0.9189}, "Layer2": {"[[0, 1, 2, 3, 4, 5, 6, 7], [8, 9, 10, 11, 12, 13, 14, 15]]": 0.7375, "[[0, 1], [2, 3]]": 0.7086, "[[0], [1]]": 0.5643}, "Layer3": {"[[0, 1, 2, 3, 4, 5, 6, 7], [8, 9, 10, 11, 12, 13, 14, 15]]": 0.4927, "[[0, 1], [2, 3]]": 0.5041, "[[0], [1]]": 0.505}}, {"accuracy": 0.9997, "Layer1": {"[[0, 1, 2, 3, 4, 5, 6, 7], [8, 9, 10, 11, 12, 13, 14, 15]]": 0.9656, "[[0, 1], [2, 3]]": 0.8444, "[[0], [1]]": 0.8019}, "Layer2": {"[[0, 1, 2, 3, 4, 5, 6, 7], [8, 9, 10, 11, 12, 13, 14, 15]]": 0.5023, "[[0, 1], [2, 3]]": 0.5275, "[[0], [1]]": 0.5088}, "Layer3": {"[[0, 1, 2, 3, 4, 5, 6, 7], [8, 9, 10, 11, 12, 13, 14, 15]]": 0.4903, "[[0, 1], [2, 3]]": 0.5, "[[0], [1]]": 0.5008}}, {"accuracy": 0.9994, "Layer1": {"[[0, 1, 2, 3, 4, 5, 6, 7], [8, 9, 10, 11, 12, 13, 14, 15]]": 0.8945, "[[0, 1], [2, 3]]": 0.8215, "[[0], [1]]": 0.6889}, "Layer2": {"[[0, 1, 2, 3, 4, 5, 6, 7], [8, 9, 10, 11, 12, 13, 14, 15]]": 0.6511, "[[0, 1], [2, 3]]": 0.596, "[[0], [1]]": 0.574}, "Layer3": {"[[0, 1, 2, 3, 4, 5, 6, 7], [8, 9, 10, 11, 12, 13, 14, 15]]": 0.4957, "[[0, 1], [2, 3]]": 0.5001, "[[0], [1]]": 0.5027}}, {"accuracy": 0.9994, "Layer1": {"[[0, 1, 2, 3, 4, 5, 6, 7], [8, 9, 10, 11, 12, 13, 14, 15]]": 0.7694, "[[0, 1], [2, 3]]": 0.7649, "[[0], [1]]": 0.7566}, "Layer2": {"[[0, 1, 2, 3, 4, 5, 6, 7], [8, 9, 10, 11, 12, 13, 14, 15]]": 0.6691, "[[0, 1], [2, 3]]": 0.6572, "[[0], [1]]": 0.6402}, "Layer3": {"[[0, 1, 2, 3, 4, 5, 6, 7], [8, 9, 10, 11, 12, 13, 14, 15]]": 0.4996, "[[0, 1], [2, 3]]": 0.499, "[[0], [1]]": 0.4951}}, {"accuracy": 0.9997, "Layer1": {"[[0, 1, 2, 3, 4, 5, 6, 7], [8, 9, 10, 11, 12, 13, 14, 15]]": 0.7577, "[[0, 1], [2, 3]]": 0.7406, "[[0], [1]]": 0.7576}, "Layer2": {"[[0, 1, 2, 3, 4, 5, 6, 7], [8, 9, 10, 11, 12, 13, 14, 15]]": 0.5107, "[[0, 1], [2, 3]]": 0.5002, "[[0], [1]]": 0.5019}, "Layer3": {"[[0, 1, 2, 3, 4, 5, 6, 7], [8, 9, 10, 11, 12, 13, 14, 15]]": 0.4934, "[[0, 1], [2, 3]]": 0.5045, "[[0], [1]]": 0.4971}}]