[{"accuracy": 0.9997, "Layer1": [[[1, 0, 5, 11, 13, 15, 2, 4], [7, 3, 10, 6, 12, 9, 8, 14]], 0.7609], "Layer2": [[[11, 2, 13, 4, 8, 0, 5, 15], [14, 6, 12, 3, 10, 7, 9, 1]], 0.6419], "Layer3": [[[3, 12, 10, 11, 14, 6, 9, 15, 5, 8], [1, 7, 13, 2, 0, 4]], 0.5532]}, {"accuracy": 0.9992, "Layer1": [[[7, 14, 12, 11, 9, 10, 8, 13, 15], [4, 2, 1, 3, 6, 0, 5]], 0.8432], "Layer2": [[[13, 8, 15, 5, 9, 1, 0], [6, 10, 12, 14, 3, 11, 7, 4]], 0.6193], "Layer3": [[[8, 2, 3, 14, 15, 9, 13, 1], [4, 11, 12, 7, 5, 0, 10, 6]], 0.5097]}, {"accuracy": 0.999, "Layer1": [[[0, 1, 12, 10], [6, 4]], 0.599], "Layer2": [[[12, 13, 5, 14, 6, 3, 15, 9, 10, 0, 2], [1, 4, 7, 11, 8]], 0.6527], "Layer3": [[[12, 3, 0, 4, 6, 1, 7], [15, 10, 9, 11, 5, 14, 8, 2, 13]], 0.6281]}, {"accuracy": 0.9996, "Layer1": [[[2, 11, 1, 8, 12, 0, 9, 6, 4, 10, 7], [13, 14, 15, 3, 5]], 0.7066], "Layer2": [[[13, 12, 7, 1, 15, 3, 0, 9, 4], [2, 6, 8, 14, 5, 10, 11]], 0.6665], "Layer3": [[[0, 5, 6, 7, 8, 12, 3, 15], [13, 11, 2, 1, 4, 9, 14, 10]], 0.5486]}, {"accuracy": 0.9975, "Layer1": [[[14], [7, 1, 12, 3, 15, 4, 10, 9, 11, 13, 6, 0, 8, 5, 2]], 0.723], "Layer2": [[[6, 14, 3, 9, 2, 11, 13, 5, 8], [1, 7, 15, 0, 4, 10, 12]], 0.6213], "Layer3": [[[5, 6, 11, 0, 15, 1, 8, 12], [3, 14, 13, 10, 9, 2, 7, 4]], 0.5843]}, {"accuracy": 0.9997, "Layer1": [[[0, 8, 10, 1, 5, 4, 15], [2, 3, 11, 13, 12, 7, 6]], 0.9489], "Layer2": [[[8, 9, 2, 0, 11], [5, 12, 3, 14, 15, 10, 7, 6, 13, 1, 4]], 0.6608], "Layer3": [[[7, 13, 11, 2, 15, 3, 1], [8, 9, 5, 12]], 0.6742]}, {"accuracy": 0.9997, "Layer1": [[[1, 15, 6, 7, 14, 12, 8, 9, 2], [3, 4, 13, 10, 5, 11, 0]], 0.8083], "Layer2": [[[9, 10, 11, 7, 1, 6, 2, 15, 13], [5, 14, 12, 0, 8, 3, 4]], 0.6482], "Layer3": [[[8, 2, 0, 1, 12, 15, 6, 7, 5, 10], [13, 9, 11, 3, 14, 4]], 0.5158]}, {"accuracy": 0.9994, "Layer1": [[[13, 8, 7, 2, 5], [9, 4, 1, 10, 3, 15, 6, 0, 11, 12]], 0.7676], "Layer2": [[[15, 4, 13, 1, 12, 0, 3, 2], [14, 10, 6, 8, 9, 11, 7, 5]], 0.6412], "Layer3": [[[1, 4, 0, 13, 11, 6, 7, 15], [2, 10, 8, 5, 9, 12, 3, 14]], 0.6205]}, {"accuracy": 0.9994, "Layer1": [[[1, 11, 7, 9, 3, 0, 15, 10, 14, 2, 5, 12], [4, 13, 6, 8]], 0.7259], "Layer2": [[[1, 12, 7, 13, 8, 3, 15, 2, 11, 4, 5, 14], [6, 9, 0, 10]], 0.6189], "Layer3": [[[15, 3, 2, 6, 5], [8, 1]], 0.5136]}, {"accuracy": 0.9997, "Layer1": [[[2, 9, 12, 15], [13, 4, 8, 14, 1, 0, 5, 7, 11, 3, 6, 10]], 0.7361], "Layer2": [[[15, 11, 12, 0, 9, 13, 14], [5, 7, 3, 6, 10, 8, 1, 2]], 0.6543], "Layer3": [[[9, 11, 3, 6, 5], [10, 4, 12, 8]], 0.5026]}]