[[{"accuracy": 0.4967, "Layer1": {"[[0, 1, 2, 3, 4, 5, 6, 7], [8, 9, 10, 11, 12, 13, 14, 15]]": 0.7416, "[[0, 1], [2, 3]]": 0.4947, "[[0], [1]]": 0.502}, "Layer2": {"[[0, 1, 2, 3, 4, 5, 6, 7], [8, 9, 10, 11, 12, 13, 14, 15]]": 0.637, "[[0, 1], [2, 3]]": 0.5088, "[[0], [1]]": 0.4932}, "Layer3": {"[[0, 1, 2, 3, 4, 5, 6, 7], [8, 9, 10, 11, 12, 13, 14, 15]]": 0.4872, "[[0, 1], [2, 3]]": 0.5039, "[[0], [1]]": 0.5025}}, {"accuracy": 0.5035, "Layer1": {"[[0, 1, 2, 3, 4, 5, 6, 7], [8, 9, 10, 11, 12, 13, 14, 15]]": 0.7933, "[[0, 1], [2, 3]]": 0.789, "[[0], [1]]": 0.7529}, "Layer2": {"[[0, 1, 2, 3, 4, 5, 6, 7], [8, 9, 10, 11, 12, 13, 14, 15]]": 0.6549, "[[0, 1], [2, 3]]": 0.6667, "[[0], [1]]": 0.6458}, "Layer3": {"[[0, 1, 2, 3, 4, 5, 6, 7], [8, 9, 10, 11, 12, 13, 14, 15]]": 0.4964, "[[0, 1], [2, 3]]": 0.4969, "[[0], [1]]": 0.4997}}, {"accuracy": 0.5842, "Layer1": {"[[0, 1, 2, 3, 4, 5, 6, 7], [8, 9, 10, 11, 12, 13, 14, 15]]": 0.903, "[[0, 1], [2, 3]]": 0.9049, "[[0], [1]]": 0.8503}, "Layer2": {"[[0, 1, 2, 3, 4, 5, 6, 7], [8, 9, 10, 11, 12, 13, 14, 15]]": 0.776, "[[0, 1], [2, 3]]": 0.7655, "[[0], [1]]": 0.7437}, "Layer3": {"[[0, 1, 2, 3, 4, 5, 6, 7], [8, 9, 10, 11, 12, 13, 14, 15]]": 0.6487, "[[0, 1], [2, 3]]": 0.635, "[[0], [1]]": 0.6098}}, {"accuracy": 0.6019, "Layer1": {"[[0, 1, 2, 3, 4, 5, 6, 7], [8, 9, 10, 11, 12, 13, 14, 15]]": 0.9338, "[[0, 1], [2, 3]]": 0.9084, "[[0], [1]]": 0.8906}, "Layer2": {"[[0, 1, 2, 3, 4, 5, 6, 7], [8, 9, 10, 11, 12, 13, 14, 15]]": 0.8348, "[[0, 1], [2, 3]]": 0.834, "[[0], [1]]": 0.8108}, "Layer3": {"[[0, 1, 2, 3, 4, 5, 6, 7], [8, 9, 10, 11, 12, 13, 14, 15]]": 0.7211, "[[0, 1], [2, 3]]": 0.7355, "[[0], [1]]": 0.7002}}, {"accuracy": 0.672, "Layer1": {"[[0, 1, 2, 3, 4, 5, 6, 7], [8, 9, 10, 11, 12, 13, 14, 15]]": 0.9463, "[[0, 1], [2, 3]]": 0.9451, "[[0], [1]]": 0.9289}, "Layer2": {"[[0, 1, 2, 3, 4, 5, 6, 7], [8, 9, 10, 11, 12, 13, 14, 15]]": 0.9028, "[[0, 1], [2, 3]]": 0.9074, "[[0], [1]]": 0.891}, "Layer3": {"[[0, 1, 2, 3, 4, 5, 6, 7], [8, 9, 10, 11, 12, 13, 14, 15]]": 0.8453, "[[0, 1], [2, 3]]": 0.8162, "[[0], [1]]": 0.8087}}, {"accuracy": 0.7702, "Layer1": {"[[0, 1, 2, 3, 4, 5, 6, 7], [8, 9, 10, 11, 12, 13, 14, 15]]": 0.9772, "[[0, 1], [2, 3]]": 0.9759, "[[0], [1]]": 0.937}, "Layer2": {"[[0, 1, 2, 3, 4, 5, 6, 7], [8, 9, 10, 11, 12, 13, 14, 15]]": 0.9485, "[[0, 1], [2, 3]]": 0.9414, "[[0], [1]]": 0.9351}, "Layer3": {"[[0, 1, 2, 3, 4, 5, 6, 7], [8, 9, 10, 11, 12, 13, 14, 15]]": 0.8979, "[[0, 1], [2, 3]]": 0.8933, "[[0], [1]]": 0.8636}}, {"accuracy": 0.8637, "Layer1": {"[[0, 1, 2, 3, 4, 5, 6, 7], [8, 9, 10, 11, 12, 13, 14, 15]]": 0.9871, "[[0, 1], [2, 3]]": 0.9873, "[[0], [1]]": 0.9748}, "Layer2": {"[[0, 1, 2, 3, 4, 5, 6, 7], [8, 9, 10, 11, 12, 13, 14, 15]]": 0.9711, "[[0, 1], [2, 3]]": 0.9694, "[[0], [1]]": 0.9652}, "Layer3": {"[[0, 1, 2, 3, 4, 5, 6, 7], [8, 9, 10, 11, 12, 13, 14, 15]]": 0.9035, "[[0, 1], [2, 3]]": 0.9338, "[[0], [1]]": 0.9041}}, {"accuracy": 0.9149, "Layer1": {"[[0, 1, 2, 3, 4, 5, 6, 7], [8, 9, 10, 11, 12, 13, 14, 15]]": 0.9915, "[[0, 1], [2, 3]]": 0.9937, "[[0], [1]]": 0.9882}, "Layer2": {"[[0, 1, 2, 3, 4, 5, 6, 7], [8, 9, 10, 11, 12, 13, 14, 15]]": 0.9765, "[[0, 1], [2, 3]]": 0.9624, "[[0], [1]]": 0.9831}, "Layer3": {"[[0, 1, 2, 3, 4, 5, 6, 7], [8, 9, 10, 11, 12, 13, 14, 15]]": 0.9477, "[[0, 1], [2, 3]]": 0.9292, "[[0], [1]]": 0.9311}}, {"accuracy": 0.9444, "Layer1": {"[[0, 1, 2, 3, 4, 5, 6, 7], [8, 9, 10, 11, 12, 13, 14, 15]]": 0.9925, "[[0, 1], [2, 3]]": 0.9954, "[[0], [1]]": 0.9896}, "Layer2": {"[[0, 1, 2, 3, 4, 5, 6, 7], [8, 9, 10, 11, 12, 13, 14, 15]]": 0.9923, "[[0, 1], [2, 3]]": 0.9866, "[[0], [1]]": 0.9898}, "Layer3": {"[[0, 1, 2, 3, 4, 5, 6, 7], [8, 9, 10, 11, 12, 13, 14, 15]]": 0.956, "[[0, 1], [2, 3]]": 0.9528, "[[0], [1]]": 0.9483}}, {"accuracy": 0.9642, "Layer1": {"[[0, 1, 2, 3, 4, 5, 6, 7], [8, 9, 10, 11, 12, 13, 14, 15]]": 0.9975, "[[0, 1], [2, 3]]": 0.9954, "[[0], [1]]": 0.9908}, "Layer2": {"[[0, 1, 2, 3, 4, 5, 6, 7], [8, 9, 10, 11, 12, 13, 14, 15]]": 0.9933, "[[0, 1], [2, 3]]": 0.992, "[[0], [1]]": 0.9892}, "Layer3": {"[[0, 1, 2, 3, 4, 5, 6, 7], [8, 9, 10, 11, 12, 13, 14, 15]]": 0.977, "[[0, 1], [2, 3]]": 0.9847, "[[0], [1]]": 0.9605}}, {"accuracy": 0.9761, "Layer1": {"[[0, 1, 2, 3, 4, 5, 6, 7], [8, 9, 10, 11, 12, 13, 14, 15]]": 0.9913, "[[0, 1], [2, 3]]": 0.9963, "[[0], [1]]": 0.9961}, "Layer2": {"[[0, 1, 2, 3, 4, 5, 6, 7], [8, 9, 10, 11, 12, 13, 14, 15]]": 0.9934, "[[0, 1], [2, 3]]": 0.9924, "[[0], [1]]": 0.9931}, "Layer3": {"[[0, 1, 2, 3, 4, 5, 6, 7], [8, 9, 10, 11, 12, 13, 14, 15]]": 0.9763, "[[0, 1], [2, 3]]": 0.9766, "[[0], [1]]": 0.9674}}, {"accuracy": 0.9843, "Layer1": {"[[0, 1, 2, 3, 4, 5, 6, 7], [8, 9, 10, 11, 12, 13, 14, 15]]": 0.996, "[[0, 1], [2, 3]]": 0.9967, "[[0], [1]]": 0.9806}, "Layer2": {"[[0, 1, 2, 3, 4, 5, 6, 7], [8, 9, 10, 11, 12, 13, 14, 15]]": 0.9956, "[[0, 1], [2, 3]]": 0.9965, "[[0], [1]]": 0.9926}, "Layer3": {"[[0, 1, 2, 3, 4, 5, 6, 7], [8, 9, 10, 11, 12, 13, 14, 15]]": 0.9753, "[[0, 1], [2, 3]]": 0.9725, "[[0], [1]]": 0.9675}}, {"accuracy": 0.9889, "Layer1": {"[[0, 1, 2, 3, 4, 5, 6, 7], [8, 9, 10, 11, 12, 13, 14, 15]]": 0.9981, "[[0, 1], [2, 3]]": 0.9955, "[[0], [1]]": 0.9963}, "Layer2": {"[[0, 1, 2, 3, 4, 5, 6, 7], [8, 9, 10, 11, 12, 13, 14, 15]]": 0.9963, "[[0, 1], [2, 3]]": 0.9963, "[[0], [1]]": 0.9895}, "Layer3": {"[[0, 1, 2, 3, 4, 5, 6, 7], [8, 9, 10, 11, 12, 13, 14, 15]]": 0.9833, "[[0, 1], [2, 3]]": 0.9834, "[[0], [1]]": 0.9828}}, {"accuracy": 0.9919, "Layer1": {"[[0, 1, 2, 3, 4, 5, 6, 7], [8, 9, 10, 11, 12, 13, 14, 15]]": 0.9973, "[[0, 1], [2, 3]]": 0.998, "[[0], [1]]": 0.9972}, "Layer2": {"[[0, 1, 2, 3, 4, 5, 6, 7], [8, 9, 10, 11, 12, 13, 14, 15]]": 0.9976, "[[0, 1], [2, 3]]": 0.9977, "[[0], [1]]": 0.9977}, "Layer3": {"[[0, 1, 2, 3, 4, 5, 6, 7], [8, 9, 10, 11, 12, 13, 14, 15]]": 0.9831, "[[0, 1], [2, 3]]": 0.9853, "[[0], [1]]": 0.9814}}, {"accuracy": 0.9944, "Layer1": {"[[0, 1, 2, 3, 4, 5, 6, 7], [8, 9, 10, 11, 12, 13, 14, 15]]": 0.9985, "[[0, 1], [2, 3]]": 0.9981, "[[0], [1]]": 0.9974}, "Layer2": {"[[0, 1, 2, 3, 4, 5, 6, 7], [8, 9, 10, 11, 12, 13, 14, 15]]": 0.9973, "[[0, 1], [2, 3]]": 0.9981, "[[0], [1]]": 0.9924}, "Layer3": {"[[0, 1, 2, 3, 4, 5, 6, 7], [8, 9, 10, 11, 12, 13, 14, 15]]": 0.9903, "[[0, 1], [2, 3]]": 0.9871, "[[0], [1]]": 0.9847}}, {"accuracy": 0.9951, "Layer1": {"[[0, 1, 2, 3, 4, 5, 6, 7], [8, 9, 10, 11, 12, 13, 14, 15]]": 0.9975, "[[0, 1], [2, 3]]": 0.9979, "[[0], [1]]": 0.9886}, "Layer2": {"[[0, 1, 2, 3, 4, 5, 6, 7], [8, 9, 10, 11, 12, 13, 14, 15]]": 0.9977, "[[0, 1], [2, 3]]": 0.9984, "[[0], [1]]": 0.9952}, "Layer3": {"[[0, 1, 2, 3, 4, 5, 6, 7], [8, 9, 10, 11, 12, 13, 14, 15]]": 0.9872, "[[0, 1], [2, 3]]": 0.9914, "[[0], [1]]": 0.9852}}, {"accuracy": 0.996, "Layer1": {"[[0, 1, 2, 3, 4, 5, 6, 7], [8, 9, 10, 11, 12, 13, 14, 15]]": 0.9973, "[[0, 1], [2, 3]]": 0.9983, "[[0], [1]]": 0.99}, "Layer2": {"[[0, 1, 2, 3, 4, 5, 6, 7], [8, 9, 10, 11, 12, 13, 14, 15]]": 0.9984, "[[0, 1], [2, 3]]": 0.9986, "[[0], [1]]": 0.9979}, "Layer3": {"[[0, 1, 2, 3, 4, 5, 6, 7], [8, 9, 10, 11, 12, 13, 14, 15]]": 0.9917, "[[0, 1], [2, 3]]": 0.9914, "[[0], [1]]": 0.9892}}], [{"accuracy": 0.4831, "Layer1": {"[[0, 1, 2, 3, 4, 5, 6, 7], [8, 9, 10, 11, 12, 13, 14, 15]]": 0.504, "[[0, 1], [2, 3]]": 0.5033, "[[0], [1]]": 0.5005}, "Layer2": {"[[0, 1, 2, 3, 4, 5, 6, 7], [8, 9, 10, 11, 12, 13, 14, 15]]": 0.504, "[[0, 1], [2, 3]]": 0.4925, "[[0], [1]]": 0.5036}, "Layer3": {"[[0, 1, 2, 3, 4, 5, 6, 7], [8, 9, 10, 11, 12, 13, 14, 15]]": 0.5031, "[[0, 1], [2, 3]]": 0.5029, "[[0], [1]]": 0.5014}}, {"accuracy": 0.5176, "Layer1": {"[[0, 1, 2, 3, 4, 5, 6, 7], [8, 9, 10, 11, 12, 13, 14, 15]]": 0.7573, "[[0, 1], [2, 3]]": 0.758, "[[0], [1]]": 0.7067}, "Layer2": {"[[0, 1, 2, 3, 4, 5, 6, 7], [8, 9, 10, 11, 12, 13, 14, 15]]": 0.5269, "[[0, 1], [2, 3]]": 0.4988, "[[0], [1]]": 0.5055}, "Layer3": {"[[0, 1, 2, 3, 4, 5, 6, 7], [8, 9, 10, 11, 12, 13, 14, 15]]": 0.4942, "[[0, 1], [2, 3]]": 0.4928, "[[0], [1]]": 0.5029}}, {"accuracy": 0.5371, "Layer1": {"[[0, 1, 2, 3, 4, 5, 6, 7], [8, 9, 10, 11, 12, 13, 14, 15]]": 0.8008, "[[0, 1], [2, 3]]": 0.8008, "[[0], [1]]": 0.785}, "Layer2": {"[[0, 1, 2, 3, 4, 5, 6, 7], [8, 9, 10, 11, 12, 13, 14, 15]]": 0.643, "[[0, 1], [2, 3]]": 0.6315, "[[0], [1]]": 0.5995}, "Layer3": {"[[0, 1, 2, 3, 4, 5, 6, 7], [8, 9, 10, 11, 12, 13, 14, 15]]": 0.595, "[[0, 1], [2, 3]]": 0.5924, "[[0], [1]]": 0.5229}}, {"accuracy": 0.6591, "Layer1": {"[[0, 1, 2, 3, 4, 5, 6, 7], [8, 9, 10, 11, 12, 13, 14, 15]]": 0.9042, "[[0, 1], [2, 3]]": 0.907, "[[0], [1]]": 0.881}, "Layer2": {"[[0, 1, 2, 3, 4, 5, 6, 7], [8, 9, 10, 11, 12, 13, 14, 15]]": 0.7914, "[[0, 1], [2, 3]]": 0.7974, "[[0], [1]]": 0.7504}, "Layer3": {"[[0, 1, 2, 3, 4, 5, 6, 7], [8, 9, 10, 11, 12, 13, 14, 15]]": 0.7073, "[[0, 1], [2, 3]]": 0.744, "[[0], [1]]": 0.722}}, {"accuracy": 0.7111, "Layer1": {"[[0, 1, 2, 3, 4, 5, 6, 7], [8, 9, 10, 11, 12, 13, 14, 15]]": 0.9411, "[[0, 1], [2, 3]]": 0.9348, "[[0], [1]]": 0.9238}, "Layer2": {"[[0, 1, 2, 3, 4, 5, 6, 7], [8, 9, 10, 11, 12, 13, 14, 15]]": 0.8593, "[[0, 1], [2, 3]]": 0.8543, "[[0], [1]]": 0.8316}, "Layer3": {"[[0, 1, 2, 3, 4, 5, 6, 7], [8, 9, 10, 11, 12, 13, 14, 15]]": 0.8181, "[[0, 1], [2, 3]]": 0.8064, "[[0], [1]]": 0.7806}}, {"accuracy": 0.7816, "Layer1": {"[[0, 1, 2, 3, 4, 5, 6, 7], [8, 9, 10, 11, 12, 13, 14, 15]]": 0.9603, "[[0, 1], [2, 3]]": 0.9653, "[[0], [1]]": 0.9249}, "Layer2": {"[[0, 1, 2, 3, 4, 5, 6, 7], [8, 9, 10, 11, 12, 13, 14, 15]]": 0.8934, "[[0, 1], [2, 3]]": 0.874, "[[0], [1]]": 0.8737}, "Layer3": {"[[0, 1, 2, 3, 4, 5, 6, 7], [8, 9, 10, 11, 12, 13, 14, 15]]": 0.8552, "[[0, 1], [2, 3]]": 0.8684, "[[0], [1]]": 0.8167}}, {"accuracy": 0.8313, "Layer1": {"[[0, 1, 2, 3, 4, 5, 6, 7], [8, 9, 10, 11, 12, 13, 14, 15]]": 0.9728, "[[0, 1], [2, 3]]": 0.9778, "[[0], [1]]": 0.9696}, "Layer2": {"[[0, 1, 2, 3, 4, 5, 6, 7], [8, 9, 10, 11, 12, 13, 14, 15]]": 0.9272, "[[0, 1], [2, 3]]": 0.9169, "[[0], [1]]": 0.9047}, "Layer3": {"[[0, 1, 2, 3, 4, 5, 6, 7], [8, 9, 10, 11, 12, 13, 14, 15]]": 0.8894, "[[0, 1], [2, 3]]": 0.8868, "[[0], [1]]": 0.8687}}, {"accuracy": 0.8591, "Layer1": {"[[0, 1, 2, 3, 4, 5, 6, 7], [8, 9, 10, 11, 12, 13, 14, 15]]": 0.9836, "[[0, 1], [2, 3]]": 0.9853, "[[0], [1]]": 0.9699}, "Layer2": {"[[0, 1, 2, 3, 4, 5, 6, 7], [8, 9, 10, 11, 12, 13, 14, 15]]": 0.9386, "[[0, 1], [2, 3]]": 0.942, "[[0], [1]]": 0.9251}, "Layer3": {"[[0, 1, 2, 3, 4, 5, 6, 7], [8, 9, 10, 11, 12, 13, 14, 15]]": 0.8984, "[[0, 1], [2, 3]]": 0.8975, "[[0], [1]]": 0.8987}}, {"accuracy": 0.8805, "Layer1": {"[[0, 1, 2, 3, 4, 5, 6, 7], [8, 9, 10, 11, 12, 13, 14, 15]]": 0.9823, "[[0, 1], [2, 3]]": 0.9845, "[[0], [1]]": 0.9796}, "Layer2": {"[[0, 1, 2, 3, 4, 5, 6, 7], [8, 9, 10, 11, 12, 13, 14, 15]]": 0.9555, "[[0, 1], [2, 3]]": 0.9461, "[[0], [1]]": 0.9458}, "Layer3": {"[[0, 1, 2, 3, 4, 5, 6, 7], [8, 9, 10, 11, 12, 13, 14, 15]]": 0.9203, "[[0, 1], [2, 3]]": 0.9223, "[[0], [1]]": 0.9227}}, {"accuracy": 0.9051, "Layer1": {"[[0, 1, 2, 3, 4, 5, 6, 7], [8, 9, 10, 11, 12, 13, 14, 15]]": 0.9881, "[[0, 1], [2, 3]]": 0.987, "[[0], [1]]": 0.9752}, "Layer2": {"[[0, 1, 2, 3, 4, 5, 6, 7], [8, 9, 10, 11, 12, 13, 14, 15]]": 0.9699, "[[0, 1], [2, 3]]": 0.9691, "[[0], [1]]": 0.9621}, "Layer3": {"[[0, 1, 2, 3, 4, 5, 6, 7], [8, 9, 10, 11, 12, 13, 14, 15]]": 0.9554, "[[0, 1], [2, 3]]": 0.942, "[[0], [1]]": 0.9249}}, {"accuracy": 0.9259, "Layer1": {"[[0, 1, 2, 3, 4, 5, 6, 7], [8, 9, 10, 11, 12, 13, 14, 15]]": 0.9906, "[[0, 1], [2, 3]]": 0.9915, "[[0], [1]]": 0.9919}, "Layer2": {"[[0, 1, 2, 3, 4, 5, 6, 7], [8, 9, 10, 11, 12, 13, 14, 15]]": 0.98, "[[0, 1], [2, 3]]": 0.9752, "[[0], [1]]": 0.9702}, "Layer3": {"[[0, 1, 2, 3, 4, 5, 6, 7], [8, 9, 10, 11, 12, 13, 14, 15]]": 0.9513, "[[0, 1], [2, 3]]": 0.9423, "[[0], [1]]": 0.9555}}, {"accuracy": 0.9393, "Layer1": {"[[0, 1, 2, 3, 4, 5, 6, 7], [8, 9, 10, 11, 12, 13, 14, 15]]": 0.9936, "[[0, 1], [2, 3]]": 0.9914, "[[0], [1]]": 0.9917}, "Layer2": {"[[0, 1, 2, 3, 4, 5, 6, 7], [8, 9, 10, 11, 12, 13, 14, 15]]": 0.9743, "[[0, 1], [2, 3]]": 0.9786, "[[0], [1]]": 0.983}, "Layer3": {"[[0, 1, 2, 3, 4, 5, 6, 7], [8, 9, 10, 11, 12, 13, 14, 15]]": 0.9628, "[[0, 1], [2, 3]]": 0.9572, "[[0], [1]]": 0.9412}}, {"accuracy": 0.9486, "Layer1": {"[[0, 1, 2, 3, 4, 5, 6, 7], [8, 9, 10, 11, 12, 13, 14, 15]]": 0.9905, "[[0, 1], [2, 3]]": 0.9927, "[[0], [1]]": 0.9928}, "Layer2": {"[[0, 1, 2, 3, 4, 5, 6, 7], [8, 9, 10, 11, 12, 13, 14, 15]]": 0.9832, "[[0, 1], [2, 3]]": 0.9846, "[[0], [1]]": 0.9803}, "Layer3": {"[[0, 1, 2, 3, 4, 5, 6, 7], [8, 9, 10, 11, 12, 13, 14, 15]]": 0.9629, "[[0, 1], [2, 3]]": 0.9738, "[[0], [1]]": 0.9465}}, {"accuracy": 0.9576, "Layer1": {"[[0, 1, 2, 3, 4, 5, 6, 7], [8, 9, 10, 11, 12, 13, 14, 15]]": 0.9855, "[[0, 1], [2, 3]]": 0.9853, "[[0], [1]]": 0.9916}, "Layer2": {"[[0, 1, 2, 3, 4, 5, 6, 7], [8, 9, 10, 11, 12, 13, 14, 15]]": 0.9839, "[[0, 1], [2, 3]]": 0.986, "[[0], [1]]": 0.9819}, "Layer3": {"[[0, 1, 2, 3, 4, 5, 6, 7], [8, 9, 10, 11, 12, 13, 14, 15]]": 0.9833, "[[0, 1], [2, 3]]": 0.9808, "[[0], [1]]": 0.9612}}, {"accuracy": 0.9655, "Layer1": {"[[0, 1, 2, 3, 4, 5, 6, 7], [8, 9, 10, 11, 12, 13, 14, 15]]": 0.9924, "[[0, 1], [2, 3]]": 0.9898, "[[0], [1]]": 0.987}, "Layer2": {"[[0, 1, 2, 3, 4, 5, 6, 7], [8, 9, 10, 11, 12, 13, 14, 15]]": 0.9851, "[[0, 1], [2, 3]]": 0.9852, "[[0], [1]]": 0.9872}, "Layer3": {"[[0, 1, 2, 3, 4, 5, 6, 7], [8, 9, 10, 11, 12, 13, 14, 15]]": 0.9773, "[[0, 1], [2, 3]]": 0.9826, "[[0], [1]]": 0.9569}}, {"accuracy": 0.9714, "Layer1": {"[[0, 1, 2, 3, 4, 5, 6, 7], [8, 9, 10, 11, 12, 13, 14, 15]]": 0.9946, "[[0, 1], [2, 3]]": 0.9927, "[[0], [1]]": 0.9927}, "Layer2": {"[[0, 1, 2, 3, 4, 5, 6, 7], [8, 9, 10, 11, 12, 13, 14, 15]]": 0.9884, "[[0, 1], [2, 3]]": 0.9877, "[[0], [1]]": 0.9888}, "Layer3": {"[[0, 1, 2, 3, 4, 5, 6, 7], [8, 9, 10, 11, 12, 13, 14, 15]]": 0.9765, "[[0, 1], [2, 3]]": 0.9837, "[[0], [1]]": 0.9707}}, {"accuracy": 0.9774, "Layer1": {"[[0, 1, 2, 3, 4, 5, 6, 7], [8, 9, 10, 11, 12, 13, 14, 15]]": 0.9933, "[[0, 1], [2, 3]]": 0.994, "[[0], [1]]": 0.9949}, "Layer2": {"[[0, 1, 2, 3, 4, 5, 6, 7], [8, 9, 10, 11, 12, 13, 14, 15]]": 0.9906, "[[0, 1], [2, 3]]": 0.99, "[[0], [1]]": 0.9906}, "Layer3": {"[[0, 1, 2, 3, 4, 5, 6, 7], [8, 9, 10, 11, 12, 13, 14, 15]]": 0.9837, "[[0, 1], [2, 3]]": 0.9888, "[[0], [1]]": 0.9749}}], [{"accuracy": 0.4986, "Layer1": {"[[0, 1, 2, 3, 4, 5, 6, 7], [8, 9, 10, 11, 12, 13, 14, 15]]": 0.8211, "[[0, 1], [2, 3]]": 0.5031, "[[0], [1]]": 0.4914}, "Layer2": {"[[0, 1, 2, 3, 4, 5, 6, 7], [8, 9, 10, 11, 12, 13, 14, 15]]": 0.4996, "[[0, 1], [2, 3]]": 0.4953, "[[0], [1]]": 0.4969}, "Layer3": {"[[0, 1, 2, 3, 4, 5, 6, 7], [8, 9, 10, 11, 12, 13, 14, 15]]": 0.5104, "[[0, 1], [2, 3]]": 0.497, "[[0], [1]]": 0.494}}, {"accuracy": 0.5012, "Layer1": {"[[0, 1, 2, 3, 4, 5, 6, 7], [8, 9, 10, 11, 12, 13, 14, 15]]": 0.8041, "[[0, 1], [2, 3]]": 0.794, "[[0], [1]]": 0.4945}, "Layer2": {"[[0, 1, 2, 3, 4, 5, 6, 7], [8, 9, 10, 11, 12, 13, 14, 15]]": 0.609, "[[0, 1], [2, 3]]": 0.4977, "[[0], [1]]": 0.499}, "Layer3": {"[[0, 1, 2, 3, 4, 5, 6, 7], [8, 9, 10, 11, 12, 13, 14, 15]]": 0.5021, "[[0, 1], [2, 3]]": 0.4968, "[[0], [1]]": 0.4991}}, {"accuracy": 0.5033, "Layer1": {"[[0, 1, 2, 3, 4, 5, 6, 7], [8, 9, 10, 11, 12, 13, 14, 15]]": 0.7875, "[[0, 1], [2, 3]]": 0.8045, "[[0], [1]]": 0.4994}, "Layer2": {"[[0, 1, 2, 3, 4, 5, 6, 7], [8, 9, 10, 11, 12, 13, 14, 15]]": 0.6349, "[[0, 1], [2, 3]]": 0.6233, "[[0], [1]]": 0.4975}, "Layer3": {"[[0, 1, 2, 3, 4, 5, 6, 7], [8, 9, 10, 11, 12, 13, 14, 15]]": 0.5101, "[[0, 1], [2, 3]]": 0.5003, "[[0], [1]]": 0.4986}}, {"accuracy": 0.5597, "Layer1": {"[[0, 1, 2, 3, 4, 5, 6, 7], [8, 9, 10, 11, 12, 13, 14, 15]]": 0.83, "[[0, 1], [2, 3]]": 0.8259, "[[0], [1]]": 0.8127}, "Layer2": {"[[0, 1, 2, 3, 4, 5, 6, 7], [8, 9, 10, 11, 12, 13, 14, 15]]": 0.7225, "[[0, 1], [2, 3]]": 0.7019, "[[0], [1]]": 0.6919}, "Layer3": {"[[0, 1, 2, 3, 4, 5, 6, 7], [8, 9, 10, 11, 12, 13, 14, 15]]": 0.6564, "[[0, 1], [2, 3]]": 0.6465, "[[0], [1]]": 0.6123}}, {"accuracy": 0.6509, "Layer1": {"[[0, 1, 2, 3, 4, 5, 6, 7], [8, 9, 10, 11, 12, 13, 14, 15]]": 0.8933, "[[0, 1], [2, 3]]": 0.8992, "[[0], [1]]": 0.8755}, "Layer2": {"[[0, 1, 2, 3, 4, 5, 6, 7], [8, 9, 10, 11, 12, 13, 14, 15]]": 0.8318, "[[0, 1], [2, 3]]": 0.8153, "[[0], [1]]": 0.7628}, "Layer3": {"[[0, 1, 2, 3, 4, 5, 6, 7], [8, 9, 10, 11, 12, 13, 14, 15]]": 0.741, "[[0, 1], [2, 3]]": 0.7336, "[[0], [1]]": 0.7113}}, {"accuracy": 0.6613, "Layer1": {"[[0, 1, 2, 3, 4, 5, 6, 7], [8, 9, 10, 11, 12, 13, 14, 15]]": 0.9534, "[[0, 1], [2, 3]]": 0.9454, "[[0], [1]]": 0.9344}, "Layer2": {"[[0, 1, 2, 3, 4, 5, 6, 7], [8, 9, 10, 11, 12, 13, 14, 15]]": 0.893, "[[0, 1], [2, 3]]": 0.8781, "[[0], [1]]": 0.8105}, "Layer3": {"[[0, 1, 2, 3, 4, 5, 6, 7], [8, 9, 10, 11, 12, 13, 14, 15]]": 0.7995, "[[0, 1], [2, 3]]": 0.7798, "[[0], [1]]": 0.7832}}, {"accuracy": 0.7383, "Layer1": {"[[0, 1, 2, 3, 4, 5, 6, 7], [8, 9, 10, 11, 12, 13, 14, 15]]": 0.9764, "[[0, 1], [2, 3]]": 0.9685, "[[0], [1]]": 0.9644}, "Layer2": {"[[0, 1, 2, 3, 4, 5, 6, 7], [8, 9, 10, 11, 12, 13, 14, 15]]": 0.9165, "[[0, 1], [2, 3]]": 0.9167, "[[0], [1]]": 0.8601}, "Layer3": {"[[0, 1, 2, 3, 4, 5, 6, 7], [8, 9, 10, 11, 12, 13, 14, 15]]": 0.8292, "[[0, 1], [2, 3]]": 0.8372, "[[0], [1]]": 0.8215}}, {"accuracy": 0.8104, "Layer1": {"[[0, 1, 2, 3, 4, 5, 6, 7], [8, 9, 10, 11, 12, 13, 14, 15]]": 0.9883, "[[0, 1], [2, 3]]": 0.9835, "[[0], [1]]": 0.9769}, "Layer2": {"[[0, 1, 2, 3, 4, 5, 6, 7], [8, 9, 10, 11, 12, 13, 14, 15]]": 0.9559, "[[0, 1], [2, 3]]": 0.9407, "[[0], [1]]": 0.9169}, "Layer3": {"[[0, 1, 2, 3, 4, 5, 6, 7], [8, 9, 10, 11, 12, 13, 14, 15]]": 0.8901, "[[0, 1], [2, 3]]": 0.877, "[[0], [1]]": 0.8771}}, {"accuracy": 0.8573, "Layer1": {"[[0, 1, 2, 3, 4, 5, 6, 7], [8, 9, 10, 11, 12, 13, 14, 15]]": 0.9914, "[[0, 1], [2, 3]]": 0.9852, "[[0], [1]]": 0.9449}, "Layer2": {"[[0, 1, 2, 3, 4, 5, 6, 7], [8, 9, 10, 11, 12, 13, 14, 15]]": 0.9666, "[[0, 1], [2, 3]]": 0.964, "[[0], [1]]": 0.9302}, "Layer3": {"[[0, 1, 2, 3, 4, 5, 6, 7], [8, 9, 10, 11, 12, 13, 14, 15]]": 0.9004, "[[0, 1], [2, 3]]": 0.9114, "[[0], [1]]": 0.8828}}, {"accuracy": 0.8934, "Layer1": {"[[0, 1, 2, 3, 4, 5, 6, 7], [8, 9, 10, 11, 12, 13, 14, 15]]": 0.9752, "[[0, 1], [2, 3]]": 0.9727, "[[0], [1]]": 0.983}, "Layer2": {"[[0, 1, 2, 3, 4, 5, 6, 7], [8, 9, 10, 11, 12, 13, 14, 15]]": 0.9745, "[[0, 1], [2, 3]]": 0.9737, "[[0], [1]]": 0.9681}, "Layer3": {"[[0, 1, 2, 3, 4, 5, 6, 7], [8, 9, 10, 11, 12, 13, 14, 15]]": 0.9333, "[[0, 1], [2, 3]]": 0.9122, "[[0], [1]]": 0.8824}}, {"accuracy": 0.9149, "Layer1": {"[[0, 1, 2, 3, 4, 5, 6, 7], [8, 9, 10, 11, 12, 13, 14, 15]]": 0.9968, "[[0, 1], [2, 3]]": 0.9937, "[[0], [1]]": 0.9937}, "Layer2": {"[[0, 1, 2, 3, 4, 5, 6, 7], [8, 9, 10, 11, 12, 13, 14, 15]]": 0.9785, "[[0, 1], [2, 3]]": 0.9729, "[[0], [1]]": 0.9579}, "Layer3": {"[[0, 1, 2, 3, 4, 5, 6, 7], [8, 9, 10, 11, 12, 13, 14, 15]]": 0.9499, "[[0, 1], [2, 3]]": 0.9471, "[[0], [1]]": 0.9024}}, {"accuracy": 0.9301, "Layer1": {"[[0, 1, 2, 3, 4, 5, 6, 7], [8, 9, 10, 11, 12, 13, 14, 15]]": 0.9938, "[[0, 1], [2, 3]]": 0.9935, "[[0], [1]]": 0.9941}, "Layer2": {"[[0, 1, 2, 3, 4, 5, 6, 7], [8, 9, 10, 11, 12, 13, 14, 15]]": 0.9836, "[[0, 1], [2, 3]]": 0.9818, "[[0], [1]]": 0.9655}, "Layer3": {"[[0, 1, 2, 3, 4, 5, 6, 7], [8, 9, 10, 11, 12, 13, 14, 15]]": 0.9485, "[[0, 1], [2, 3]]": 0.9505, "[[0], [1]]": 0.9538}}, {"accuracy": 0.9429, "Layer1": {"[[0, 1, 2, 3, 4, 5, 6, 7], [8, 9, 10, 11, 12, 13, 14, 15]]": 0.9961, "[[0, 1], [2, 3]]": 0.9971, "[[0], [1]]": 0.9948}, "Layer2": {"[[0, 1, 2, 3, 4, 5, 6, 7], [8, 9, 10, 11, 12, 13, 14, 15]]": 0.9877, "[[0, 1], [2, 3]]": 0.9842, "[[0], [1]]": 0.9822}, "Layer3": {"[[0, 1, 2, 3, 4, 5, 6, 7], [8, 9, 10, 11, 12, 13, 14, 15]]": 0.9651, "[[0, 1], [2, 3]]": 0.9556, "[[0], [1]]": 0.9566}}, {"accuracy": 0.9535, "Layer1": {"[[0, 1, 2, 3, 4, 5, 6, 7], [8, 9, 10, 11, 12, 13, 14, 15]]": 0.9948, "[[0, 1], [2, 3]]": 0.9949, "[[0], [1]]": 0.9906}, "Layer2": {"[[0, 1, 2, 3, 4, 5, 6, 7], [8, 9, 10, 11, 12, 13, 14, 15]]": 0.9905, "[[0, 1], [2, 3]]": 0.9869, "[[0], [1]]": 0.9848}, "Layer3": {"[[0, 1, 2, 3, 4, 5, 6, 7], [8, 9, 10, 11, 12, 13, 14, 15]]": 0.9696, "[[0, 1], [2, 3]]": 0.9638, "[[0], [1]]": 0.9639}}, {"accuracy": 0.9596, "Layer1": {"[[0, 1, 2, 3, 4, 5, 6, 7], [8, 9, 10, 11, 12, 13, 14, 15]]": 0.9961, "[[0, 1], [2, 3]]": 0.9907, "[[0], [1]]": 0.9946}, "Layer2": {"[[0, 1, 2, 3, 4, 5, 6, 7], [8, 9, 10, 11, 12, 13, 14, 15]]": 0.9906, "[[0, 1], [2, 3]]": 0.9883, "[[0], [1]]": 0.981}, "Layer3": {"[[0, 1, 2, 3, 4, 5, 6, 7], [8, 9, 10, 11, 12, 13, 14, 15]]": 0.9693, "[[0, 1], [2, 3]]": 0.9739, "[[0], [1]]": 0.9689}}, {"accuracy": 0.9651, "Layer1": {"[[0, 1, 2, 3, 4, 5, 6, 7], [8, 9, 10, 11, 12, 13, 14, 15]]": 0.995, "[[0, 1], [2, 3]]": 0.9924, "[[0], [1]]": 0.9921}, "Layer2": {"[[0, 1, 2, 3, 4, 5, 6, 7], [8, 9, 10, 11, 12, 13, 14, 15]]": 0.9898, "[[0, 1], [2, 3]]": 0.9903, "[[0], [1]]": 0.9906}, "Layer3": {"[[0, 1, 2, 3, 4, 5, 6, 7], [8, 9, 10, 11, 12, 13, 14, 15]]": 0.971, "[[0, 1], [2, 3]]": 0.9757, "[[0], [1]]": 0.9641}}, {"accuracy": 0.9733, "Layer1": {"[[0, 1, 2, 3, 4, 5, 6, 7], [8, 9, 10, 11, 12, 13, 14, 15]]": 0.9947, "[[0, 1], [2, 3]]": 0.9957, "[[0], [1]]": 0.994}, "Layer2": {"[[0, 1, 2, 3, 4, 5, 6, 7], [8, 9, 10, 11, 12, 13, 14, 15]]": 0.9889, "[[0, 1], [2, 3]]": 0.9924, "[[0], [1]]": 0.9909}, "Layer3": {"[[0, 1, 2, 3, 4, 5, 6, 7], [8, 9, 10, 11, 12, 13, 14, 15]]": 0.9804, "[[0, 1], [2, 3]]": 0.9867, "[[0], [1]]": 0.97}}], [{"accuracy": 0.498, "Layer1": {"[[0, 1, 2, 3, 4, 5, 6, 7], [8, 9, 10, 11, 12, 13, 14, 15]]": 0.805, "[[0, 1], [2, 3]]": 0.5127, "[[0], [1]]": 0.5012}, "Layer2": {"[[0, 1, 2, 3, 4, 5, 6, 7], [8, 9, 10, 11, 12, 13, 14, 15]]": 0.6525, "[[0, 1], [2, 3]]": 0.6414, "[[0], [1]]": 0.5098}, "Layer3": {"[[0, 1, 2, 3, 4, 5, 6, 7], [8, 9, 10, 11, 12, 13, 14, 15]]": 0.4967, "[[0, 1], [2, 3]]": 0.5036, "[[0], [1]]": 0.5081}}, {"accuracy": 0.5066, "Layer1": {"[[0, 1, 2, 3, 4, 5, 6, 7], [8, 9, 10, 11, 12, 13, 14, 15]]": 0.8209, "[[0, 1], [2, 3]]": 0.8151, "[[0], [1]]": 0.7944}, "Layer2": {"[[0, 1, 2, 3, 4, 5, 6, 7], [8, 9, 10, 11, 12, 13, 14, 15]]": 0.6662, "[[0, 1], [2, 3]]": 0.648, "[[0], [1]]": 0.6313}, "Layer3": {"[[0, 1, 2, 3, 4, 5, 6, 7], [8, 9, 10, 11, 12, 13, 14, 15]]": 0.498, "[[0, 1], [2, 3]]": 0.5006, "[[0], [1]]": 0.5034}}, {"accuracy": 0.6025, "Layer1": {"[[0, 1, 2, 3, 4, 5, 6, 7], [8, 9, 10, 11, 12, 13, 14, 15]]": 0.8586, "[[0, 1], [2, 3]]": 0.8898, "[[0], [1]]": 0.8306}, "Layer2": {"[[0, 1, 2, 3, 4, 5, 6, 7], [8, 9, 10, 11, 12, 13, 14, 15]]": 0.7752, "[[0, 1], [2, 3]]": 0.7623, "[[0], [1]]": 0.7467}, "Layer3": {"[[0, 1, 2, 3, 4, 5, 6, 7], [8, 9, 10, 11, 12, 13, 14, 15]]": 0.6252, "[[0, 1], [2, 3]]": 0.5725, "[[0], [1]]": 0.5886}}, {"accuracy": 0.644, "Layer1": {"[[0, 1, 2, 3, 4, 5, 6, 7], [8, 9, 10, 11, 12, 13, 14, 15]]": 0.8999, "[[0, 1], [2, 3]]": 0.9037, "[[0], [1]]": 0.8648}, "Layer2": {"[[0, 1, 2, 3, 4, 5, 6, 7], [8, 9, 10, 11, 12, 13, 14, 15]]": 0.798, "[[0, 1], [2, 3]]": 0.7768, "[[0], [1]]": 0.7675}, "Layer3": {"[[0, 1, 2, 3, 4, 5, 6, 7], [8, 9, 10, 11, 12, 13, 14, 15]]": 0.6822, "[[0, 1], [2, 3]]": 0.6834, "[[0], [1]]": 0.6631}}, {"accuracy": 0.6974, "Layer1": {"[[0, 1, 2, 3, 4, 5, 6, 7], [8, 9, 10, 11, 12, 13, 14, 15]]": 0.9176, "[[0, 1], [2, 3]]": 0.9156, "[[0], [1]]": 0.9079}, "Layer2": {"[[0, 1, 2, 3, 4, 5, 6, 7], [8, 9, 10, 11, 12, 13, 14, 15]]": 0.8199, "[[0, 1], [2, 3]]": 0.8143, "[[0], [1]]": 0.7769}, "Layer3": {"[[0, 1, 2, 3, 4, 5, 6, 7], [8, 9, 10, 11, 12, 13, 14, 15]]": 0.7298, "[[0, 1], [2, 3]]": 0.7295, "[[0], [1]]": 0.7242}}, {"accuracy": 0.755, "Layer1": {"[[0, 1, 2, 3, 4, 5, 6, 7], [8, 9, 10, 11, 12, 13, 14, 15]]": 0.9546, "[[0, 1], [2, 3]]": 0.947, "[[0], [1]]": 0.9412}, "Layer2": {"[[0, 1, 2, 3, 4, 5, 6, 7], [8, 9, 10, 11, 12, 13, 14, 15]]": 0.8021, "[[0, 1], [2, 3]]": 0.7941, "[[0], [1]]": 0.7915}, "Layer3": {"[[0, 1, 2, 3, 4, 5, 6, 7], [8, 9, 10, 11, 12, 13, 14, 15]]": 0.7335, "[[0, 1], [2, 3]]": 0.7407, "[[0], [1]]": 0.7154}}, {"accuracy": 0.8079, "Layer1": {"[[0, 1, 2, 3, 4, 5, 6, 7], [8, 9, 10, 11, 12, 13, 14, 15]]": 0.9634, "[[0, 1], [2, 3]]": 0.9616, "[[0], [1]]": 0.9548}, "Layer2": {"[[0, 1, 2, 3, 4, 5, 6, 7], [8, 9, 10, 11, 12, 13, 14, 15]]": 0.8385, "[[0, 1], [2, 3]]": 0.8169, "[[0], [1]]": 0.821}, "Layer3": {"[[0, 1, 2, 3, 4, 5, 6, 7], [8, 9, 10, 11, 12, 13, 14, 15]]": 0.775, "[[0, 1], [2, 3]]": 0.7831, "[[0], [1]]": 0.726}}, {"accuracy": 0.8394, "Layer1": {"[[0, 1, 2, 3, 4, 5, 6, 7], [8, 9, 10, 11, 12, 13, 14, 15]]": 0.9768, "[[0, 1], [2, 3]]": 0.9746, "[[0], [1]]": 0.9699}, "Layer2": {"[[0, 1, 2, 3, 4, 5, 6, 7], [8, 9, 10, 11, 12, 13, 14, 15]]": 0.8583, "[[0, 1], [2, 3]]": 0.8454, "[[0], [1]]": 0.8372}, "Layer3": {"[[0, 1, 2, 3, 4, 5, 6, 7], [8, 9, 10, 11, 12, 13, 14, 15]]": 0.8083, "[[0, 1], [2, 3]]": 0.8199, "[[0], [1]]": 0.7692}}, {"accuracy": 0.8567, "Layer1": {"[[0, 1, 2, 3, 4, 5, 6, 7], [8, 9, 10, 11, 12, 13, 14, 15]]": 0.9822, "[[0, 1], [2, 3]]": 0.9832, "[[0], [1]]": 0.9759}, "Layer2": {"[[0, 1, 2, 3, 4, 5, 6, 7], [8, 9, 10, 11, 12, 13, 14, 15]]": 0.888, "[[0, 1], [2, 3]]": 0.8884, "[[0], [1]]": 0.8768}, "Layer3": {"[[0, 1, 2, 3, 4, 5, 6, 7], [8, 9, 10, 11, 12, 13, 14, 15]]": 0.8071, "[[0, 1], [2, 3]]": 0.8605, "[[0], [1]]": 0.7877}}, {"accuracy": 0.8773, "Layer1": {"[[0, 1, 2, 3, 4, 5, 6, 7], [8, 9, 10, 11, 12, 13, 14, 15]]": 0.9844, "[[0, 1], [2, 3]]": 0.9835, "[[0], [1]]": 0.985}, "Layer2": {"[[0, 1, 2, 3, 4, 5, 6, 7], [8, 9, 10, 11, 12, 13, 14, 15]]": 0.9152, "[[0, 1], [2, 3]]": 0.9072, "[[0], [1]]": 0.9098}, "Layer3": {"[[0, 1, 2, 3, 4, 5, 6, 7], [8, 9, 10, 11, 12, 13, 14, 15]]": 0.8902, "[[0, 1], [2, 3]]": 0.9006, "[[0], [1]]": 0.8502}}, {"accuracy": 0.8974, "Layer1": {"[[0, 1, 2, 3, 4, 5, 6, 7], [8, 9, 10, 11, 12, 13, 14, 15]]": 0.9891, "[[0, 1], [2, 3]]": 0.9877, "[[0], [1]]": 0.9866}, "Layer2": {"[[0, 1, 2, 3, 4, 5, 6, 7], [8, 9, 10, 11, 12, 13, 14, 15]]": 0.954, "[[0, 1], [2, 3]]": 0.9444, "[[0], [1]]": 0.9309}, "Layer3": {"[[0, 1, 2, 3, 4, 5, 6, 7], [8, 9, 10, 11, 12, 13, 14, 15]]": 0.9279, "[[0, 1], [2, 3]]": 0.9368, "[[0], [1]]": 0.9139}}, {"accuracy": 0.9408, "Layer1": {"[[0, 1, 2, 3, 4, 5, 6, 7], [8, 9, 10, 11, 12, 13, 14, 15]]": 0.9949, "[[0, 1], [2, 3]]": 0.9943, "[[0], [1]]": 0.9903}, "Layer2": {"[[0, 1, 2, 3, 4, 5, 6, 7], [8, 9, 10, 11, 12, 13, 14, 15]]": 0.979, "[[0, 1], [2, 3]]": 0.9784, "[[0], [1]]": 0.978}, "Layer3": {"[[0, 1, 2, 3, 4, 5, 6, 7], [8, 9, 10, 11, 12, 13, 14, 15]]": 0.9636, "[[0, 1], [2, 3]]": 0.9748, "[[0], [1]]": 0.976}}, {"accuracy": 0.966, "Layer1": {"[[0, 1, 2, 3, 4, 5, 6, 7], [8, 9, 10, 11, 12, 13, 14, 15]]": 0.9956, "[[0, 1], [2, 3]]": 0.9944, "[[0], [1]]": 0.9963}, "Layer2": {"[[0, 1, 2, 3, 4, 5, 6, 7], [8, 9, 10, 11, 12, 13, 14, 15]]": 0.9879, "[[0, 1], [2, 3]]": 0.9907, "[[0], [1]]": 0.9861}, "Layer3": {"[[0, 1, 2, 3, 4, 5, 6, 7], [8, 9, 10, 11, 12, 13, 14, 15]]": 0.9835, "[[0, 1], [2, 3]]": 0.9791, "[[0], [1]]": 0.9812}}, {"accuracy": 0.9801, "Layer1": {"[[0, 1, 2, 3, 4, 5, 6, 7], [8, 9, 10, 11, 12, 13, 14, 15]]": 0.997, "[[0, 1], [2, 3]]": 0.9963, "[[0], [1]]": 0.9941}, "Layer2": {"[[0, 1, 2, 3, 4, 5, 6, 7], [8, 9, 10, 11, 12, 13, 14, 15]]": 0.9932, "[[0, 1], [2, 3]]": 0.9947, "[[0], [1]]": 0.9943}, "Layer3": {"[[0, 1, 2, 3, 4, 5, 6, 7], [8, 9, 10, 11, 12, 13, 14, 15]]": 0.9914, "[[0, 1], [2, 3]]": 0.992, "[[0], [1]]": 0.991}}, {"accuracy": 0.9867, "Layer1": {"[[0, 1, 2, 3, 4, 5, 6, 7], [8, 9, 10, 11, 12, 13, 14, 15]]": 0.9968, "[[0, 1], [2, 3]]": 0.9976, "[[0], [1]]": 0.9978}, "Layer2": {"[[0, 1, 2, 3, 4, 5, 6, 7], [8, 9, 10, 11, 12, 13, 14, 15]]": 0.9968, "[[0, 1], [2, 3]]": 0.9973, "[[0], [1]]": 0.9966}, "Layer3": {"[[0, 1, 2, 3, 4, 5, 6, 7], [8, 9, 10, 11, 12, 13, 14, 15]]": 0.9961, "[[0, 1], [2, 3]]": 0.9953, "[[0], [1]]": 0.9945}}, {"accuracy": 0.9899, "Layer1": {"[[0, 1, 2, 3, 4, 5, 6, 7], [8, 9, 10, 11, 12, 13, 14, 15]]": 0.9972, "[[0, 1], [2, 3]]": 0.9986, "[[0], [1]]": 0.9975}, "Layer2": {"[[0, 1, 2, 3, 4, 5, 6, 7], [8, 9, 10, 11, 12, 13, 14, 15]]": 0.9982, "[[0, 1], [2, 3]]": 0.9985, "[[0], [1]]": 0.998}, "Layer3": {"[[0, 1, 2, 3, 4, 5, 6, 7], [8, 9, 10, 11, 12, 13, 14, 15]]": 0.9981, "[[0, 1], [2, 3]]": 0.9981, "[[0], [1]]": 0.9978}}, {"accuracy": 0.9936, "Layer1": {"[[0, 1, 2, 3, 4, 5, 6, 7], [8, 9, 10, 11, 12, 13, 14, 15]]": 0.9986, "[[0, 1], [2, 3]]": 0.9985, "[[0], [1]]": 0.9978}, "Layer2": {"[[0, 1, 2, 3, 4, 5, 6, 7], [8, 9, 10, 11, 12, 13, 14, 15]]": 0.9986, "[[0, 1], [2, 3]]": 0.9986, "[[0], [1]]": 0.9981}, "Layer3": {"[[0, 1, 2, 3, 4, 5, 6, 7], [8, 9, 10, 11, 12, 13, 14, 15]]": 0.9982, "[[0, 1], [2, 3]]": 0.9983, "[[0], [1]]": 0.9982}}], [{"accuracy": 0.5005, "Layer1": {"[[0, 1, 2, 3, 4, 5, 6, 7], [8, 9, 10, 11, 12, 13, 14, 15]]": 0.4955, "[[0, 1], [2, 3]]": 0.4946, "[[0], [1]]": 0.5006}, "Layer2": {"[[0, 1, 2, 3, 4, 5, 6, 7], [8, 9, 10, 11, 12, 13, 14, 15]]": 0.4986, "[[0, 1], [2, 3]]": 0.4906, "[[0], [1]]": 0.5063}, "Layer3": {"[[0, 1, 2, 3, 4, 5, 6, 7], [8, 9, 10, 11, 12, 13, 14, 15]]": 0.5042, "[[0, 1], [2, 3]]": 0.5177, "[[0], [1]]": 0.5058}}, {"accuracy": 0.5071, "Layer1": {"[[0, 1, 2, 3, 4, 5, 6, 7], [8, 9, 10, 11, 12, 13, 14, 15]]": 0.7767, "[[0, 1], [2, 3]]": 0.7535, "[[0], [1]]": 0.7619}, "Layer2": {"[[0, 1, 2, 3, 4, 5, 6, 7], [8, 9, 10, 11, 12, 13, 14, 15]]": 0.6219, "[[0, 1], [2, 3]]": 0.5914, "[[0], [1]]": 0.5897}, "Layer3": {"[[0, 1, 2, 3, 4, 5, 6, 7], [8, 9, 10, 11, 12, 13, 14, 15]]": 0.4943, "[[0, 1], [2, 3]]": 0.5053, "[[0], [1]]": 0.4998}}, {"accuracy": 0.5649, "Layer1": {"[[0, 1, 2, 3, 4, 5, 6, 7], [8, 9, 10, 11, 12, 13, 14, 15]]": 0.8085, "[[0, 1], [2, 3]]": 0.824, "[[0], [1]]": 0.7983}, "Layer2": {"[[0, 1, 2, 3, 4, 5, 6, 7], [8, 9, 10, 11, 12, 13, 14, 15]]": 0.6697, "[[0, 1], [2, 3]]": 0.6682, "[[0], [1]]": 0.6173}, "Layer3": {"[[0, 1, 2, 3, 4, 5, 6, 7], [8, 9, 10, 11, 12, 13, 14, 15]]": 0.5828, "[[0, 1], [2, 3]]": 0.5725, "[[0], [1]]": 0.5245}}, {"accuracy": 0.6144, "Layer1": {"[[0, 1, 2, 3, 4, 5, 6, 7], [8, 9, 10, 11, 12, 13, 14, 15]]": 0.894, "[[0, 1], [2, 3]]": 0.8845, "[[0], [1]]": 0.872}, "Layer2": {"[[0, 1, 2, 3, 4, 5, 6, 7], [8, 9, 10, 11, 12, 13, 14, 15]]": 0.7934, "[[0, 1], [2, 3]]": 0.797, "[[0], [1]]": 0.7407}, "Layer3": {"[[0, 1, 2, 3, 4, 5, 6, 7], [8, 9, 10, 11, 12, 13, 14, 15]]": 0.6789, "[[0, 1], [2, 3]]": 0.6588, "[[0], [1]]": 0.6346}}, {"accuracy": 0.6641, "Layer1": {"[[0, 1, 2, 3, 4, 5, 6, 7], [8, 9, 10, 11, 12, 13, 14, 15]]": 0.9603, "[[0, 1], [2, 3]]": 0.9509, "[[0], [1]]": 0.9353}, "Layer2": {"[[0, 1, 2, 3, 4, 5, 6, 7], [8, 9, 10, 11, 12, 13, 14, 15]]": 0.8793, "[[0, 1], [2, 3]]": 0.878, "[[0], [1]]": 0.8617}, "Layer3": {"[[0, 1, 2, 3, 4, 5, 6, 7], [8, 9, 10, 11, 12, 13, 14, 15]]": 0.7103, "[[0, 1], [2, 3]]": 0.7304, "[[0], [1]]": 0.7076}}, {"accuracy": 0.7129, "Layer1": {"[[0, 1, 2, 3, 4, 5, 6, 7], [8, 9, 10, 11, 12, 13, 14, 15]]": 0.9795, "[[0, 1], [2, 3]]": 0.9722, "[[0], [1]]": 0.9334}, "Layer2": {"[[0, 1, 2, 3, 4, 5, 6, 7], [8, 9, 10, 11, 12, 13, 14, 15]]": 0.906, "[[0, 1], [2, 3]]": 0.8988, "[[0], [1]]": 0.8716}, "Layer3": {"[[0, 1, 2, 3, 4, 5, 6, 7], [8, 9, 10, 11, 12, 13, 14, 15]]": 0.7645, "[[0, 1], [2, 3]]": 0.7372, "[[0], [1]]": 0.7409}}, {"accuracy": 0.7686, "Layer1": {"[[0, 1, 2, 3, 4, 5, 6, 7], [8, 9, 10, 11, 12, 13, 14, 15]]": 0.9824, "[[0, 1], [2, 3]]": 0.9759, "[[0], [1]]": 0.9688}, "Layer2": {"[[0, 1, 2, 3, 4, 5, 6, 7], [8, 9, 10, 11, 12, 13, 14, 15]]": 0.9372, "[[0, 1], [2, 3]]": 0.9206, "[[0], [1]]": 0.9093}, "Layer3": {"[[0, 1, 2, 3, 4, 5, 6, 7], [8, 9, 10, 11, 12, 13, 14, 15]]": 0.8319, "[[0, 1], [2, 3]]": 0.8242, "[[0], [1]]": 0.8138}}, {"accuracy": 0.8064, "Layer1": {"[[0, 1, 2, 3, 4, 5, 6, 7], [8, 9, 10, 11, 12, 13, 14, 15]]": 0.9878, "[[0, 1], [2, 3]]": 0.9821, "[[0], [1]]": 0.9654}, "Layer2": {"[[0, 1, 2, 3, 4, 5, 6, 7], [8, 9, 10, 11, 12, 13, 14, 15]]": 0.9534, "[[0, 1], [2, 3]]": 0.9431, "[[0], [1]]": 0.9417}, "Layer3": {"[[0, 1, 2, 3, 4, 5, 6, 7], [8, 9, 10, 11, 12, 13, 14, 15]]": 0.8688, "[[0, 1], [2, 3]]": 0.8569, "[[0], [1]]": 0.85}}, {"accuracy": 0.828, "Layer1": {"[[0, 1, 2, 3, 4, 5, 6, 7], [8, 9, 10, 11, 12, 13, 14, 15]]": 0.9862, "[[0, 1], [2, 3]]": 0.9916, "[[0], [1]]": 0.962}, "Layer2": {"[[0, 1, 2, 3, 4, 5, 6, 7], [8, 9, 10, 11, 12, 13, 14, 15]]": 0.967, "[[0, 1], [2, 3]]": 0.9665, "[[0], [1]]": 0.9611}, "Layer3": {"[[0, 1, 2, 3, 4, 5, 6, 7], [8, 9, 10, 11, 12, 13, 14, 15]]": 0.8997, "[[0, 1], [2, 3]]": 0.9007, "[[0], [1]]": 0.8841}}, {"accuracy": 0.8466, "Layer1": {"[[0, 1, 2, 3, 4, 5, 6, 7], [8, 9, 10, 11, 12, 13, 14, 15]]": 0.9929, "[[0, 1], [2, 3]]": 0.9899, "[[0], [1]]": 0.9586}, "Layer2": {"[[0, 1, 2, 3, 4, 5, 6, 7], [8, 9, 10, 11, 12, 13, 14, 15]]": 0.9741, "[[0, 1], [2, 3]]": 0.9768, "[[0], [1]]": 0.9736}, "Layer3": {"[[0, 1, 2, 3, 4, 5, 6, 7], [8, 9, 10, 11, 12, 13, 14, 15]]": 0.9252, "[[0, 1], [2, 3]]": 0.9133, "[[0], [1]]": 0.9037}}, {"accuracy": 0.8679, "Layer1": {"[[0, 1, 2, 3, 4, 5, 6, 7], [8, 9, 10, 11, 12, 13, 14, 15]]": 0.9825, "[[0, 1], [2, 3]]": 0.9934, "[[0], [1]]": 0.9676}, "Layer2": {"[[0, 1, 2, 3, 4, 5, 6, 7], [8, 9, 10, 11, 12, 13, 14, 15]]": 0.9802, "[[0, 1], [2, 3]]": 0.9827, "[[0], [1]]": 0.9785}, "Layer3": {"[[0, 1, 2, 3, 4, 5, 6, 7], [8, 9, 10, 11, 12, 13, 14, 15]]": 0.9448, "[[0, 1], [2, 3]]": 0.9275, "[[0], [1]]": 0.9172}}, {"accuracy": 0.8898, "Layer1": {"[[0, 1, 2, 3, 4, 5, 6, 7], [8, 9, 10, 11, 12, 13, 14, 15]]": 0.9958, "[[0, 1], [2, 3]]": 0.9923, "[[0], [1]]": 0.9866}, "Layer2": {"[[0, 1, 2, 3, 4, 5, 6, 7], [8, 9, 10, 11, 12, 13, 14, 15]]": 0.9846, "[[0, 1], [2, 3]]": 0.9882, "[[0], [1]]": 0.9817}, "Layer3": {"[[0, 1, 2, 3, 4, 5, 6, 7], [8, 9, 10, 11, 12, 13, 14, 15]]": 0.9529, "[[0, 1], [2, 3]]": 0.9469, "[[0], [1]]": 0.9395}}, {"accuracy": 0.9091, "Layer1": {"[[0, 1, 2, 3, 4, 5, 6, 7], [8, 9, 10, 11, 12, 13, 14, 15]]": 0.9895, "[[0, 1], [2, 3]]": 0.9942, "[[0], [1]]": 0.9707}, "Layer2": {"[[0, 1, 2, 3, 4, 5, 6, 7], [8, 9, 10, 11, 12, 13, 14, 15]]": 0.9866, "[[0, 1], [2, 3]]": 0.9868, "[[0], [1]]": 0.9857}, "Layer3": {"[[0, 1, 2, 3, 4, 5, 6, 7], [8, 9, 10, 11, 12, 13, 14, 15]]": 0.9642, "[[0, 1], [2, 3]]": 0.9687, "[[0], [1]]": 0.8934}}, {"accuracy": 0.923, "Layer1": {"[[0, 1, 2, 3, 4, 5, 6, 7], [8, 9, 10, 11, 12, 13, 14, 15]]": 0.9881, "[[0, 1], [2, 3]]": 0.9955, "[[0], [1]]": 0.9851}, "Layer2": {"[[0, 1, 2, 3, 4, 5, 6, 7], [8, 9, 10, 11, 12, 13, 14, 15]]": 0.9894, "[[0, 1], [2, 3]]": 0.988, "[[0], [1]]": 0.9903}, "Layer3": {"[[0, 1, 2, 3, 4, 5, 6, 7], [8, 9, 10, 11, 12, 13, 14, 15]]": 0.9687, "[[0, 1], [2, 3]]": 0.971, "[[0], [1]]": 0.968}}, {"accuracy": 0.9364, "Layer1": {"[[0, 1, 2, 3, 4, 5, 6, 7], [8, 9, 10, 11, 12, 13, 14, 15]]": 0.9969, "[[0, 1], [2, 3]]": 0.9934, "[[0], [1]]": 0.9871}, "Layer2": {"[[0, 1, 2, 3, 4, 5, 6, 7], [8, 9, 10, 11, 12, 13, 14, 15]]": 0.993, "[[0, 1], [2, 3]]": 0.9911, "[[0], [1]]": 0.9878}, "Layer3": {"[[0, 1, 2, 3, 4, 5, 6, 7], [8, 9, 10, 11, 12, 13, 14, 15]]": 0.9769, "[[0, 1], [2, 3]]": 0.9734, "[[0], [1]]": 0.9682}}, {"accuracy": 0.9475, "Layer1": {"[[0, 1, 2, 3, 4, 5, 6, 7], [8, 9, 10, 11, 12, 13, 14, 15]]": 0.9944, "[[0, 1], [2, 3]]": 0.9912, "[[0], [1]]": 0.9802}, "Layer2": {"[[0, 1, 2, 3, 4, 5, 6, 7], [8, 9, 10, 11, 12, 13, 14, 15]]": 0.992, "[[0, 1], [2, 3]]": 0.9939, "[[0], [1]]": 0.9914}, "Layer3": {"[[0, 1, 2, 3, 4, 5, 6, 7], [8, 9, 10, 11, 12, 13, 14, 15]]": 0.9772, "[[0, 1], [2, 3]]": 0.9806, "[[0], [1]]": 0.9794}}, {"accuracy": 0.9553, "Layer1": {"[[0, 1, 2, 3, 4, 5, 6, 7], [8, 9, 10, 11, 12, 13, 14, 15]]": 0.9924, "[[0, 1], [2, 3]]": 0.9953, "[[0], [1]]": 0.982}, "Layer2": {"[[0, 1, 2, 3, 4, 5, 6, 7], [8, 9, 10, 11, 12, 13, 14, 15]]": 0.9937, "[[0, 1], [2, 3]]": 0.9918, "[[0], [1]]": 0.9923}, "Layer3": {"[[0, 1, 2, 3, 4, 5, 6, 7], [8, 9, 10, 11, 12, 13, 14, 15]]": 0.9803, "[[0, 1], [2, 3]]": 0.979, "[[0], [1]]": 0.9576}}]]