[{"accuracy": 0.9997, "Layer1": {"[[0, 1, 2, 3, 4, 5, 6, 7]]": 0.5035, "[[0, 1]]": 0.5087, "[[0]]": 0.5086}, "Layer2": {"[[0, 1, 2, 3, 4, 5, 6, 7]]": 0.5088, "[[0, 1]]": 0.5096, "[[0]]": 0.5099}, "Layer3": {"[[0, 1, 2, 3, 4, 5, 6, 7]]": 0.5165, "[[0, 1]]": 0.5216, "[[0]]": 0.5045}}, {"accuracy": 0.9992, "Layer1": {"[[0, 1, 2, 3, 4, 5, 6, 7]]": 0.5237, "[[0, 1]]": 0.5105, "[[0]]": 0.5196}, "Layer2": {"[[0, 1, 2, 3, 4, 5, 6, 7]]": 0.5013, "[[0, 1]]": 0.5033, "[[0]]": 0.5035}, "Layer3": {"[[0, 1, 2, 3, 4, 5, 6, 7]]": 0.4973, "[[0, 1]]": 0.5022, "[[0]]": 0.5021}}, {"accuracy": 0.999, "Layer1": {"[[0, 1, 2, 3, 4, 5, 6, 7]]": 0.5055, "[[0, 1]]": 0.5092, "[[0]]": 0.5036}, "Layer2": {"[[0, 1, 2, 3, 4, 5, 6, 7]]": 0.5029, "[[0, 1]]": 0.5174, "[[0]]": 0.5161}, "Layer3": {"[[0, 1, 2, 3, 4, 5, 6, 7]]": 0.5149, "[[0, 1]]": 0.5143, "[[0]]": 0.5049}}, {"accuracy": 0.9996, "Layer1": {"[[0, 1, 2, 3, 4, 5, 6, 7]]": 0.5103, "[[0, 1]]": 0.5122, "[[0]]": 0.5195}, "Layer2": {"[[0, 1, 2, 3, 4, 5, 6, 7]]": 0.5068, "[[0, 1]]": 0.5207, "[[0]]": 0.5129}, "Layer3": {"[[0, 1, 2, 3, 4, 5, 6, 7]]": 0.5166, "[[0, 1]]": 0.5162, "[[0]]": 0.5154}}, {"accuracy": 0.9975, "Layer1": {"[[0, 1, 2, 3, 4, 5, 6, 7]]": 0.5181, "[[0, 1]]": 0.5424, "[[0]]": 0.5154}, "Layer2": {"[[0, 1, 2, 3, 4, 5, 6, 7]]": 0.5052, "[[0, 1]]": 0.5167, "[[0]]": 0.5008}, "Layer3": {"[[0, 1, 2, 3, 4, 5, 6, 7]]": 0.5173, "[[0, 1]]": 0.5132, "[[0]]": 0.5038}}, {"accuracy": 0.9997, "Layer1": {"[[0, 1, 2, 3, 4, 5, 6, 7]]": 0.5222, "[[0, 1]]": 0.5083, "[[0]]": 0.5029}, "Layer2": {"[[0, 1, 2, 3, 4, 5, 6, 7]]": 0.5093, "[[0, 1]]": 0.5057, "[[0]]": 0.4977}, "Layer3": {"[[0, 1, 2, 3, 4, 5, 6, 7]]": 0.5115, "[[0, 1]]": 0.5078, "[[0]]": 0.5098}}, {"accuracy": 0.9997, "Layer1": {"[[0, 1, 2, 3, 4, 5, 6, 7]]": 0.5236, "[[0, 1]]": 0.5249, "[[0]]": 0.5043}, "Layer2": {"[[0, 1, 2, 3, 4, 5, 6, 7]]": 0.5139, "[[0, 1]]": 0.5231, "[[0]]": 0.5167}, "Layer3": {"[[0, 1, 2, 3, 4, 5, 6, 7]]": 0.5055, "[[0, 1]]": 0.4962, "[[0]]": 0.5044}}, {"accuracy": 0.9994, "Layer1": {"[[0, 1, 2, 3, 4, 5, 6, 7]]": 0.4963, "[[0, 1]]": 0.4967, "[[0]]": 0.5142}, "Layer2": {"[[0, 1, 2, 3, 4, 5, 6, 7]]": 0.5108, "[[0, 1]]": 0.5056, "[[0]]": 0.5093}, "Layer3": {"[[0, 1, 2, 3, 4, 5, 6, 7]]": 0.5035, "[[0, 1]]": 0.4977, "[[0]]": 0.498}}, {"accuracy": 0.9994, "Layer1": {"[[0, 1, 2, 3, 4, 5, 6, 7]]": 0.4995, "[[0, 1]]": 0.5055, "[[0]]": 0.5172}, "Layer2": {"[[0, 1, 2, 3, 4, 5, 6, 7]]": 0.5094, "[[0, 1]]": 0.5009, "[[0]]": 0.4965}, "Layer3": {"[[0, 1, 2, 3, 4, 5, 6, 7]]": 0.509, "[[0, 1]]": 0.4892, "[[0]]": 0.5113}}, {"accuracy": 0.9997, "Layer1": {"[[0, 1, 2, 3, 4, 5, 6, 7]]": 0.5078, "[[0, 1]]": 0.5045, "[[0]]": 0.5022}, "Layer2": {"[[0, 1, 2, 3, 4, 5, 6, 7]]": 0.4977, "[[0, 1]]": 0.5065, "[[0]]": 0.5024}, "Layer3": {"[[0, 1, 2, 3, 4, 5, 6, 7]]": 0.5109, "[[0, 1]]": 0.5025, "[[0]]": 0.5064}}]