[[{"accuracy": 0.4967, "Layer1": {"[[0, 1, 2, 3, 4, 5, 6, 7]]": 0.4983, "[[0, 1]]": 0.4983, "[[0]]": 0.4983}, "Layer2": {"[[0, 1, 2, 3, 4, 5, 6, 7]]": 0.4983, "[[0, 1]]": 0.4983, "[[0]]": 0.4983}, "Layer3": {"[[0, 1, 2, 3, 4, 5, 6, 7]]": 0.4983, "[[0, 1]]": 0.4983, "[[0]]": 0.4983}}, {"accuracy": 0.5007, "Layer1": {"[[0, 1, 2, 3, 4, 5, 6, 7]]": 0.5073, "[[0, 1]]": 0.493, "[[0]]": 0.4985}, "Layer2": {"[[0, 1, 2, 3, 4, 5, 6, 7]]": 0.5075, "[[0, 1]]": 0.5042, "[[0]]": 0.4996}, "Layer3": {"[[0, 1, 2, 3, 4, 5, 6, 7]]": 0.5012, "[[0, 1]]": 0.5029, "[[0]]": 0.5009}}, {"accuracy": 0.5955, "Layer1": {"[[0, 1, 2, 3, 4, 5, 6, 7]]": 0.5166, "[[0, 1]]": 0.5223, "[[0]]": 0.512}, "Layer2": {"[[0, 1, 2, 3, 4, 5, 6, 7]]": 0.499, "[[0, 1]]": 0.4996, "[[0]]": 0.499}, "Layer3": {"[[0, 1, 2, 3, 4, 5, 6, 7]]": 0.4998, "[[0, 1]]": 0.4988, "[[0]]": 0.4987}}, {"accuracy": 0.6273, "Layer1": {"[[0, 1, 2, 3, 4, 5, 6, 7]]": 0.5227, "[[0, 1]]": 0.5174, "[[0]]": 0.5189}, "Layer2": {"[[0, 1, 2, 3, 4, 5, 6, 7]]": 0.4969, "[[0, 1]]": 0.4999, "[[0]]": 0.4958}, "Layer3": {"[[0, 1, 2, 3, 4, 5, 6, 7]]": 0.4973, "[[0, 1]]": 0.5019, "[[0]]": 0.4974}}, {"accuracy": 0.6825, "Layer1": {"[[0, 1, 2, 3, 4, 5, 6, 7]]": 0.5215, "[[0, 1]]": 0.5214, "[[0]]": 0.5157}, "Layer2": {"[[0, 1, 2, 3, 4, 5, 6, 7]]": 0.5008, "[[0, 1]]": 0.5022, "[[0]]": 0.5029}, "Layer3": {"[[0, 1, 2, 3, 4, 5, 6, 7]]": 0.5029, "[[0, 1]]": 0.5012, "[[0]]": 0.5012}}, {"accuracy": 0.7494, "Layer1": {"[[0, 1, 2, 3, 4, 5, 6, 7]]": 0.5248, "[[0, 1]]": 0.5266, "[[0]]": 0.5195}, "Layer2": {"[[0, 1, 2, 3, 4, 5, 6, 7]]": 0.5028, "[[0, 1]]": 0.4976, "[[0]]": 0.5063}, "Layer3": {"[[0, 1, 2, 3, 4, 5, 6, 7]]": 0.5022, "[[0, 1]]": 0.5052, "[[0]]": 0.5024}}, {"accuracy": 0.8472, "Layer1": {"[[0, 1, 2, 3, 4, 5, 6, 7]]": 0.5155, "[[0, 1]]": 0.5246, "[[0]]": 0.5201}, "Layer2": {"[[0, 1, 2, 3, 4, 5, 6, 7]]": 0.5049, "[[0, 1]]": 0.4979, "[[0]]": 0.505}, "Layer3": {"[[0, 1, 2, 3, 4, 5, 6, 7]]": 0.5024, "[[0, 1]]": 0.5025, "[[0]]": 0.5037}}, {"accuracy": 0.9131, "Layer1": {"[[0, 1, 2, 3, 4, 5, 6, 7]]": 0.5028, "[[0, 1]]": 0.5168, "[[0]]": 0.5161}, "Layer2": {"[[0, 1, 2, 3, 4, 5, 6, 7]]": 0.4989, "[[0, 1]]": 0.5071, "[[0]]": 0.5094}, "Layer3": {"[[0, 1, 2, 3, 4, 5, 6, 7]]": 0.4999, "[[0, 1]]": 0.4986, "[[0]]": 0.4991}}, {"accuracy": 0.9452, "Layer1": {"[[0, 1, 2, 3, 4, 5, 6, 7]]": 0.5053, "[[0, 1]]": 0.5158, "[[0]]": 0.4991}, "Layer2": {"[[0, 1, 2, 3, 4, 5, 6, 7]]": 0.5004, "[[0, 1]]": 0.5021, "[[0]]": 0.5085}, "Layer3": {"[[0, 1, 2, 3, 4, 5, 6, 7]]": 0.5028, "[[0, 1]]": 0.5059, "[[0]]": 0.5035}}, {"accuracy": 0.9613, "Layer1": {"[[0, 1, 2, 3, 4, 5, 6, 7]]": 0.5088, "[[0, 1]]": 0.5092, "[[0]]": 0.504}, "Layer2": {"[[0, 1, 2, 3, 4, 5, 6, 7]]": 0.5079, "[[0, 1]]": 0.5114, "[[0]]": 0.5094}, "Layer3": {"[[0, 1, 2, 3, 4, 5, 6, 7]]": 0.5103, "[[0, 1]]": 0.5108, "[[0]]": 0.5021}}, {"accuracy": 0.9777, "Layer1": {"[[0, 1, 2, 3, 4, 5, 6, 7]]": 0.514, "[[0, 1]]": 0.5057, "[[0]]": 0.5046}, "Layer2": {"[[0, 1, 2, 3, 4, 5, 6, 7]]": 0.5084, "[[0, 1]]": 0.5083, "[[0]]": 0.5066}, "Layer3": {"[[0, 1, 2, 3, 4, 5, 6, 7]]": 0.5064, "[[0, 1]]": 0.503, "[[0]]": 0.5047}}, {"accuracy": 0.9853, "Layer1": {"[[0, 1, 2, 3, 4, 5, 6, 7]]": 0.5063, "[[0, 1]]": 0.5069, "[[0]]": 0.4979}, "Layer2": {"[[0, 1, 2, 3, 4, 5, 6, 7]]": 0.5058, "[[0, 1]]": 0.5062, "[[0]]": 0.5082}, "Layer3": {"[[0, 1, 2, 3, 4, 5, 6, 7]]": 0.5028, "[[0, 1]]": 0.5043, "[[0]]": 0.5033}}, {"accuracy": 0.9901, "Layer1": {"[[0, 1, 2, 3, 4, 5, 6, 7]]": 0.5113, "[[0, 1]]": 0.5024, "[[0]]": 0.5014}, "Layer2": {"[[0, 1, 2, 3, 4, 5, 6, 7]]": 0.5057, "[[0, 1]]": 0.5056, "[[0]]": 0.5057}, "Layer3": {"[[0, 1, 2, 3, 4, 5, 6, 7]]": 0.5068, "[[0, 1]]": 0.5079, "[[0]]": 0.5039}}, {"accuracy": 0.9935, "Layer1": {"[[0, 1, 2, 3, 4, 5, 6, 7]]": 0.5037, "[[0, 1]]": 0.5038, "[[0]]": 0.4967}, "Layer2": {"[[0, 1, 2, 3, 4, 5, 6, 7]]": 0.5055, "[[0, 1]]": 0.5043, "[[0]]": 0.5068}, "Layer3": {"[[0, 1, 2, 3, 4, 5, 6, 7]]": 0.5022, "[[0, 1]]": 0.5025, "[[0]]": 0.5038}}, {"accuracy": 0.9956, "Layer1": {"[[0, 1, 2, 3, 4, 5, 6, 7]]": 0.5083, "[[0, 1]]": 0.4984, "[[0]]": 0.5106}, "Layer2": {"[[0, 1, 2, 3, 4, 5, 6, 7]]": 0.5125, "[[0, 1]]": 0.5107, "[[0]]": 0.5051}, "Layer3": {"[[0, 1, 2, 3, 4, 5, 6, 7]]": 0.5032, "[[0, 1]]": 0.5037, "[[0]]": 0.5}}, {"accuracy": 0.9968, "Layer1": {"[[0, 1, 2, 3, 4, 5, 6, 7]]": 0.5065, "[[0, 1]]": 0.5083, "[[0]]": 0.5007}, "Layer2": {"[[0, 1, 2, 3, 4, 5, 6, 7]]": 0.501, "[[0, 1]]": 0.5039, "[[0]]": 0.5004}, "Layer3": {"[[0, 1, 2, 3, 4, 5, 6, 7]]": 0.4997, "[[0, 1]]": 0.5009, "[[0]]": 0.5021}}, {"accuracy": 0.9972, "Layer1": {"[[0, 1, 2, 3, 4, 5, 6, 7]]": 0.5034, "[[0, 1]]": 0.5078, "[[0]]": 0.494}, "Layer2": {"[[0, 1, 2, 3, 4, 5, 6, 7]]": 0.4983, "[[0, 1]]": 0.5051, "[[0]]": 0.5051}, "Layer3": {"[[0, 1, 2, 3, 4, 5, 6, 7]]": 0.4982, "[[0, 1]]": 0.5034, "[[0]]": 0.4981}}], [{"accuracy": 0.4831, "Layer1": {"[[0, 1, 2, 3, 4, 5, 6, 7]]": 0.5047, "[[0, 1]]": 0.5047, "[[0]]": 0.5047}, "Layer2": {"[[0, 1, 2, 3, 4, 5, 6, 7]]": 0.5047, "[[0, 1]]": 0.5047, "[[0]]": 0.5047}, "Layer3": {"[[0, 1, 2, 3, 4, 5, 6, 7]]": 0.5047, "[[0, 1]]": 0.5047, "[[0]]": 0.5047}}, {"accuracy": 0.5018, "Layer1": {"[[0, 1, 2, 3, 4, 5, 6, 7]]": 0.5006, "[[0, 1]]": 0.5035, "[[0]]": 0.4958}, "Layer2": {"[[0, 1, 2, 3, 4, 5, 6, 7]]": 0.4878, "[[0, 1]]": 0.495, "[[0]]": 0.4939}, "Layer3": {"[[0, 1, 2, 3, 4, 5, 6, 7]]": 0.4969, "[[0, 1]]": 0.4981, "[[0]]": 0.4993}}, {"accuracy": 0.5554, "Layer1": {"[[0, 1, 2, 3, 4, 5, 6, 7]]": 0.5035, "[[0, 1]]": 0.499, "[[0]]": 0.5}, "Layer2": {"[[0, 1, 2, 3, 4, 5, 6, 7]]": 0.4957, "[[0, 1]]": 0.4999, "[[0]]": 0.4999}, "Layer3": {"[[0, 1, 2, 3, 4, 5, 6, 7]]": 0.4991, "[[0, 1]]": 0.4986, "[[0]]": 0.4936}}, {"accuracy": 0.6658, "Layer1": {"[[0, 1, 2, 3, 4, 5, 6, 7]]": 0.4987, "[[0, 1]]": 0.5012, "[[0]]": 0.5033}, "Layer2": {"[[0, 1, 2, 3, 4, 5, 6, 7]]": 0.5005, "[[0, 1]]": 0.4994, "[[0]]": 0.4978}, "Layer3": {"[[0, 1, 2, 3, 4, 5, 6, 7]]": 0.5006, "[[0, 1]]": 0.5, "[[0]]": 0.5009}}, {"accuracy": 0.7078, "Layer1": {"[[0, 1, 2, 3, 4, 5, 6, 7]]": 0.5006, "[[0, 1]]": 0.5034, "[[0]]": 0.5051}, "Layer2": {"[[0, 1, 2, 3, 4, 5, 6, 7]]": 0.4939, "[[0, 1]]": 0.4978, "[[0]]": 0.4969}, "Layer3": {"[[0, 1, 2, 3, 4, 5, 6, 7]]": 0.4952, "[[0, 1]]": 0.4948, "[[0]]": 0.4951}}, {"accuracy": 0.7789, "Layer1": {"[[0, 1, 2, 3, 4, 5, 6, 7]]": 0.498, "[[0, 1]]": 0.5015, "[[0]]": 0.5043}, "Layer2": {"[[0, 1, 2, 3, 4, 5, 6, 7]]": 0.4944, "[[0, 1]]": 0.4922, "[[0]]": 0.4928}, "Layer3": {"[[0, 1, 2, 3, 4, 5, 6, 7]]": 0.4924, "[[0, 1]]": 0.4958, "[[0]]": 0.4908}}, {"accuracy": 0.8287, "Layer1": {"[[0, 1, 2, 3, 4, 5, 6, 7]]": 0.4995, "[[0, 1]]": 0.4981, "[[0]]": 0.4975}, "Layer2": {"[[0, 1, 2, 3, 4, 5, 6, 7]]": 0.4947, "[[0, 1]]": 0.4952, "[[0]]": 0.493}, "Layer3": {"[[0, 1, 2, 3, 4, 5, 6, 7]]": 0.4915, "[[0, 1]]": 0.4906, "[[0]]": 0.492}}, {"accuracy": 0.8651, "Layer1": {"[[0, 1, 2, 3, 4, 5, 6, 7]]": 0.4964, "[[0, 1]]": 0.5001, "[[0]]": 0.4988}, "Layer2": {"[[0, 1, 2, 3, 4, 5, 6, 7]]": 0.4898, "[[0, 1]]": 0.4888, "[[0]]": 0.4876}, "Layer3": {"[[0, 1, 2, 3, 4, 5, 6, 7]]": 0.4907, "[[0, 1]]": 0.4901, "[[0]]": 0.49}}, {"accuracy": 0.8852, "Layer1": {"[[0, 1, 2, 3, 4, 5, 6, 7]]": 0.494, "[[0, 1]]": 0.4994, "[[0]]": 0.4964}, "Layer2": {"[[0, 1, 2, 3, 4, 5, 6, 7]]": 0.4901, "[[0, 1]]": 0.4935, "[[0]]": 0.4905}, "Layer3": {"[[0, 1, 2, 3, 4, 5, 6, 7]]": 0.4876, "[[0, 1]]": 0.4888, "[[0]]": 0.4884}}, {"accuracy": 0.9064, "Layer1": {"[[0, 1, 2, 3, 4, 5, 6, 7]]": 0.497, "[[0, 1]]": 0.4971, "[[0]]": 0.4959}, "Layer2": {"[[0, 1, 2, 3, 4, 5, 6, 7]]": 0.49, "[[0, 1]]": 0.495, "[[0]]": 0.4913}, "Layer3": {"[[0, 1, 2, 3, 4, 5, 6, 7]]": 0.4917, "[[0, 1]]": 0.4882, "[[0]]": 0.489}}, {"accuracy": 0.9274, "Layer1": {"[[0, 1, 2, 3, 4, 5, 6, 7]]": 0.4946, "[[0, 1]]": 0.4939, "[[0]]": 0.4924}, "Layer2": {"[[0, 1, 2, 3, 4, 5, 6, 7]]": 0.4895, "[[0, 1]]": 0.4876, "[[0]]": 0.4879}, "Layer3": {"[[0, 1, 2, 3, 4, 5, 6, 7]]": 0.4888, "[[0, 1]]": 0.4889, "[[0]]": 0.4892}}, {"accuracy": 0.9465, "Layer1": {"[[0, 1, 2, 3, 4, 5, 6, 7]]": 0.4852, "[[0, 1]]": 0.4983, "[[0]]": 0.4951}, "Layer2": {"[[0, 1, 2, 3, 4, 5, 6, 7]]": 0.4904, "[[0, 1]]": 0.4867, "[[0]]": 0.4936}, "Layer3": {"[[0, 1, 2, 3, 4, 5, 6, 7]]": 0.4892, "[[0, 1]]": 0.489, "[[0]]": 0.4901}}, {"accuracy": 0.962, "Layer1": {"[[0, 1, 2, 3, 4, 5, 6, 7]]": 0.4898, "[[0, 1]]": 0.4904, "[[0]]": 0.4888}, "Layer2": {"[[0, 1, 2, 3, 4, 5, 6, 7]]": 0.489, "[[0, 1]]": 0.4937, "[[0]]": 0.498}, "Layer3": {"[[0, 1, 2, 3, 4, 5, 6, 7]]": 0.4886, "[[0, 1]]": 0.4892, "[[0]]": 0.4886}}, {"accuracy": 0.9732, "Layer1": {"[[0, 1, 2, 3, 4, 5, 6, 7]]": 0.4972, "[[0, 1]]": 0.4969, "[[0]]": 0.492}, "Layer2": {"[[0, 1, 2, 3, 4, 5, 6, 7]]": 0.4902, "[[0, 1]]": 0.4874, "[[0]]": 0.4931}, "Layer3": {"[[0, 1, 2, 3, 4, 5, 6, 7]]": 0.4881, "[[0, 1]]": 0.4878, "[[0]]": 0.4879}}, {"accuracy": 0.9795, "Layer1": {"[[0, 1, 2, 3, 4, 5, 6, 7]]": 0.4966, "[[0, 1]]": 0.4876, "[[0]]": 0.4937}, "Layer2": {"[[0, 1, 2, 3, 4, 5, 6, 7]]": 0.4881, "[[0, 1]]": 0.4946, "[[0]]": 0.4937}, "Layer3": {"[[0, 1, 2, 3, 4, 5, 6, 7]]": 0.4873, "[[0, 1]]": 0.4863, "[[0]]": 0.4878}}, {"accuracy": 0.9845, "Layer1": {"[[0, 1, 2, 3, 4, 5, 6, 7]]": 0.4906, "[[0, 1]]": 0.4965, "[[0]]": 0.4936}, "Layer2": {"[[0, 1, 2, 3, 4, 5, 6, 7]]": 0.4887, "[[0, 1]]": 0.491, "[[0]]": 0.494}, "Layer3": {"[[0, 1, 2, 3, 4, 5, 6, 7]]": 0.4887, "[[0, 1]]": 0.4887, "[[0]]": 0.4879}}, {"accuracy": 0.9877, "Layer1": {"[[0, 1, 2, 3, 4, 5, 6, 7]]": 0.4896, "[[0, 1]]": 0.4928, "[[0]]": 0.4949}, "Layer2": {"[[0, 1, 2, 3, 4, 5, 6, 7]]": 0.4821, "[[0, 1]]": 0.4851, "[[0]]": 0.4943}, "Layer3": {"[[0, 1, 2, 3, 4, 5, 6, 7]]": 0.4884, "[[0, 1]]": 0.4883, "[[0]]": 0.4856}}], [{"accuracy": 0.4986, "Layer1": {"[[0, 1, 2, 3, 4, 5, 6, 7]]": 0.5053, "[[0, 1]]": 0.5053, "[[0]]": 0.5053}, "Layer2": {"[[0, 1, 2, 3, 4, 5, 6, 7]]": 0.5053, "[[0, 1]]": 0.5053, "[[0]]": 0.5053}, "Layer3": {"[[0, 1, 2, 3, 4, 5, 6, 7]]": 0.5053, "[[0, 1]]": 0.5053, "[[0]]": 0.5053}}, {"accuracy": 0.5083, "Layer1": {"[[0, 1, 2, 3, 4, 5, 6, 7]]": 0.5009, "[[0, 1]]": 0.5044, "[[0]]": 0.5119}, "Layer2": {"[[0, 1, 2, 3, 4, 5, 6, 7]]": 0.5051, "[[0, 1]]": 0.5055, "[[0]]": 0.5064}, "Layer3": {"[[0, 1, 2, 3, 4, 5, 6, 7]]": 0.5084, "[[0, 1]]": 0.5118, "[[0]]": 0.5073}}, {"accuracy": 0.523, "Layer1": {"[[0, 1, 2, 3, 4, 5, 6, 7]]": 0.5065, "[[0, 1]]": 0.5141, "[[0]]": 0.5103}, "Layer2": {"[[0, 1, 2, 3, 4, 5, 6, 7]]": 0.5044, "[[0, 1]]": 0.5009, "[[0]]": 0.5029}, "Layer3": {"[[0, 1, 2, 3, 4, 5, 6, 7]]": 0.5026, "[[0, 1]]": 0.4998, "[[0]]": 0.5}}, {"accuracy": 0.5783, "Layer1": {"[[0, 1, 2, 3, 4, 5, 6, 7]]": 0.5216, "[[0, 1]]": 0.5261, "[[0]]": 0.5255}, "Layer2": {"[[0, 1, 2, 3, 4, 5, 6, 7]]": 0.5004, "[[0, 1]]": 0.5085, "[[0]]": 0.5076}, "Layer3": {"[[0, 1, 2, 3, 4, 5, 6, 7]]": 0.502, "[[0, 1]]": 0.5018, "[[0]]": 0.5093}}, {"accuracy": 0.648, "Layer1": {"[[0, 1, 2, 3, 4, 5, 6, 7]]": 0.5378, "[[0, 1]]": 0.5389, "[[0]]": 0.5372}, "Layer2": {"[[0, 1, 2, 3, 4, 5, 6, 7]]": 0.5025, "[[0, 1]]": 0.506, "[[0]]": 0.5058}, "Layer3": {"[[0, 1, 2, 3, 4, 5, 6, 7]]": 0.5038, "[[0, 1]]": 0.5068, "[[0]]": 0.5035}}, {"accuracy": 0.6704, "Layer1": {"[[0, 1, 2, 3, 4, 5, 6, 7]]": 0.5259, "[[0, 1]]": 0.5257, "[[0]]": 0.5009}, "Layer2": {"[[0, 1, 2, 3, 4, 5, 6, 7]]": 0.5039, "[[0, 1]]": 0.5049, "[[0]]": 0.502}, "Layer3": {"[[0, 1, 2, 3, 4, 5, 6, 7]]": 0.4993, "[[0, 1]]": 0.504, "[[0]]": 0.5009}}, {"accuracy": 0.7194, "Layer1": {"[[0, 1, 2, 3, 4, 5, 6, 7]]": 0.5191, "[[0, 1]]": 0.5235, "[[0]]": 0.5205}, "Layer2": {"[[0, 1, 2, 3, 4, 5, 6, 7]]": 0.5047, "[[0, 1]]": 0.5054, "[[0]]": 0.5078}, "Layer3": {"[[0, 1, 2, 3, 4, 5, 6, 7]]": 0.5032, "[[0, 1]]": 0.5022, "[[0]]": 0.5043}}, {"accuracy": 0.7688, "Layer1": {"[[0, 1, 2, 3, 4, 5, 6, 7]]": 0.5163, "[[0, 1]]": 0.5192, "[[0]]": 0.52}, "Layer2": {"[[0, 1, 2, 3, 4, 5, 6, 7]]": 0.5119, "[[0, 1]]": 0.5137, "[[0]]": 0.5108}, "Layer3": {"[[0, 1, 2, 3, 4, 5, 6, 7]]": 0.5029, "[[0, 1]]": 0.5037, "[[0]]": 0.5071}}, {"accuracy": 0.8119, "Layer1": {"[[0, 1, 2, 3, 4, 5, 6, 7]]": 0.5049, "[[0, 1]]": 0.5187, "[[0]]": 0.5174}, "Layer2": {"[[0, 1, 2, 3, 4, 5, 6, 7]]": 0.5087, "[[0, 1]]": 0.5086, "[[0]]": 0.5039}, "Layer3": {"[[0, 1, 2, 3, 4, 5, 6, 7]]": 0.504, "[[0, 1]]": 0.5027, "[[0]]": 0.5066}}, {"accuracy": 0.8491, "Layer1": {"[[0, 1, 2, 3, 4, 5, 6, 7]]": 0.5004, "[[0, 1]]": 0.5031, "[[0]]": 0.506}, "Layer2": {"[[0, 1, 2, 3, 4, 5, 6, 7]]": 0.5089, "[[0, 1]]": 0.5052, "[[0]]": 0.5107}, "Layer3": {"[[0, 1, 2, 3, 4, 5, 6, 7]]": 0.5036, "[[0, 1]]": 0.5065, "[[0]]": 0.5044}}, {"accuracy": 0.8829, "Layer1": {"[[0, 1, 2, 3, 4, 5, 6, 7]]": 0.5031, "[[0, 1]]": 0.5135, "[[0]]": 0.5165}, "Layer2": {"[[0, 1, 2, 3, 4, 5, 6, 7]]": 0.5097, "[[0, 1]]": 0.5132, "[[0]]": 0.503}, "Layer3": {"[[0, 1, 2, 3, 4, 5, 6, 7]]": 0.5057, "[[0, 1]]": 0.505, "[[0]]": 0.5049}}, {"accuracy": 0.906, "Layer1": {"[[0, 1, 2, 3, 4, 5, 6, 7]]": 0.5095, "[[0, 1]]": 0.5155, "[[0]]": 0.5105}, "Layer2": {"[[0, 1, 2, 3, 4, 5, 6, 7]]": 0.5086, "[[0, 1]]": 0.5077, "[[0]]": 0.5047}, "Layer3": {"[[0, 1, 2, 3, 4, 5, 6, 7]]": 0.5068, "[[0, 1]]": 0.5084, "[[0]]": 0.506}}, {"accuracy": 0.9235, "Layer1": {"[[0, 1, 2, 3, 4, 5, 6, 7]]": 0.4998, "[[0, 1]]": 0.5083, "[[0]]": 0.5122}, "Layer2": {"[[0, 1, 2, 3, 4, 5, 6, 7]]": 0.5106, "[[0, 1]]": 0.5051, "[[0]]": 0.5123}, "Layer3": {"[[0, 1, 2, 3, 4, 5, 6, 7]]": 0.5096, "[[0, 1]]": 0.5072, "[[0]]": 0.5079}}, {"accuracy": 0.9402, "Layer1": {"[[0, 1, 2, 3, 4, 5, 6, 7]]": 0.505, "[[0, 1]]": 0.5104, "[[0]]": 0.5129}, "Layer2": {"[[0, 1, 2, 3, 4, 5, 6, 7]]": 0.5071, "[[0, 1]]": 0.5116, "[[0]]": 0.5113}, "Layer3": {"[[0, 1, 2, 3, 4, 5, 6, 7]]": 0.5069, "[[0, 1]]": 0.5089, "[[0]]": 0.5074}}, {"accuracy": 0.9533, "Layer1": {"[[0, 1, 2, 3, 4, 5, 6, 7]]": 0.5102, "[[0, 1]]": 0.5117, "[[0]]": 0.507}, "Layer2": {"[[0, 1, 2, 3, 4, 5, 6, 7]]": 0.5165, "[[0, 1]]": 0.5077, "[[0]]": 0.5082}, "Layer3": {"[[0, 1, 2, 3, 4, 5, 6, 7]]": 0.5055, "[[0, 1]]": 0.5063, "[[0]]": 0.5053}}, {"accuracy": 0.964, "Layer1": {"[[0, 1, 2, 3, 4, 5, 6, 7]]": 0.5054, "[[0, 1]]": 0.5117, "[[0]]": 0.5158}, "Layer2": {"[[0, 1, 2, 3, 4, 5, 6, 7]]": 0.5086, "[[0, 1]]": 0.5144, "[[0]]": 0.5118}, "Layer3": {"[[0, 1, 2, 3, 4, 5, 6, 7]]": 0.505, "[[0, 1]]": 0.5043, "[[0]]": 0.5109}}, {"accuracy": 0.9702, "Layer1": {"[[0, 1, 2, 3, 4, 5, 6, 7]]": 0.5015, "[[0, 1]]": 0.5159, "[[0]]": 0.5129}, "Layer2": {"[[0, 1, 2, 3, 4, 5, 6, 7]]": 0.509, "[[0, 1]]": 0.5082, "[[0]]": 0.511}, "Layer3": {"[[0, 1, 2, 3, 4, 5, 6, 7]]": 0.5095, "[[0, 1]]": 0.5076, "[[0]]": 0.5053}}], [{"accuracy": 0.498, "Layer1": {"[[0, 1, 2, 3, 4, 5, 6, 7]]": 0.4958, "[[0, 1]]": 0.4958, "[[0]]": 0.4958}, "Layer2": {"[[0, 1, 2, 3, 4, 5, 6, 7]]": 0.4958, "[[0, 1]]": 0.4958, "[[0]]": 0.4958}, "Layer3": {"[[0, 1, 2, 3, 4, 5, 6, 7]]": 0.4958, "[[0, 1]]": 0.4958, "[[0]]": 0.4958}}, {"accuracy": 0.5112, "Layer1": {"[[0, 1, 2, 3, 4, 5, 6, 7]]": 0.5157, "[[0, 1]]": 0.5075, "[[0]]": 0.5107}, "Layer2": {"[[0, 1, 2, 3, 4, 5, 6, 7]]": 0.507, "[[0, 1]]": 0.5076, "[[0]]": 0.5073}, "Layer3": {"[[0, 1, 2, 3, 4, 5, 6, 7]]": 0.4971, "[[0, 1]]": 0.5022, "[[0]]": 0.5007}}, {"accuracy": 0.6057, "Layer1": {"[[0, 1, 2, 3, 4, 5, 6, 7]]": 0.5273, "[[0, 1]]": 0.5192, "[[0]]": 0.5255}, "Layer2": {"[[0, 1, 2, 3, 4, 5, 6, 7]]": 0.5086, "[[0, 1]]": 0.5037, "[[0]]": 0.5059}, "Layer3": {"[[0, 1, 2, 3, 4, 5, 6, 7]]": 0.5035, "[[0, 1]]": 0.5055, "[[0]]": 0.5055}}, {"accuracy": 0.6436, "Layer1": {"[[0, 1, 2, 3, 4, 5, 6, 7]]": 0.5256, "[[0, 1]]": 0.5311, "[[0]]": 0.5053}, "Layer2": {"[[0, 1, 2, 3, 4, 5, 6, 7]]": 0.5067, "[[0, 1]]": 0.501, "[[0]]": 0.4973}, "Layer3": {"[[0, 1, 2, 3, 4, 5, 6, 7]]": 0.503, "[[0, 1]]": 0.5041, "[[0]]": 0.5032}}, {"accuracy": 0.7021, "Layer1": {"[[0, 1, 2, 3, 4, 5, 6, 7]]": 0.5053, "[[0, 1]]": 0.522, "[[0]]": 0.5277}, "Layer2": {"[[0, 1, 2, 3, 4, 5, 6, 7]]": 0.4945, "[[0, 1]]": 0.4966, "[[0]]": 0.4968}, "Layer3": {"[[0, 1, 2, 3, 4, 5, 6, 7]]": 0.502, "[[0, 1]]": 0.5017, "[[0]]": 0.5015}}, {"accuracy": 0.7551, "Layer1": {"[[0, 1, 2, 3, 4, 5, 6, 7]]": 0.5051, "[[0, 1]]": 0.5113, "[[0]]": 0.5109}, "Layer2": {"[[0, 1, 2, 3, 4, 5, 6, 7]]": 0.4976, "[[0, 1]]": 0.4995, "[[0]]": 0.4988}, "Layer3": {"[[0, 1, 2, 3, 4, 5, 6, 7]]": 0.4991, "[[0, 1]]": 0.4994, "[[0]]": 0.4992}}, {"accuracy": 0.7997, "Layer1": {"[[0, 1, 2, 3, 4, 5, 6, 7]]": 0.5028, "[[0, 1]]": 0.5047, "[[0]]": 0.5113}, "Layer2": {"[[0, 1, 2, 3, 4, 5, 6, 7]]": 0.4979, "[[0, 1]]": 0.5016, "[[0]]": 0.4972}, "Layer3": {"[[0, 1, 2, 3, 4, 5, 6, 7]]": 0.4988, "[[0, 1]]": 0.4985, "[[0]]": 0.4999}}, {"accuracy": 0.8318, "Layer1": {"[[0, 1, 2, 3, 4, 5, 6, 7]]": 0.5074, "[[0, 1]]": 0.5093, "[[0]]": 0.502}, "Layer2": {"[[0, 1, 2, 3, 4, 5, 6, 7]]": 0.5022, "[[0, 1]]": 0.5013, "[[0]]": 0.5038}, "Layer3": {"[[0, 1, 2, 3, 4, 5, 6, 7]]": 0.5026, "[[0, 1]]": 0.5013, "[[0]]": 0.5024}}, {"accuracy": 0.8512, "Layer1": {"[[0, 1, 2, 3, 4, 5, 6, 7]]": 0.4994, "[[0, 1]]": 0.5092, "[[0]]": 0.5001}, "Layer2": {"[[0, 1, 2, 3, 4, 5, 6, 7]]": 0.5002, "[[0, 1]]": 0.499, "[[0]]": 0.5028}, "Layer3": {"[[0, 1, 2, 3, 4, 5, 6, 7]]": 0.5024, "[[0, 1]]": 0.5043, "[[0]]": 0.5022}}, {"accuracy": 0.8681, "Layer1": {"[[0, 1, 2, 3, 4, 5, 6, 7]]": 0.5039, "[[0, 1]]": 0.5024, "[[0]]": 0.5028}, "Layer2": {"[[0, 1, 2, 3, 4, 5, 6, 7]]": 0.5036, "[[0, 1]]": 0.5056, "[[0]]": 0.5013}, "Layer3": {"[[0, 1, 2, 3, 4, 5, 6, 7]]": 0.5032, "[[0, 1]]": 0.5032, "[[0]]": 0.5}}, {"accuracy": 0.8835, "Layer1": {"[[0, 1, 2, 3, 4, 5, 6, 7]]": 0.4967, "[[0, 1]]": 0.5013, "[[0]]": 0.5}, "Layer2": {"[[0, 1, 2, 3, 4, 5, 6, 7]]": 0.5031, "[[0, 1]]": 0.5021, "[[0]]": 0.4986}, "Layer3": {"[[0, 1, 2, 3, 4, 5, 6, 7]]": 0.5032, "[[0, 1]]": 0.5024, "[[0]]": 0.5025}}, {"accuracy": 0.8991, "Layer1": {"[[0, 1, 2, 3, 4, 5, 6, 7]]": 0.5011, "[[0, 1]]": 0.5011, "[[0]]": 0.5027}, "Layer2": {"[[0, 1, 2, 3, 4, 5, 6, 7]]": 0.5018, "[[0, 1]]": 0.502, "[[0]]": 0.4995}, "Layer3": {"[[0, 1, 2, 3, 4, 5, 6, 7]]": 0.5027, "[[0, 1]]": 0.5029, "[[0]]": 0.5013}}, {"accuracy": 0.9109, "Layer1": {"[[0, 1, 2, 3, 4, 5, 6, 7]]": 0.5065, "[[0, 1]]": 0.5001, "[[0]]": 0.4986}, "Layer2": {"[[0, 1, 2, 3, 4, 5, 6, 7]]": 0.5013, "[[0, 1]]": 0.5003, "[[0]]": 0.4991}, "Layer3": {"[[0, 1, 2, 3, 4, 5, 6, 7]]": 0.5002, "[[0, 1]]": 0.4995, "[[0]]": 0.5019}}, {"accuracy": 0.9235, "Layer1": {"[[0, 1, 2, 3, 4, 5, 6, 7]]": 0.5049, "[[0, 1]]": 0.504, "[[0]]": 0.504}, "Layer2": {"[[0, 1, 2, 3, 4, 5, 6, 7]]": 0.5004, "[[0, 1]]": 0.4995, "[[0]]": 0.4988}, "Layer3": {"[[0, 1, 2, 3, 4, 5, 6, 7]]": 0.4996, "[[0, 1]]": 0.5001, "[[0]]": 0.504}}, {"accuracy": 0.9363, "Layer1": {"[[0, 1, 2, 3, 4, 5, 6, 7]]": 0.5007, "[[0, 1]]": 0.4985, "[[0]]": 0.4973}, "Layer2": {"[[0, 1, 2, 3, 4, 5, 6, 7]]": 0.4989, "[[0, 1]]": 0.5031, "[[0]]": 0.4988}, "Layer3": {"[[0, 1, 2, 3, 4, 5, 6, 7]]": 0.4994, "[[0, 1]]": 0.4986, "[[0]]": 0.4992}}, {"accuracy": 0.9474, "Layer1": {"[[0, 1, 2, 3, 4, 5, 6, 7]]": 0.5012, "[[0, 1]]": 0.5027, "[[0]]": 0.5039}, "Layer2": {"[[0, 1, 2, 3, 4, 5, 6, 7]]": 0.499, "[[0, 1]]": 0.5009, "[[0]]": 0.4958}, "Layer3": {"[[0, 1, 2, 3, 4, 5, 6, 7]]": 0.4994, "[[0, 1]]": 0.4975, "[[0]]": 0.4975}}, {"accuracy": 0.9562, "Layer1": {"[[0, 1, 2, 3, 4, 5, 6, 7]]": 0.5044, "[[0, 1]]": 0.4983, "[[0]]": 0.4957}, "Layer2": {"[[0, 1, 2, 3, 4, 5, 6, 7]]": 0.5018, "[[0, 1]]": 0.499, "[[0]]": 0.5006}, "Layer3": {"[[0, 1, 2, 3, 4, 5, 6, 7]]": 0.4996, "[[0, 1]]": 0.5002, "[[0]]": 0.4995}}], [{"accuracy": 0.5005, "Layer1": {"[[0, 1, 2, 3, 4, 5, 6, 7]]": 0.5017, "[[0, 1]]": 0.5017, "[[0]]": 0.5017}, "Layer2": {"[[0, 1, 2, 3, 4, 5, 6, 7]]": 0.5017, "[[0, 1]]": 0.5017, "[[0]]": 0.5017}, "Layer3": {"[[0, 1, 2, 3, 4, 5, 6, 7]]": 0.5017, "[[0, 1]]": 0.5017, "[[0]]": 0.5017}}, {"accuracy": 0.4976, "Layer1": {"[[0, 1, 2, 3, 4, 5, 6, 7]]": 0.4986, "[[0, 1]]": 0.4939, "[[0]]": 0.4961}, "Layer2": {"[[0, 1, 2, 3, 4, 5, 6, 7]]": 0.4973, "[[0, 1]]": 0.501, "[[0]]": 0.4934}, "Layer3": {"[[0, 1, 2, 3, 4, 5, 6, 7]]": 0.4963, "[[0, 1]]": 0.4959, "[[0]]": 0.4974}}, {"accuracy": 0.5651, "Layer1": {"[[0, 1, 2, 3, 4, 5, 6, 7]]": 0.5158, "[[0, 1]]": 0.5067, "[[0]]": 0.5014}, "Layer2": {"[[0, 1, 2, 3, 4, 5, 6, 7]]": 0.497, "[[0, 1]]": 0.4974, "[[0]]": 0.4985}, "Layer3": {"[[0, 1, 2, 3, 4, 5, 6, 7]]": 0.5006, "[[0, 1]]": 0.5034, "[[0]]": 0.5006}}, {"accuracy": 0.6384, "Layer1": {"[[0, 1, 2, 3, 4, 5, 6, 7]]": 0.5066, "[[0, 1]]": 0.5068, "[[0]]": 0.5012}, "Layer2": {"[[0, 1, 2, 3, 4, 5, 6, 7]]": 0.5017, "[[0, 1]]": 0.4981, "[[0]]": 0.4988}, "Layer3": {"[[0, 1, 2, 3, 4, 5, 6, 7]]": 0.5004, "[[0, 1]]": 0.5036, "[[0]]": 0.5024}}, {"accuracy": 0.659, "Layer1": {"[[0, 1, 2, 3, 4, 5, 6, 7]]": 0.507, "[[0, 1]]": 0.4996, "[[0]]": 0.495}, "Layer2": {"[[0, 1, 2, 3, 4, 5, 6, 7]]": 0.5025, "[[0, 1]]": 0.5005, "[[0]]": 0.4996}, "Layer3": {"[[0, 1, 2, 3, 4, 5, 6, 7]]": 0.4991, "[[0, 1]]": 0.4974, "[[0]]": 0.4977}}, {"accuracy": 0.7152, "Layer1": {"[[0, 1, 2, 3, 4, 5, 6, 7]]": 0.503, "[[0, 1]]": 0.5024, "[[0]]": 0.5026}, "Layer2": {"[[0, 1, 2, 3, 4, 5, 6, 7]]": 0.4987, "[[0, 1]]": 0.4947, "[[0]]": 0.4974}, "Layer3": {"[[0, 1, 2, 3, 4, 5, 6, 7]]": 0.4993, "[[0, 1]]": 0.5001, "[[0]]": 0.5007}}, {"accuracy": 0.7773, "Layer1": {"[[0, 1, 2, 3, 4, 5, 6, 7]]": 0.5044, "[[0, 1]]": 0.5005, "[[0]]": 0.4982}, "Layer2": {"[[0, 1, 2, 3, 4, 5, 6, 7]]": 0.4996, "[[0, 1]]": 0.5001, "[[0]]": 0.4997}, "Layer3": {"[[0, 1, 2, 3, 4, 5, 6, 7]]": 0.5007, "[[0, 1]]": 0.5019, "[[0]]": 0.5011}}, {"accuracy": 0.7971, "Layer1": {"[[0, 1, 2, 3, 4, 5, 6, 7]]": 0.501, "[[0, 1]]": 0.504, "[[0]]": 0.4963}, "Layer2": {"[[0, 1, 2, 3, 4, 5, 6, 7]]": 0.4991, "[[0, 1]]": 0.4998, "[[0]]": 0.4982}, "Layer3": {"[[0, 1, 2, 3, 4, 5, 6, 7]]": 0.4996, "[[0, 1]]": 0.5021, "[[0]]": 0.5014}}, {"accuracy": 0.8183, "Layer1": {"[[0, 1, 2, 3, 4, 5, 6, 7]]": 0.5021, "[[0, 1]]": 0.507, "[[0]]": 0.4989}, "Layer2": {"[[0, 1, 2, 3, 4, 5, 6, 7]]": 0.4968, "[[0, 1]]": 0.4991, "[[0]]": 0.501}, "Layer3": {"[[0, 1, 2, 3, 4, 5, 6, 7]]": 0.4996, "[[0, 1]]": 0.5005, "[[0]]": 0.4996}}, {"accuracy": 0.8406, "Layer1": {"[[0, 1, 2, 3, 4, 5, 6, 7]]": 0.5143, "[[0, 1]]": 0.5026, "[[0]]": 0.5019}, "Layer2": {"[[0, 1, 2, 3, 4, 5, 6, 7]]": 0.4996, "[[0, 1]]": 0.5007, "[[0]]": 0.4985}, "Layer3": {"[[0, 1, 2, 3, 4, 5, 6, 7]]": 0.4995, "[[0, 1]]": 0.5003, "[[0]]": 0.4994}}, {"accuracy": 0.8591, "Layer1": {"[[0, 1, 2, 3, 4, 5, 6, 7]]": 0.5121, "[[0, 1]]": 0.5008, "[[0]]": 0.4969}, "Layer2": {"[[0, 1, 2, 3, 4, 5, 6, 7]]": 0.5019, "[[0, 1]]": 0.4989, "[[0]]": 0.4984}, "Layer3": {"[[0, 1, 2, 3, 4, 5, 6, 7]]": 0.5, "[[0, 1]]": 0.5018, "[[0]]": 0.4994}}, {"accuracy": 0.8813, "Layer1": {"[[0, 1, 2, 3, 4, 5, 6, 7]]": 0.5131, "[[0, 1]]": 0.5157, "[[0]]": 0.5111}, "Layer2": {"[[0, 1, 2, 3, 4, 5, 6, 7]]": 0.4985, "[[0, 1]]": 0.4999, "[[0]]": 0.5022}, "Layer3": {"[[0, 1, 2, 3, 4, 5, 6, 7]]": 0.4994, "[[0, 1]]": 0.4977, "[[0]]": 0.4963}}, {"accuracy": 0.9012, "Layer1": {"[[0, 1, 2, 3, 4, 5, 6, 7]]": 0.4986, "[[0, 1]]": 0.5058, "[[0]]": 0.5125}, "Layer2": {"[[0, 1, 2, 3, 4, 5, 6, 7]]": 0.5037, "[[0, 1]]": 0.5048, "[[0]]": 0.5024}, "Layer3": {"[[0, 1, 2, 3, 4, 5, 6, 7]]": 0.4994, "[[0, 1]]": 0.5014, "[[0]]": 0.4994}}, {"accuracy": 0.917, "Layer1": {"[[0, 1, 2, 3, 4, 5, 6, 7]]": 0.5097, "[[0, 1]]": 0.5063, "[[0]]": 0.5148}, "Layer2": {"[[0, 1, 2, 3, 4, 5, 6, 7]]": 0.4999, "[[0, 1]]": 0.5071, "[[0]]": 0.5055}, "Layer3": {"[[0, 1, 2, 3, 4, 5, 6, 7]]": 0.4986, "[[0, 1]]": 0.4973, "[[0]]": 0.4968}}, {"accuracy": 0.9308, "Layer1": {"[[0, 1, 2, 3, 4, 5, 6, 7]]": 0.4999, "[[0, 1]]": 0.5113, "[[0]]": 0.5023}, "Layer2": {"[[0, 1, 2, 3, 4, 5, 6, 7]]": 0.5015, "[[0, 1]]": 0.5008, "[[0]]": 0.5012}, "Layer3": {"[[0, 1, 2, 3, 4, 5, 6, 7]]": 0.5004, "[[0, 1]]": 0.5024, "[[0]]": 0.5016}}, {"accuracy": 0.9433, "Layer1": {"[[0, 1, 2, 3, 4, 5, 6, 7]]": 0.5034, "[[0, 1]]": 0.5045, "[[0]]": 0.5026}, "Layer2": {"[[0, 1, 2, 3, 4, 5, 6, 7]]": 0.5023, "[[0, 1]]": 0.5042, "[[0]]": 0.5011}, "Layer3": {"[[0, 1, 2, 3, 4, 5, 6, 7]]": 0.4968, "[[0, 1]]": 0.4976, "[[0]]": 0.4972}}, {"accuracy": 0.9572, "Layer1": {"[[0, 1, 2, 3, 4, 5, 6, 7]]": 0.5, "[[0, 1]]": 0.51, "[[0]]": 0.5032}, "Layer2": {"[[0, 1, 2, 3, 4, 5, 6, 7]]": 0.4993, "[[0, 1]]": 0.502, "[[0]]": 0.5035}, "Layer3": {"[[0, 1, 2, 3, 4, 5, 6, 7]]": 0.4986, "[[0, 1]]": 0.4977, "[[0]]": 0.4992}}]]