[[{"accuracy": 0.4967, "Layer1": {"[[0, 1, 2, 3, 4, 5, 6, 7], [8, 9, 10, 11, 12, 13, 14, 15]]": 0.6747, "[[0, 1], [2, 3]]": 0.5144, "[[0], [1]]": 0.5006}, "Layer2": {"[[0, 1, 2, 3, 4, 5, 6, 7], [8, 9, 10, 11, 12, 13, 14, 15]]": 0.4918, "[[0, 1], [2, 3]]": 0.5029, "[[0], [1]]": 0.4971}, "Layer3": {"[[0, 1, 2, 3, 4, 5, 6, 7], [8, 9, 10, 11, 12, 13, 14, 15]]": 0.4998, "[[0, 1], [2, 3]]": 0.4954, "[[0], [1]]": 0.4984}}, {"accuracy": 0.5041, "Layer1": {"[[0, 1, 2, 3, 4, 5, 6, 7], [8, 9, 10, 11, 12, 13, 14, 15]]": 0.7402, "[[0, 1], [2, 3]]": 0.7521, "[[0], [1]]": 0.7157}, "Layer2": {"[[0, 1, 2, 3, 4, 5, 6, 7], [8, 9, 10, 11, 12, 13, 14, 15]]": 0.6445, "[[0, 1], [2, 3]]": 0.6383, "[[0], [1]]": 0.6334}, "Layer3": {"[[0, 1, 2, 3, 4, 5, 6, 7], [8, 9, 10, 11, 12, 13, 14, 15]]": 0.5042, "[[0, 1], [2, 3]]": 0.501, "[[0], [1]]": 0.5068}}, {"accuracy": 0.5739, "Layer1": {"[[0, 1, 2, 3, 4, 5, 6, 7], [8, 9, 10, 11, 12, 13, 14, 15]]": 0.8477, "[[0, 1], [2, 3]]": 0.8568, "[[0], [1]]": 0.8418}, "Layer2": {"[[0, 1, 2, 3, 4, 5, 6, 7], [8, 9, 10, 11, 12, 13, 14, 15]]": 0.7462, "[[0, 1], [2, 3]]": 0.7402, "[[0], [1]]": 0.7191}, "Layer3": {"[[0, 1, 2, 3, 4, 5, 6, 7], [8, 9, 10, 11, 12, 13, 14, 15]]": 0.6316, "[[0, 1], [2, 3]]": 0.6285, "[[0], [1]]": 0.6013}}, {"accuracy": 0.6371, "Layer1": {"[[0, 1, 2, 3, 4, 5, 6, 7], [8, 9, 10, 11, 12, 13, 14, 15]]": 0.9089, "[[0, 1], [2, 3]]": 0.9072, "[[0], [1]]": 0.8997}, "Layer2": {"[[0, 1, 2, 3, 4, 5, 6, 7], [8, 9, 10, 11, 12, 13, 14, 15]]": 0.8079, "[[0, 1], [2, 3]]": 0.8158, "[[0], [1]]": 0.7835}, "Layer3": {"[[0, 1, 2, 3, 4, 5, 6, 7], [8, 9, 10, 11, 12, 13, 14, 15]]": 0.7046, "[[0, 1], [2, 3]]": 0.7162, "[[0], [1]]": 0.7287}}, {"accuracy": 0.6963, "Layer1": {"[[0, 1, 2, 3, 4, 5, 6, 7], [8, 9, 10, 11, 12, 13, 14, 15]]": 0.9382, "[[0, 1], [2, 3]]": 0.9339, "[[0], [1]]": 0.9384}, "Layer2": {"[[0, 1, 2, 3, 4, 5, 6, 7], [8, 9, 10, 11, 12, 13, 14, 15]]": 0.896, "[[0, 1], [2, 3]]": 0.8892, "[[0], [1]]": 0.8775}, "Layer3": {"[[0, 1, 2, 3, 4, 5, 6, 7], [8, 9, 10, 11, 12, 13, 14, 15]]": 0.8375, "[[0, 1], [2, 3]]": 0.8339, "[[0], [1]]": 0.8105}}, {"accuracy": 0.7823, "Layer1": {"[[0, 1, 2, 3, 4, 5, 6, 7], [8, 9, 10, 11, 12, 13, 14, 15]]": 0.9636, "[[0, 1], [2, 3]]": 0.9561, "[[0], [1]]": 0.9481}, "Layer2": {"[[0, 1, 2, 3, 4, 5, 6, 7], [8, 9, 10, 11, 12, 13, 14, 15]]": 0.9367, "[[0, 1], [2, 3]]": 0.9435, "[[0], [1]]": 0.9336}, "Layer3": {"[[0, 1, 2, 3, 4, 5, 6, 7], [8, 9, 10, 11, 12, 13, 14, 15]]": 0.8772, "[[0, 1], [2, 3]]": 0.8667, "[[0], [1]]": 0.839}}, {"accuracy": 0.8566, "Layer1": {"[[0, 1, 2, 3, 4, 5, 6, 7], [8, 9, 10, 11, 12, 13, 14, 15]]": 0.9793, "[[0, 1], [2, 3]]": 0.9766, "[[0], [1]]": 0.9714}, "Layer2": {"[[0, 1, 2, 3, 4, 5, 6, 7], [8, 9, 10, 11, 12, 13, 14, 15]]": 0.9564, "[[0, 1], [2, 3]]": 0.9579, "[[0], [1]]": 0.958}, "Layer3": {"[[0, 1, 2, 3, 4, 5, 6, 7], [8, 9, 10, 11, 12, 13, 14, 15]]": 0.9247, "[[0, 1], [2, 3]]": 0.9231, "[[0], [1]]": 0.8979}}, {"accuracy": 0.908, "Layer1": {"[[0, 1, 2, 3, 4, 5, 6, 7], [8, 9, 10, 11, 12, 13, 14, 15]]": 0.9877, "[[0, 1], [2, 3]]": 0.9879, "[[0], [1]]": 0.9802}, "Layer2": {"[[0, 1, 2, 3, 4, 5, 6, 7], [8, 9, 10, 11, 12, 13, 14, 15]]": 0.9786, "[[0, 1], [2, 3]]": 0.9811, "[[0], [1]]": 0.9645}, "Layer3": {"[[0, 1, 2, 3, 4, 5, 6, 7], [8, 9, 10, 11, 12, 13, 14, 15]]": 0.9405, "[[0, 1], [2, 3]]": 0.9407, "[[0], [1]]": 0.9118}}, {"accuracy": 0.9414, "Layer1": {"[[0, 1, 2, 3, 4, 5, 6, 7], [8, 9, 10, 11, 12, 13, 14, 15]]": 0.9939, "[[0, 1], [2, 3]]": 0.9951, "[[0], [1]]": 0.9841}, "Layer2": {"[[0, 1, 2, 3, 4, 5, 6, 7], [8, 9, 10, 11, 12, 13, 14, 15]]": 0.9861, "[[0, 1], [2, 3]]": 0.981, "[[0], [1]]": 0.9752}, "Layer3": {"[[0, 1, 2, 3, 4, 5, 6, 7], [8, 9, 10, 11, 12, 13, 14, 15]]": 0.9681, "[[0, 1], [2, 3]]": 0.9657, "[[0], [1]]": 0.9472}}, {"accuracy": 0.961, "Layer1": {"[[0, 1, 2, 3, 4, 5, 6, 7], [8, 9, 10, 11, 12, 13, 14, 15]]": 0.9947, "[[0, 1], [2, 3]]": 0.9968, "[[0], [1]]": 0.993}, "Layer2": {"[[0, 1, 2, 3, 4, 5, 6, 7], [8, 9, 10, 11, 12, 13, 14, 15]]": 0.992, "[[0, 1], [2, 3]]": 0.9895, "[[0], [1]]": 0.9864}, "Layer3": {"[[0, 1, 2, 3, 4, 5, 6, 7], [8, 9, 10, 11, 12, 13, 14, 15]]": 0.9724, "[[0, 1], [2, 3]]": 0.9745, "[[0], [1]]": 0.9627}}, {"accuracy": 0.9696, "Layer1": {"[[0, 1, 2, 3, 4, 5, 6, 7], [8, 9, 10, 11, 12, 13, 14, 15]]": 0.9969, "[[0, 1], [2, 3]]": 0.9961, "[[0], [1]]": 0.9895}, "Layer2": {"[[0, 1, 2, 3, 4, 5, 6, 7], [8, 9, 10, 11, 12, 13, 14, 15]]": 0.9932, "[[0, 1], [2, 3]]": 0.9907, "[[0], [1]]": 0.9848}, "Layer3": {"[[0, 1, 2, 3, 4, 5, 6, 7], [8, 9, 10, 11, 12, 13, 14, 15]]": 0.9796, "[[0, 1], [2, 3]]": 0.9802, "[[0], [1]]": 0.9616}}, {"accuracy": 0.9788, "Layer1": {"[[0, 1, 2, 3, 4, 5, 6, 7], [8, 9, 10, 11, 12, 13, 14, 15]]": 0.9965, "[[0, 1], [2, 3]]": 0.9973, "[[0], [1]]": 0.9968}, "Layer2": {"[[0, 1, 2, 3, 4, 5, 6, 7], [8, 9, 10, 11, 12, 13, 14, 15]]": 0.996, "[[0, 1], [2, 3]]": 0.9931, "[[0], [1]]": 0.9874}, "Layer3": {"[[0, 1, 2, 3, 4, 5, 6, 7], [8, 9, 10, 11, 12, 13, 14, 15]]": 0.9874, "[[0, 1], [2, 3]]": 0.9838, "[[0], [1]]": 0.9814}}, {"accuracy": 0.9846, "Layer1": {"[[0, 1, 2, 3, 4, 5, 6, 7], [8, 9, 10, 11, 12, 13, 14, 15]]": 0.996, "[[0, 1], [2, 3]]": 0.9965, "[[0], [1]]": 0.9963}, "Layer2": {"[[0, 1, 2, 3, 4, 5, 6, 7], [8, 9, 10, 11, 12, 13, 14, 15]]": 0.9961, "[[0, 1], [2, 3]]": 0.9931, "[[0], [1]]": 0.9951}, "Layer3": {"[[0, 1, 2, 3, 4, 5, 6, 7], [8, 9, 10, 11, 12, 13, 14, 15]]": 0.9911, "[[0, 1], [2, 3]]": 0.9922, "[[0], [1]]": 0.9859}}, {"accuracy": 0.9895, "Layer1": {"[[0, 1, 2, 3, 4, 5, 6, 7], [8, 9, 10, 11, 12, 13, 14, 15]]": 0.9975, "[[0, 1], [2, 3]]": 0.9967, "[[0], [1]]": 0.9976}, "Layer2": {"[[0, 1, 2, 3, 4, 5, 6, 7], [8, 9, 10, 11, 12, 13, 14, 15]]": 0.9965, "[[0, 1], [2, 3]]": 0.9965, "[[0], [1]]": 0.9874}, "Layer3": {"[[0, 1, 2, 3, 4, 5, 6, 7], [8, 9, 10, 11, 12, 13, 14, 15]]": 0.9938, "[[0, 1], [2, 3]]": 0.9934, "[[0], [1]]": 0.9908}}, {"accuracy": 0.9921, "Layer1": {"[[0, 1, 2, 3, 4, 5, 6, 7], [8, 9, 10, 11, 12, 13, 14, 15]]": 0.9975, "[[0, 1], [2, 3]]": 0.9979, "[[0], [1]]": 0.987}, "Layer2": {"[[0, 1, 2, 3, 4, 5, 6, 7], [8, 9, 10, 11, 12, 13, 14, 15]]": 0.9974, "[[0, 1], [2, 3]]": 0.9968, "[[0], [1]]": 0.9972}, "Layer3": {"[[0, 1, 2, 3, 4, 5, 6, 7], [8, 9, 10, 11, 12, 13, 14, 15]]": 0.9952, "[[0, 1], [2, 3]]": 0.9929, "[[0], [1]]": 0.9874}}, {"accuracy": 0.9944, "Layer1": {"[[0, 1, 2, 3, 4, 5, 6, 7], [8, 9, 10, 11, 12, 13, 14, 15]]": 0.9982, "[[0, 1], [2, 3]]": 0.9976, "[[0], [1]]": 0.9797}, "Layer2": {"[[0, 1, 2, 3, 4, 5, 6, 7], [8, 9, 10, 11, 12, 13, 14, 15]]": 0.9974, "[[0, 1], [2, 3]]": 0.9973, "[[0], [1]]": 0.9979}, "Layer3": {"[[0, 1, 2, 3, 4, 5, 6, 7], [8, 9, 10, 11, 12, 13, 14, 15]]": 0.9961, "[[0, 1], [2, 3]]": 0.9964, "[[0], [1]]": 0.9934}}, {"accuracy": 0.9954, "Layer1": {"[[0, 1, 2, 3, 4, 5, 6, 7], [8, 9, 10, 11, 12, 13, 14, 15]]": 0.9986, "[[0, 1], [2, 3]]": 0.997, "[[0], [1]]": 0.8221}, "Layer2": {"[[0, 1, 2, 3, 4, 5, 6, 7], [8, 9, 10, 11, 12, 13, 14, 15]]": 0.9972, "[[0, 1], [2, 3]]": 0.9971, "[[0], [1]]": 0.9958}, "Layer3": {"[[0, 1, 2, 3, 4, 5, 6, 7], [8, 9, 10, 11, 12, 13, 14, 15]]": 0.9963, "[[0, 1], [2, 3]]": 0.997, "[[0], [1]]": 0.9917}}], [{"accuracy": 0.4831, "Layer1": {"[[0, 1, 2, 3, 4, 5, 6, 7], [8, 9, 10, 11, 12, 13, 14, 15]]": 0.4974, "[[0, 1], [2, 3]]": 0.4981, "[[0], [1]]": 0.4947}, "Layer2": {"[[0, 1, 2, 3, 4, 5, 6, 7], [8, 9, 10, 11, 12, 13, 14, 15]]": 0.4951, "[[0, 1], [2, 3]]": 0.4993, "[[0], [1]]": 0.5037}, "Layer3": {"[[0, 1, 2, 3, 4, 5, 6, 7], [8, 9, 10, 11, 12, 13, 14, 15]]": 0.4972, "[[0, 1], [2, 3]]": 0.5037, "[[0], [1]]": 0.501}}, {"accuracy": 0.4835, "Layer1": {"[[0, 1, 2, 3, 4, 5, 6, 7], [8, 9, 10, 11, 12, 13, 14, 15]]": 0.729, "[[0, 1], [2, 3]]": 0.7271, "[[0], [1]]": 0.722}, "Layer2": {"[[0, 1, 2, 3, 4, 5, 6, 7], [8, 9, 10, 11, 12, 13, 14, 15]]": 0.5263, "[[0, 1], [2, 3]]": 0.5075, "[[0], [1]]": 0.5075}, "Layer3": {"[[0, 1, 2, 3, 4, 5, 6, 7], [8, 9, 10, 11, 12, 13, 14, 15]]": 0.5054, "[[0, 1], [2, 3]]": 0.5103, "[[0], [1]]": 0.5087}}, {"accuracy": 0.5466, "Layer1": {"[[0, 1, 2, 3, 4, 5, 6, 7], [8, 9, 10, 11, 12, 13, 14, 15]]": 0.7913, "[[0, 1], [2, 3]]": 0.7961, "[[0], [1]]": 0.7697}, "Layer2": {"[[0, 1, 2, 3, 4, 5, 6, 7], [8, 9, 10, 11, 12, 13, 14, 15]]": 0.6084, "[[0, 1], [2, 3]]": 0.6087, "[[0], [1]]": 0.5962}, "Layer3": {"[[0, 1, 2, 3, 4, 5, 6, 7], [8, 9, 10, 11, 12, 13, 14, 15]]": 0.5362, "[[0, 1], [2, 3]]": 0.5412, "[[0], [1]]": 0.5012}}, {"accuracy": 0.6367, "Layer1": {"[[0, 1, 2, 3, 4, 5, 6, 7], [8, 9, 10, 11, 12, 13, 14, 15]]": 0.8637, "[[0, 1], [2, 3]]": 0.8547, "[[0], [1]]": 0.8555}, "Layer2": {"[[0, 1, 2, 3, 4, 5, 6, 7], [8, 9, 10, 11, 12, 13, 14, 15]]": 0.7429, "[[0, 1], [2, 3]]": 0.7437, "[[0], [1]]": 0.7117}, "Layer3": {"[[0, 1, 2, 3, 4, 5, 6, 7], [8, 9, 10, 11, 12, 13, 14, 15]]": 0.6965, "[[0, 1], [2, 3]]": 0.7001, "[[0], [1]]": 0.6894}}, {"accuracy": 0.7043, "Layer1": {"[[0, 1, 2, 3, 4, 5, 6, 7], [8, 9, 10, 11, 12, 13, 14, 15]]": 0.8888, "[[0, 1], [2, 3]]": 0.894, "[[0], [1]]": 0.8902}, "Layer2": {"[[0, 1, 2, 3, 4, 5, 6, 7], [8, 9, 10, 11, 12, 13, 14, 15]]": 0.8115, "[[0, 1], [2, 3]]": 0.8053, "[[0], [1]]": 0.7938}, "Layer3": {"[[0, 1, 2, 3, 4, 5, 6, 7], [8, 9, 10, 11, 12, 13, 14, 15]]": 0.7544, "[[0, 1], [2, 3]]": 0.742, "[[0], [1]]": 0.6112}}, {"accuracy": 0.7854, "Layer1": {"[[0, 1, 2, 3, 4, 5, 6, 7], [8, 9, 10, 11, 12, 13, 14, 15]]": 0.9398, "[[0, 1], [2, 3]]": 0.9395, "[[0], [1]]": 0.9293}, "Layer2": {"[[0, 1, 2, 3, 4, 5, 6, 7], [8, 9, 10, 11, 12, 13, 14, 15]]": 0.8522, "[[0, 1], [2, 3]]": 0.8416, "[[0], [1]]": 0.8583}, "Layer3": {"[[0, 1, 2, 3, 4, 5, 6, 7], [8, 9, 10, 11, 12, 13, 14, 15]]": 0.7713, "[[0, 1], [2, 3]]": 0.7963, "[[0], [1]]": 0.7647}}, {"accuracy": 0.8366, "Layer1": {"[[0, 1, 2, 3, 4, 5, 6, 7], [8, 9, 10, 11, 12, 13, 14, 15]]": 0.9569, "[[0, 1], [2, 3]]": 0.9433, "[[0], [1]]": 0.9415}, "Layer2": {"[[0, 1, 2, 3, 4, 5, 6, 7], [8, 9, 10, 11, 12, 13, 14, 15]]": 0.894, "[[0, 1], [2, 3]]": 0.8935, "[[0], [1]]": 0.8878}, "Layer3": {"[[0, 1, 2, 3, 4, 5, 6, 7], [8, 9, 10, 11, 12, 13, 14, 15]]": 0.8292, "[[0, 1], [2, 3]]": 0.826, "[[0], [1]]": 0.8082}}, {"accuracy": 0.864, "Layer1": {"[[0, 1, 2, 3, 4, 5, 6, 7], [8, 9, 10, 11, 12, 13, 14, 15]]": 0.9726, "[[0, 1], [2, 3]]": 0.9649, "[[0], [1]]": 0.9648}, "Layer2": {"[[0, 1, 2, 3, 4, 5, 6, 7], [8, 9, 10, 11, 12, 13, 14, 15]]": 0.9061, "[[0, 1], [2, 3]]": 0.9053, "[[0], [1]]": 0.9063}, "Layer3": {"[[0, 1, 2, 3, 4, 5, 6, 7], [8, 9, 10, 11, 12, 13, 14, 15]]": 0.8505, "[[0, 1], [2, 3]]": 0.8495, "[[0], [1]]": 0.8268}}, {"accuracy": 0.8828, "Layer1": {"[[0, 1, 2, 3, 4, 5, 6, 7], [8, 9, 10, 11, 12, 13, 14, 15]]": 0.9753, "[[0, 1], [2, 3]]": 0.9735, "[[0], [1]]": 0.9729}, "Layer2": {"[[0, 1, 2, 3, 4, 5, 6, 7], [8, 9, 10, 11, 12, 13, 14, 15]]": 0.9266, "[[0, 1], [2, 3]]": 0.9289, "[[0], [1]]": 0.9327}, "Layer3": {"[[0, 1, 2, 3, 4, 5, 6, 7], [8, 9, 10, 11, 12, 13, 14, 15]]": 0.8917, "[[0, 1], [2, 3]]": 0.8986, "[[0], [1]]": 0.86}}, {"accuracy": 0.9046, "Layer1": {"[[0, 1, 2, 3, 4, 5, 6, 7], [8, 9, 10, 11, 12, 13, 14, 15]]": 0.9861, "[[0, 1], [2, 3]]": 0.9818, "[[0], [1]]": 0.9468}, "Layer2": {"[[0, 1, 2, 3, 4, 5, 6, 7], [8, 9, 10, 11, 12, 13, 14, 15]]": 0.9428, "[[0, 1], [2, 3]]": 0.9362, "[[0], [1]]": 0.945}, "Layer3": {"[[0, 1, 2, 3, 4, 5, 6, 7], [8, 9, 10, 11, 12, 13, 14, 15]]": 0.9229, "[[0, 1], [2, 3]]": 0.9228, "[[0], [1]]": 0.9035}}, {"accuracy": 0.927, "Layer1": {"[[0, 1, 2, 3, 4, 5, 6, 7], [8, 9, 10, 11, 12, 13, 14, 15]]": 0.9884, "[[0, 1], [2, 3]]": 0.9859, "[[0], [1]]": 0.9863}, "Layer2": {"[[0, 1, 2, 3, 4, 5, 6, 7], [8, 9, 10, 11, 12, 13, 14, 15]]": 0.9623, "[[0, 1], [2, 3]]": 0.9622, "[[0], [1]]": 0.9594}, "Layer3": {"[[0, 1, 2, 3, 4, 5, 6, 7], [8, 9, 10, 11, 12, 13, 14, 15]]": 0.9491, "[[0, 1], [2, 3]]": 0.9365, "[[0], [1]]": 0.908}}, {"accuracy": 0.9485, "Layer1": {"[[0, 1, 2, 3, 4, 5, 6, 7], [8, 9, 10, 11, 12, 13, 14, 15]]": 0.9927, "[[0, 1], [2, 3]]": 0.9928, "[[0], [1]]": 0.9934}, "Layer2": {"[[0, 1, 2, 3, 4, 5, 6, 7], [8, 9, 10, 11, 12, 13, 14, 15]]": 0.9756, "[[0, 1], [2, 3]]": 0.9753, "[[0], [1]]": 0.975}, "Layer3": {"[[0, 1, 2, 3, 4, 5, 6, 7], [8, 9, 10, 11, 12, 13, 14, 15]]": 0.9626, "[[0, 1], [2, 3]]": 0.9616, "[[0], [1]]": 0.958}}, {"accuracy": 0.9661, "Layer1": {"[[0, 1, 2, 3, 4, 5, 6, 7], [8, 9, 10, 11, 12, 13, 14, 15]]": 0.9971, "[[0, 1], [2, 3]]": 0.9941, "[[0], [1]]": 0.9932}, "Layer2": {"[[0, 1, 2, 3, 4, 5, 6, 7], [8, 9, 10, 11, 12, 13, 14, 15]]": 0.9859, "[[0, 1], [2, 3]]": 0.9839, "[[0], [1]]": 0.9882}, "Layer3": {"[[0, 1, 2, 3, 4, 5, 6, 7], [8, 9, 10, 11, 12, 13, 14, 15]]": 0.9856, "[[0, 1], [2, 3]]": 0.9832, "[[0], [1]]": 0.9661}}, {"accuracy": 0.9794, "Layer1": {"[[0, 1, 2, 3, 4, 5, 6, 7], [8, 9, 10, 11, 12, 13, 14, 15]]": 0.9895, "[[0, 1], [2, 3]]": 0.9955, "[[0], [1]]": 0.9947}, "Layer2": {"[[0, 1, 2, 3, 4, 5, 6, 7], [8, 9, 10, 11, 12, 13, 14, 15]]": 0.9925, "[[0, 1], [2, 3]]": 0.9931, "[[0], [1]]": 0.993}, "Layer3": {"[[0, 1, 2, 3, 4, 5, 6, 7], [8, 9, 10, 11, 12, 13, 14, 15]]": 0.9892, "[[0, 1], [2, 3]]": 0.9902, "[[0], [1]]": 0.9848}}, {"accuracy": 0.9903, "Layer1": {"[[0, 1, 2, 3, 4, 5, 6, 7], [8, 9, 10, 11, 12, 13, 14, 15]]": 0.9963, "[[0, 1], [2, 3]]": 0.998, "[[0], [1]]": 0.998}, "Layer2": {"[[0, 1, 2, 3, 4, 5, 6, 7], [8, 9, 10, 11, 12, 13, 14, 15]]": 0.9964, "[[0, 1], [2, 3]]": 0.9949, "[[0], [1]]": 0.9958}, "Layer3": {"[[0, 1, 2, 3, 4, 5, 6, 7], [8, 9, 10, 11, 12, 13, 14, 15]]": 0.9959, "[[0, 1], [2, 3]]": 0.995, "[[0], [1]]": 0.9907}}, {"accuracy": 0.9939, "Layer1": {"[[0, 1, 2, 3, 4, 5, 6, 7], [8, 9, 10, 11, 12, 13, 14, 15]]": 0.997, "[[0, 1], [2, 3]]": 0.9951, "[[0], [1]]": 0.9982}, "Layer2": {"[[0, 1, 2, 3, 4, 5, 6, 7], [8, 9, 10, 11, 12, 13, 14, 15]]": 0.9966, "[[0, 1], [2, 3]]": 0.9967, "[[0], [1]]": 0.9959}, "Layer3": {"[[0, 1, 2, 3, 4, 5, 6, 7], [8, 9, 10, 11, 12, 13, 14, 15]]": 0.997, "[[0, 1], [2, 3]]": 0.9971, "[[0], [1]]": 0.9953}}, {"accuracy": 0.9958, "Layer1": {"[[0, 1, 2, 3, 4, 5, 6, 7], [8, 9, 10, 11, 12, 13, 14, 15]]": 0.9967, "[[0, 1], [2, 3]]": 0.9973, "[[0], [1]]": 0.9976}, "Layer2": {"[[0, 1, 2, 3, 4, 5, 6, 7], [8, 9, 10, 11, 12, 13, 14, 15]]": 0.9984, "[[0, 1], [2, 3]]": 0.997, "[[0], [1]]": 0.9984}, "Layer3": {"[[0, 1, 2, 3, 4, 5, 6, 7], [8, 9, 10, 11, 12, 13, 14, 15]]": 0.9975, "[[0, 1], [2, 3]]": 0.9972, "[[0], [1]]": 0.9967}}], [{"accuracy": 0.4986, "Layer1": {"[[0, 1, 2, 3, 4, 5, 6, 7], [8, 9, 10, 11, 12, 13, 14, 15]]": 0.4995, "[[0, 1], [2, 3]]": 0.4995, "[[0], [1]]": 0.5002}, "Layer2": {"[[0, 1, 2, 3, 4, 5, 6, 7], [8, 9, 10, 11, 12, 13, 14, 15]]": 0.5041, "[[0, 1], [2, 3]]": 0.4956, "[[0], [1]]": 0.501}, "Layer3": {"[[0, 1, 2, 3, 4, 5, 6, 7], [8, 9, 10, 11, 12, 13, 14, 15]]": 0.5029, "[[0, 1], [2, 3]]": 0.4955, "[[0], [1]]": 0.4989}}, {"accuracy": 0.5021, "Layer1": {"[[0, 1, 2, 3, 4, 5, 6, 7], [8, 9, 10, 11, 12, 13, 14, 15]]": 0.7473, "[[0, 1], [2, 3]]": 0.6948, "[[0], [1]]": 0.7383}, "Layer2": {"[[0, 1, 2, 3, 4, 5, 6, 7], [8, 9, 10, 11, 12, 13, 14, 15]]": 0.5622, "[[0, 1], [2, 3]]": 0.5024, "[[0], [1]]": 0.4977}, "Layer3": {"[[0, 1, 2, 3, 4, 5, 6, 7], [8, 9, 10, 11, 12, 13, 14, 15]]": 0.5027, "[[0, 1], [2, 3]]": 0.4988, "[[0], [1]]": 0.4994}}, {"accuracy": 0.5129, "Layer1": {"[[0, 1, 2, 3, 4, 5, 6, 7], [8, 9, 10, 11, 12, 13, 14, 15]]": 0.7525, "[[0, 1], [2, 3]]": 0.7407, "[[0], [1]]": 0.713}, "Layer2": {"[[0, 1, 2, 3, 4, 5, 6, 7], [8, 9, 10, 11, 12, 13, 14, 15]]": 0.6154, "[[0, 1], [2, 3]]": 0.6123, "[[0], [1]]": 0.5962}, "Layer3": {"[[0, 1, 2, 3, 4, 5, 6, 7], [8, 9, 10, 11, 12, 13, 14, 15]]": 0.5139, "[[0, 1], [2, 3]]": 0.5127, "[[0], [1]]": 0.5007}}, {"accuracy": 0.5797, "Layer1": {"[[0, 1, 2, 3, 4, 5, 6, 7], [8, 9, 10, 11, 12, 13, 14, 15]]": 0.7858, "[[0, 1], [2, 3]]": 0.8163, "[[0], [1]]": 0.7845}, "Layer2": {"[[0, 1, 2, 3, 4, 5, 6, 7], [8, 9, 10, 11, 12, 13, 14, 15]]": 0.6912, "[[0, 1], [2, 3]]": 0.6839, "[[0], [1]]": 0.6989}, "Layer3": {"[[0, 1, 2, 3, 4, 5, 6, 7], [8, 9, 10, 11, 12, 13, 14, 15]]": 0.622, "[[0, 1], [2, 3]]": 0.6449, "[[0], [1]]": 0.6075}}, {"accuracy": 0.6657, "Layer1": {"[[0, 1, 2, 3, 4, 5, 6, 7], [8, 9, 10, 11, 12, 13, 14, 15]]": 0.8916, "[[0, 1], [2, 3]]": 0.8617, "[[0], [1]]": 0.8346}, "Layer2": {"[[0, 1, 2, 3, 4, 5, 6, 7], [8, 9, 10, 11, 12, 13, 14, 15]]": 0.7495, "[[0, 1], [2, 3]]": 0.7708, "[[0], [1]]": 0.7314}, "Layer3": {"[[0, 1, 2, 3, 4, 5, 6, 7], [8, 9, 10, 11, 12, 13, 14, 15]]": 0.6662, "[[0, 1], [2, 3]]": 0.6922, "[[0], [1]]": 0.6781}}, {"accuracy": 0.6922, "Layer1": {"[[0, 1, 2, 3, 4, 5, 6, 7], [8, 9, 10, 11, 12, 13, 14, 15]]": 0.9469, "[[0, 1], [2, 3]]": 0.9363, "[[0], [1]]": 0.9125}, "Layer2": {"[[0, 1, 2, 3, 4, 5, 6, 7], [8, 9, 10, 11, 12, 13, 14, 15]]": 0.856, "[[0, 1], [2, 3]]": 0.8644, "[[0], [1]]": 0.81}, "Layer3": {"[[0, 1, 2, 3, 4, 5, 6, 7], [8, 9, 10, 11, 12, 13, 14, 15]]": 0.7741, "[[0, 1], [2, 3]]": 0.7907, "[[0], [1]]": 0.75}}, {"accuracy": 0.7551, "Layer1": {"[[0, 1, 2, 3, 4, 5, 6, 7], [8, 9, 10, 11, 12, 13, 14, 15]]": 0.9723, "[[0, 1], [2, 3]]": 0.9704, "[[0], [1]]": 0.9546}, "Layer2": {"[[0, 1, 2, 3, 4, 5, 6, 7], [8, 9, 10, 11, 12, 13, 14, 15]]": 0.9083, "[[0, 1], [2, 3]]": 0.9126, "[[0], [1]]": 0.8609}, "Layer3": {"[[0, 1, 2, 3, 4, 5, 6, 7], [8, 9, 10, 11, 12, 13, 14, 15]]": 0.8216, "[[0, 1], [2, 3]]": 0.8432, "[[0], [1]]": 0.7922}}, {"accuracy": 0.8051, "Layer1": {"[[0, 1, 2, 3, 4, 5, 6, 7], [8, 9, 10, 11, 12, 13, 14, 15]]": 0.9876, "[[0, 1], [2, 3]]": 0.9805, "[[0], [1]]": 0.9853}, "Layer2": {"[[0, 1, 2, 3, 4, 5, 6, 7], [8, 9, 10, 11, 12, 13, 14, 15]]": 0.9281, "[[0, 1], [2, 3]]": 0.9331, "[[0], [1]]": 0.9033}, "Layer3": {"[[0, 1, 2, 3, 4, 5, 6, 7], [8, 9, 10, 11, 12, 13, 14, 15]]": 0.8665, "[[0, 1], [2, 3]]": 0.8671, "[[0], [1]]": 0.83}}, {"accuracy": 0.8416, "Layer1": {"[[0, 1, 2, 3, 4, 5, 6, 7], [8, 9, 10, 11, 12, 13, 14, 15]]": 0.9844, "[[0, 1], [2, 3]]": 0.9872, "[[0], [1]]": 0.9806}, "Layer2": {"[[0, 1, 2, 3, 4, 5, 6, 7], [8, 9, 10, 11, 12, 13, 14, 15]]": 0.9431, "[[0, 1], [2, 3]]": 0.941, "[[0], [1]]": 0.9208}, "Layer3": {"[[0, 1, 2, 3, 4, 5, 6, 7], [8, 9, 10, 11, 12, 13, 14, 15]]": 0.8895, "[[0, 1], [2, 3]]": 0.8938, "[[0], [1]]": 0.8661}}, {"accuracy": 0.8756, "Layer1": {"[[0, 1, 2, 3, 4, 5, 6, 7], [8, 9, 10, 11, 12, 13, 14, 15]]": 0.9906, "[[0, 1], [2, 3]]": 0.9917, "[[0], [1]]": 0.967}, "Layer2": {"[[0, 1, 2, 3, 4, 5, 6, 7], [8, 9, 10, 11, 12, 13, 14, 15]]": 0.9665, "[[0, 1], [2, 3]]": 0.9613, "[[0], [1]]": 0.9288}, "Layer3": {"[[0, 1, 2, 3, 4, 5, 6, 7], [8, 9, 10, 11, 12, 13, 14, 15]]": 0.9177, "[[0, 1], [2, 3]]": 0.9175, "[[0], [1]]": 0.8779}}, {"accuracy": 0.9034, "Layer1": {"[[0, 1, 2, 3, 4, 5, 6, 7], [8, 9, 10, 11, 12, 13, 14, 15]]": 0.9914, "[[0, 1], [2, 3]]": 0.9929, "[[0], [1]]": 0.9915}, "Layer2": {"[[0, 1, 2, 3, 4, 5, 6, 7], [8, 9, 10, 11, 12, 13, 14, 15]]": 0.9675, "[[0, 1], [2, 3]]": 0.9715, "[[0], [1]]": 0.9647}, "Layer3": {"[[0, 1, 2, 3, 4, 5, 6, 7], [8, 9, 10, 11, 12, 13, 14, 15]]": 0.9287, "[[0, 1], [2, 3]]": 0.9388, "[[0], [1]]": 0.88}}, {"accuracy": 0.9265, "Layer1": {"[[0, 1, 2, 3, 4, 5, 6, 7], [8, 9, 10, 11, 12, 13, 14, 15]]": 0.9942, "[[0, 1], [2, 3]]": 0.9932, "[[0], [1]]": 0.9908}, "Layer2": {"[[0, 1, 2, 3, 4, 5, 6, 7], [8, 9, 10, 11, 12, 13, 14, 15]]": 0.9797, "[[0, 1], [2, 3]]": 0.9707, "[[0], [1]]": 0.9732}, "Layer3": {"[[0, 1, 2, 3, 4, 5, 6, 7], [8, 9, 10, 11, 12, 13, 14, 15]]": 0.9456, "[[0, 1], [2, 3]]": 0.9522, "[[0], [1]]": 0.9159}}, {"accuracy": 0.9409, "Layer1": {"[[0, 1, 2, 3, 4, 5, 6, 7], [8, 9, 10, 11, 12, 13, 14, 15]]": 0.994, "[[0, 1], [2, 3]]": 0.9944, "[[0], [1]]": 0.9806}, "Layer2": {"[[0, 1, 2, 3, 4, 5, 6, 7], [8, 9, 10, 11, 12, 13, 14, 15]]": 0.9835, "[[0, 1], [2, 3]]": 0.9799, "[[0], [1]]": 0.9696}, "Layer3": {"[[0, 1, 2, 3, 4, 5, 6, 7], [8, 9, 10, 11, 12, 13, 14, 15]]": 0.9603, "[[0, 1], [2, 3]]": 0.9564, "[[0], [1]]": 0.942}}, {"accuracy": 0.9502, "Layer1": {"[[0, 1, 2, 3, 4, 5, 6, 7], [8, 9, 10, 11, 12, 13, 14, 15]]": 0.9939, "[[0, 1], [2, 3]]": 0.9942, "[[0], [1]]": 0.9921}, "Layer2": {"[[0, 1, 2, 3, 4, 5, 6, 7], [8, 9, 10, 11, 12, 13, 14, 15]]": 0.9886, "[[0, 1], [2, 3]]": 0.986, "[[0], [1]]": 0.9794}, "Layer3": {"[[0, 1, 2, 3, 4, 5, 6, 7], [8, 9, 10, 11, 12, 13, 14, 15]]": 0.9678, "[[0, 1], [2, 3]]": 0.9665, "[[0], [1]]": 0.9516}}, {"accuracy": 0.961, "Layer1": {"[[0, 1, 2, 3, 4, 5, 6, 7], [8, 9, 10, 11, 12, 13, 14, 15]]": 0.9964, "[[0, 1], [2, 3]]": 0.995, "[[0], [1]]": 0.9967}, "Layer2": {"[[0, 1, 2, 3, 4, 5, 6, 7], [8, 9, 10, 11, 12, 13, 14, 15]]": 0.99, "[[0, 1], [2, 3]]": 0.9898, "[[0], [1]]": 0.9808}, "Layer3": {"[[0, 1, 2, 3, 4, 5, 6, 7], [8, 9, 10, 11, 12, 13, 14, 15]]": 0.9767, "[[0, 1], [2, 3]]": 0.9789, "[[0], [1]]": 0.9537}}, {"accuracy": 0.9681, "Layer1": {"[[0, 1, 2, 3, 4, 5, 6, 7], [8, 9, 10, 11, 12, 13, 14, 15]]": 0.9954, "[[0, 1], [2, 3]]": 0.9944, "[[0], [1]]": 0.9935}, "Layer2": {"[[0, 1, 2, 3, 4, 5, 6, 7], [8, 9, 10, 11, 12, 13, 14, 15]]": 0.9899, "[[0, 1], [2, 3]]": 0.9876, "[[0], [1]]": 0.9819}, "Layer3": {"[[0, 1, 2, 3, 4, 5, 6, 7], [8, 9, 10, 11, 12, 13, 14, 15]]": 0.9791, "[[0, 1], [2, 3]]": 0.9772, "[[0], [1]]": 0.9735}}, {"accuracy": 0.9719, "Layer1": {"[[0, 1, 2, 3, 4, 5, 6, 7], [8, 9, 10, 11, 12, 13, 14, 15]]": 0.9955, "[[0, 1], [2, 3]]": 0.996, "[[0], [1]]": 0.9878}, "Layer2": {"[[0, 1, 2, 3, 4, 5, 6, 7], [8, 9, 10, 11, 12, 13, 14, 15]]": 0.9916, "[[0, 1], [2, 3]]": 0.9921, "[[0], [1]]": 0.983}, "Layer3": {"[[0, 1, 2, 3, 4, 5, 6, 7], [8, 9, 10, 11, 12, 13, 14, 15]]": 0.9832, "[[0, 1], [2, 3]]": 0.98, "[[0], [1]]": 0.9709}}], [{"accuracy": 0.498, "Layer1": {"[[0, 1, 2, 3, 4, 5, 6, 7], [8, 9, 10, 11, 12, 13, 14, 15]]": 0.511, "[[0, 1], [2, 3]]": 0.5107, "[[0], [1]]": 0.5072}, "Layer2": {"[[0, 1, 2, 3, 4, 5, 6, 7], [8, 9, 10, 11, 12, 13, 14, 15]]": 0.4991, "[[0, 1], [2, 3]]": 0.4994, "[[0], [1]]": 0.5029}, "Layer3": {"[[0, 1, 2, 3, 4, 5, 6, 7], [8, 9, 10, 11, 12, 13, 14, 15]]": 0.5083, "[[0, 1], [2, 3]]": 0.5022, "[[0], [1]]": 0.5057}}, {"accuracy": 0.5039, "Layer1": {"[[0, 1, 2, 3, 4, 5, 6, 7], [8, 9, 10, 11, 12, 13, 14, 15]]": 0.7805, "[[0, 1], [2, 3]]": 0.7872, "[[0], [1]]": 0.779}, "Layer2": {"[[0, 1, 2, 3, 4, 5, 6, 7], [8, 9, 10, 11, 12, 13, 14, 15]]": 0.6337, "[[0, 1], [2, 3]]": 0.641, "[[0], [1]]": 0.638}, "Layer3": {"[[0, 1, 2, 3, 4, 5, 6, 7], [8, 9, 10, 11, 12, 13, 14, 15]]": 0.5032, "[[0, 1], [2, 3]]": 0.5079, "[[0], [1]]": 0.5094}}, {"accuracy": 0.5941, "Layer1": {"[[0, 1, 2, 3, 4, 5, 6, 7], [8, 9, 10, 11, 12, 13, 14, 15]]": 0.844, "[[0, 1], [2, 3]]": 0.8331, "[[0], [1]]": 0.7836}, "Layer2": {"[[0, 1, 2, 3, 4, 5, 6, 7], [8, 9, 10, 11, 12, 13, 14, 15]]": 0.715, "[[0, 1], [2, 3]]": 0.6959, "[[0], [1]]": 0.6994}, "Layer3": {"[[0, 1, 2, 3, 4, 5, 6, 7], [8, 9, 10, 11, 12, 13, 14, 15]]": 0.5638, "[[0, 1], [2, 3]]": 0.593, "[[0], [1]]": 0.5665}}, {"accuracy": 0.6332, "Layer1": {"[[0, 1, 2, 3, 4, 5, 6, 7], [8, 9, 10, 11, 12, 13, 14, 15]]": 0.855, "[[0, 1], [2, 3]]": 0.8592, "[[0], [1]]": 0.8295}, "Layer2": {"[[0, 1, 2, 3, 4, 5, 6, 7], [8, 9, 10, 11, 12, 13, 14, 15]]": 0.7539, "[[0, 1], [2, 3]]": 0.7614, "[[0], [1]]": 0.7211}, "Layer3": {"[[0, 1, 2, 3, 4, 5, 6, 7], [8, 9, 10, 11, 12, 13, 14, 15]]": 0.6409, "[[0, 1], [2, 3]]": 0.6265, "[[0], [1]]": 0.6287}}, {"accuracy": 0.7039, "Layer1": {"[[0, 1, 2, 3, 4, 5, 6, 7], [8, 9, 10, 11, 12, 13, 14, 15]]": 0.8876, "[[0, 1], [2, 3]]": 0.899, "[[0], [1]]": 0.861}, "Layer2": {"[[0, 1, 2, 3, 4, 5, 6, 7], [8, 9, 10, 11, 12, 13, 14, 15]]": 0.7499, "[[0, 1], [2, 3]]": 0.7737, "[[0], [1]]": 0.7196}, "Layer3": {"[[0, 1, 2, 3, 4, 5, 6, 7], [8, 9, 10, 11, 12, 13, 14, 15]]": 0.6782, "[[0, 1], [2, 3]]": 0.6642, "[[0], [1]]": 0.6781}}, {"accuracy": 0.757, "Layer1": {"[[0, 1, 2, 3, 4, 5, 6, 7], [8, 9, 10, 11, 12, 13, 14, 15]]": 0.9375, "[[0, 1], [2, 3]]": 0.935, "[[0], [1]]": 0.9393}, "Layer2": {"[[0, 1, 2, 3, 4, 5, 6, 7], [8, 9, 10, 11, 12, 13, 14, 15]]": 0.7948, "[[0, 1], [2, 3]]": 0.7895, "[[0], [1]]": 0.764}, "Layer3": {"[[0, 1, 2, 3, 4, 5, 6, 7], [8, 9, 10, 11, 12, 13, 14, 15]]": 0.7167, "[[0, 1], [2, 3]]": 0.7086, "[[0], [1]]": 0.697}}, {"accuracy": 0.8152, "Layer1": {"[[0, 1, 2, 3, 4, 5, 6, 7], [8, 9, 10, 11, 12, 13, 14, 15]]": 0.9463, "[[0, 1], [2, 3]]": 0.9473, "[[0], [1]]": 0.9388}, "Layer2": {"[[0, 1, 2, 3, 4, 5, 6, 7], [8, 9, 10, 11, 12, 13, 14, 15]]": 0.8174, "[[0, 1], [2, 3]]": 0.7878, "[[0], [1]]": 0.7835}, "Layer3": {"[[0, 1, 2, 3, 4, 5, 6, 7], [8, 9, 10, 11, 12, 13, 14, 15]]": 0.7508, "[[0, 1], [2, 3]]": 0.7468, "[[0], [1]]": 0.7133}}, {"accuracy": 0.841, "Layer1": {"[[0, 1, 2, 3, 4, 5, 6, 7], [8, 9, 10, 11, 12, 13, 14, 15]]": 0.9566, "[[0, 1], [2, 3]]": 0.9569, "[[0], [1]]": 0.9569}, "Layer2": {"[[0, 1, 2, 3, 4, 5, 6, 7], [8, 9, 10, 11, 12, 13, 14, 15]]": 0.8453, "[[0, 1], [2, 3]]": 0.8303, "[[0], [1]]": 0.8337}, "Layer3": {"[[0, 1, 2, 3, 4, 5, 6, 7], [8, 9, 10, 11, 12, 13, 14, 15]]": 0.7803, "[[0, 1], [2, 3]]": 0.759, "[[0], [1]]": 0.7533}}, {"accuracy": 0.8606, "Layer1": {"[[0, 1, 2, 3, 4, 5, 6, 7], [8, 9, 10, 11, 12, 13, 14, 15]]": 0.968, "[[0, 1], [2, 3]]": 0.9702, "[[0], [1]]": 0.9666}, "Layer2": {"[[0, 1, 2, 3, 4, 5, 6, 7], [8, 9, 10, 11, 12, 13, 14, 15]]": 0.8773, "[[0, 1], [2, 3]]": 0.8711, "[[0], [1]]": 0.8567}, "Layer3": {"[[0, 1, 2, 3, 4, 5, 6, 7], [8, 9, 10, 11, 12, 13, 14, 15]]": 0.8076, "[[0, 1], [2, 3]]": 0.7731, "[[0], [1]]": 0.7537}}, {"accuracy": 0.8788, "Layer1": {"[[0, 1, 2, 3, 4, 5, 6, 7], [8, 9, 10, 11, 12, 13, 14, 15]]": 0.9767, "[[0, 1], [2, 3]]": 0.9718, "[[0], [1]]": 0.9719}, "Layer2": {"[[0, 1, 2, 3, 4, 5, 6, 7], [8, 9, 10, 11, 12, 13, 14, 15]]": 0.9016, "[[0, 1], [2, 3]]": 0.8998, "[[0], [1]]": 0.8874}, "Layer3": {"[[0, 1, 2, 3, 4, 5, 6, 7], [8, 9, 10, 11, 12, 13, 14, 15]]": 0.8282, "[[0, 1], [2, 3]]": 0.8285, "[[0], [1]]": 0.8146}}, {"accuracy": 0.8984, "Layer1": {"[[0, 1, 2, 3, 4, 5, 6, 7], [8, 9, 10, 11, 12, 13, 14, 15]]": 0.9845, "[[0, 1], [2, 3]]": 0.9798, "[[0], [1]]": 0.9805}, "Layer2": {"[[0, 1, 2, 3, 4, 5, 6, 7], [8, 9, 10, 11, 12, 13, 14, 15]]": 0.9183, "[[0, 1], [2, 3]]": 0.9105, "[[0], [1]]": 0.9158}, "Layer3": {"[[0, 1, 2, 3, 4, 5, 6, 7], [8, 9, 10, 11, 12, 13, 14, 15]]": 0.8607, "[[0, 1], [2, 3]]": 0.8615, "[[0], [1]]": 0.8491}}, {"accuracy": 0.9284, "Layer1": {"[[0, 1, 2, 3, 4, 5, 6, 7], [8, 9, 10, 11, 12, 13, 14, 15]]": 0.9932, "[[0, 1], [2, 3]]": 0.9889, "[[0], [1]]": 0.9915}, "Layer2": {"[[0, 1, 2, 3, 4, 5, 6, 7], [8, 9, 10, 11, 12, 13, 14, 15]]": 0.9542, "[[0, 1], [2, 3]]": 0.9641, "[[0], [1]]": 0.9631}, "Layer3": {"[[0, 1, 2, 3, 4, 5, 6, 7], [8, 9, 10, 11, 12, 13, 14, 15]]": 0.926, "[[0, 1], [2, 3]]": 0.9352, "[[0], [1]]": 0.9141}}, {"accuracy": 0.9606, "Layer1": {"[[0, 1, 2, 3, 4, 5, 6, 7], [8, 9, 10, 11, 12, 13, 14, 15]]": 0.9949, "[[0, 1], [2, 3]]": 0.9937, "[[0], [1]]": 0.9957}, "Layer2": {"[[0, 1, 2, 3, 4, 5, 6, 7], [8, 9, 10, 11, 12, 13, 14, 15]]": 0.9911, "[[0, 1], [2, 3]]": 0.99, "[[0], [1]]": 0.9869}, "Layer3": {"[[0, 1, 2, 3, 4, 5, 6, 7], [8, 9, 10, 11, 12, 13, 14, 15]]": 0.9808, "[[0, 1], [2, 3]]": 0.9819, "[[0], [1]]": 0.975}}, {"accuracy": 0.9791, "Layer1": {"[[0, 1, 2, 3, 4, 5, 6, 7], [8, 9, 10, 11, 12, 13, 14, 15]]": 0.9962, "[[0, 1], [2, 3]]": 0.9975, "[[0], [1]]": 0.995}, "Layer2": {"[[0, 1, 2, 3, 4, 5, 6, 7], [8, 9, 10, 11, 12, 13, 14, 15]]": 0.9953, "[[0, 1], [2, 3]]": 0.994, "[[0], [1]]": 0.9927}, "Layer3": {"[[0, 1, 2, 3, 4, 5, 6, 7], [8, 9, 10, 11, 12, 13, 14, 15]]": 0.9908, "[[0, 1], [2, 3]]": 0.9933, "[[0], [1]]": 0.9885}}, {"accuracy": 0.9888, "Layer1": {"[[0, 1, 2, 3, 4, 5, 6, 7], [8, 9, 10, 11, 12, 13, 14, 15]]": 0.9978, "[[0, 1], [2, 3]]": 0.9971, "[[0], [1]]": 0.9969}, "Layer2": {"[[0, 1, 2, 3, 4, 5, 6, 7], [8, 9, 10, 11, 12, 13, 14, 15]]": 0.9966, "[[0, 1], [2, 3]]": 0.9944, "[[0], [1]]": 0.9959}, "Layer3": {"[[0, 1, 2, 3, 4, 5, 6, 7], [8, 9, 10, 11, 12, 13, 14, 15]]": 0.994, "[[0, 1], [2, 3]]": 0.9955, "[[0], [1]]": 0.9931}}, {"accuracy": 0.9935, "Layer1": {"[[0, 1, 2, 3, 4, 5, 6, 7], [8, 9, 10, 11, 12, 13, 14, 15]]": 0.9973, "[[0, 1], [2, 3]]": 0.9968, "[[0], [1]]": 0.9977}, "Layer2": {"[[0, 1, 2, 3, 4, 5, 6, 7], [8, 9, 10, 11, 12, 13, 14, 15]]": 0.9983, "[[0, 1], [2, 3]]": 0.9961, "[[0], [1]]": 0.997}, "Layer3": {"[[0, 1, 2, 3, 4, 5, 6, 7], [8, 9, 10, 11, 12, 13, 14, 15]]": 0.9963, "[[0, 1], [2, 3]]": 0.9966, "[[0], [1]]": 0.9942}}, {"accuracy": 0.9945, "Layer1": {"[[0, 1, 2, 3, 4, 5, 6, 7], [8, 9, 10, 11, 12, 13, 14, 15]]": 0.9977, "[[0, 1], [2, 3]]": 0.9975, "[[0], [1]]": 0.9927}, "Layer2": {"[[0, 1, 2, 3, 4, 5, 6, 7], [8, 9, 10, 11, 12, 13, 14, 15]]": 0.9974, "[[0, 1], [2, 3]]": 0.9982, "[[0], [1]]": 0.9977}, "Layer3": {"[[0, 1, 2, 3, 4, 5, 6, 7], [8, 9, 10, 11, 12, 13, 14, 15]]": 0.9974, "[[0, 1], [2, 3]]": 0.9984, "[[0], [1]]": 0.9968}}], [{"accuracy": 0.5005, "Layer1": {"[[0, 1, 2, 3, 4, 5, 6, 7], [8, 9, 10, 11, 12, 13, 14, 15]]": 0.4988, "[[0, 1], [2, 3]]": 0.5007, "[[0], [1]]": 0.5074}, "Layer2": {"[[0, 1, 2, 3, 4, 5, 6, 7], [8, 9, 10, 11, 12, 13, 14, 15]]": 0.5013, "[[0, 1], [2, 3]]": 0.5006, "[[0], [1]]": 0.4986}, "Layer3": {"[[0, 1, 2, 3, 4, 5, 6, 7], [8, 9, 10, 11, 12, 13, 14, 15]]": 0.5034, "[[0, 1], [2, 3]]": 0.5056, "[[0], [1]]": 0.4971}}, {"accuracy": 0.4968, "Layer1": {"[[0, 1, 2, 3, 4, 5, 6, 7], [8, 9, 10, 11, 12, 13, 14, 15]]": 0.7392, "[[0, 1], [2, 3]]": 0.7426, "[[0], [1]]": 0.6751}, "Layer2": {"[[0, 1, 2, 3, 4, 5, 6, 7], [8, 9, 10, 11, 12, 13, 14, 15]]": 0.5862, "[[0, 1], [2, 3]]": 0.5025, "[[0], [1]]": 0.4973}, "Layer3": {"[[0, 1, 2, 3, 4, 5, 6, 7], [8, 9, 10, 11, 12, 13, 14, 15]]": 0.5007, "[[0, 1], [2, 3]]": 0.507, "[[0], [1]]": 0.5013}}, {"accuracy": 0.5305, "Layer1": {"[[0, 1, 2, 3, 4, 5, 6, 7], [8, 9, 10, 11, 12, 13, 14, 15]]": 0.7785, "[[0, 1], [2, 3]]": 0.7603, "[[0], [1]]": 0.7149}, "Layer2": {"[[0, 1, 2, 3, 4, 5, 6, 7], [8, 9, 10, 11, 12, 13, 14, 15]]": 0.6192, "[[0, 1], [2, 3]]": 0.6075, "[[0], [1]]": 0.5895}, "Layer3": {"[[0, 1, 2, 3, 4, 5, 6, 7], [8, 9, 10, 11, 12, 13, 14, 15]]": 0.5674, "[[0, 1], [2, 3]]": 0.5319, "[[0], [1]]": 0.5242}}, {"accuracy": 0.6225, "Layer1": {"[[0, 1, 2, 3, 4, 5, 6, 7], [8, 9, 10, 11, 12, 13, 14, 15]]": 0.7954, "[[0, 1], [2, 3]]": 0.8015, "[[0], [1]]": 0.7443}, "Layer2": {"[[0, 1, 2, 3, 4, 5, 6, 7], [8, 9, 10, 11, 12, 13, 14, 15]]": 0.6789, "[[0, 1], [2, 3]]": 0.6966, "[[0], [1]]": 0.675}, "Layer3": {"[[0, 1, 2, 3, 4, 5, 6, 7], [8, 9, 10, 11, 12, 13, 14, 15]]": 0.5955, "[[0, 1], [2, 3]]": 0.5919, "[[0], [1]]": 0.5791}}, {"accuracy": 0.6831, "Layer1": {"[[0, 1, 2, 3, 4, 5, 6, 7], [8, 9, 10, 11, 12, 13, 14, 15]]": 0.8854, "[[0, 1], [2, 3]]": 0.9006, "[[0], [1]]": 0.878}, "Layer2": {"[[0, 1, 2, 3, 4, 5, 6, 7], [8, 9, 10, 11, 12, 13, 14, 15]]": 0.7911, "[[0, 1], [2, 3]]": 0.7885, "[[0], [1]]": 0.7382}, "Layer3": {"[[0, 1, 2, 3, 4, 5, 6, 7], [8, 9, 10, 11, 12, 13, 14, 15]]": 0.658, "[[0, 1], [2, 3]]": 0.6566, "[[0], [1]]": 0.6146}}, {"accuracy": 0.7162, "Layer1": {"[[0, 1, 2, 3, 4, 5, 6, 7], [8, 9, 10, 11, 12, 13, 14, 15]]": 0.9299, "[[0, 1], [2, 3]]": 0.9158, "[[0], [1]]": 0.8967}, "Layer2": {"[[0, 1, 2, 3, 4, 5, 6, 7], [8, 9, 10, 11, 12, 13, 14, 15]]": 0.7999, "[[0, 1], [2, 3]]": 0.8032, "[[0], [1]]": 0.7499}, "Layer3": {"[[0, 1, 2, 3, 4, 5, 6, 7], [8, 9, 10, 11, 12, 13, 14, 15]]": 0.6601, "[[0, 1], [2, 3]]": 0.6713, "[[0], [1]]": 0.6634}}, {"accuracy": 0.7621, "Layer1": {"[[0, 1, 2, 3, 4, 5, 6, 7], [8, 9, 10, 11, 12, 13, 14, 15]]": 0.945, "[[0, 1], [2, 3]]": 0.9395, "[[0], [1]]": 0.9251}, "Layer2": {"[[0, 1, 2, 3, 4, 5, 6, 7], [8, 9, 10, 11, 12, 13, 14, 15]]": 0.7792, "[[0, 1], [2, 3]]": 0.7925, "[[0], [1]]": 0.7792}, "Layer3": {"[[0, 1, 2, 3, 4, 5, 6, 7], [8, 9, 10, 11, 12, 13, 14, 15]]": 0.6966, "[[0, 1], [2, 3]]": 0.7047, "[[0], [1]]": 0.6512}}, {"accuracy": 0.8096, "Layer1": {"[[0, 1, 2, 3, 4, 5, 6, 7], [8, 9, 10, 11, 12, 13, 14, 15]]": 0.9569, "[[0, 1], [2, 3]]": 0.9596, "[[0], [1]]": 0.959}, "Layer2": {"[[0, 1, 2, 3, 4, 5, 6, 7], [8, 9, 10, 11, 12, 13, 14, 15]]": 0.8475, "[[0, 1], [2, 3]]": 0.8454, "[[0], [1]]": 0.8365}, "Layer3": {"[[0, 1, 2, 3, 4, 5, 6, 7], [8, 9, 10, 11, 12, 13, 14, 15]]": 0.7632, "[[0, 1], [2, 3]]": 0.7581, "[[0], [1]]": 0.732}}, {"accuracy": 0.8385, "Layer1": {"[[0, 1, 2, 3, 4, 5, 6, 7], [8, 9, 10, 11, 12, 13, 14, 15]]": 0.9632, "[[0, 1], [2, 3]]": 0.9647, "[[0], [1]]": 0.9531}, "Layer2": {"[[0, 1, 2, 3, 4, 5, 6, 7], [8, 9, 10, 11, 12, 13, 14, 15]]": 0.8412, "[[0, 1], [2, 3]]": 0.8665, "[[0], [1]]": 0.8422}, "Layer3": {"[[0, 1, 2, 3, 4, 5, 6, 7], [8, 9, 10, 11, 12, 13, 14, 15]]": 0.7829, "[[0, 1], [2, 3]]": 0.7896, "[[0], [1]]": 0.7646}}, {"accuracy": 0.8582, "Layer1": {"[[0, 1, 2, 3, 4, 5, 6, 7], [8, 9, 10, 11, 12, 13, 14, 15]]": 0.9777, "[[0, 1], [2, 3]]": 0.9738, "[[0], [1]]": 0.9702}, "Layer2": {"[[0, 1, 2, 3, 4, 5, 6, 7], [8, 9, 10, 11, 12, 13, 14, 15]]": 0.8927, "[[0, 1], [2, 3]]": 0.8901, "[[0], [1]]": 0.8778}, "Layer3": {"[[0, 1, 2, 3, 4, 5, 6, 7], [8, 9, 10, 11, 12, 13, 14, 15]]": 0.8228, "[[0, 1], [2, 3]]": 0.8513, "[[0], [1]]": 0.821}}, {"accuracy": 0.8799, "Layer1": {"[[0, 1, 2, 3, 4, 5, 6, 7], [8, 9, 10, 11, 12, 13, 14, 15]]": 0.9784, "[[0, 1], [2, 3]]": 0.979, "[[0], [1]]": 0.9791}, "Layer2": {"[[0, 1, 2, 3, 4, 5, 6, 7], [8, 9, 10, 11, 12, 13, 14, 15]]": 0.9386, "[[0, 1], [2, 3]]": 0.9288, "[[0], [1]]": 0.9271}, "Layer3": {"[[0, 1, 2, 3, 4, 5, 6, 7], [8, 9, 10, 11, 12, 13, 14, 15]]": 0.8788, "[[0, 1], [2, 3]]": 0.8708, "[[0], [1]]": 0.8846}}, {"accuracy": 0.8972, "Layer1": {"[[0, 1, 2, 3, 4, 5, 6, 7], [8, 9, 10, 11, 12, 13, 14, 15]]": 0.9876, "[[0, 1], [2, 3]]": 0.9826, "[[0], [1]]": 0.9815}, "Layer2": {"[[0, 1, 2, 3, 4, 5, 6, 7], [8, 9, 10, 11, 12, 13, 14, 15]]": 0.9466, "[[0, 1], [2, 3]]": 0.9439, "[[0], [1]]": 0.9461}, "Layer3": {"[[0, 1, 2, 3, 4, 5, 6, 7], [8, 9, 10, 11, 12, 13, 14, 15]]": 0.9207, "[[0, 1], [2, 3]]": 0.9197, "[[0], [1]]": 0.9064}}, {"accuracy": 0.9141, "Layer1": {"[[0, 1, 2, 3, 4, 5, 6, 7], [8, 9, 10, 11, 12, 13, 14, 15]]": 0.9881, "[[0, 1], [2, 3]]": 0.9817, "[[0], [1]]": 0.9861}, "Layer2": {"[[0, 1, 2, 3, 4, 5, 6, 7], [8, 9, 10, 11, 12, 13, 14, 15]]": 0.9642, "[[0, 1], [2, 3]]": 0.9605, "[[0], [1]]": 0.9581}, "Layer3": {"[[0, 1, 2, 3, 4, 5, 6, 7], [8, 9, 10, 11, 12, 13, 14, 15]]": 0.9359, "[[0, 1], [2, 3]]": 0.929, "[[0], [1]]": 0.9121}}, {"accuracy": 0.9307, "Layer1": {"[[0, 1, 2, 3, 4, 5, 6, 7], [8, 9, 10, 11, 12, 13, 14, 15]]": 0.991, "[[0, 1], [2, 3]]": 0.988, "[[0], [1]]": 0.99}, "Layer2": {"[[0, 1, 2, 3, 4, 5, 6, 7], [8, 9, 10, 11, 12, 13, 14, 15]]": 0.9703, "[[0, 1], [2, 3]]": 0.9619, "[[0], [1]]": 0.9708}, "Layer3": {"[[0, 1, 2, 3, 4, 5, 6, 7], [8, 9, 10, 11, 12, 13, 14, 15]]": 0.9425, "[[0, 1], [2, 3]]": 0.9467, "[[0], [1]]": 0.9394}}, {"accuracy": 0.9481, "Layer1": {"[[0, 1, 2, 3, 4, 5, 6, 7], [8, 9, 10, 11, 12, 13, 14, 15]]": 0.9883, "[[0, 1], [2, 3]]": 0.9886, "[[0], [1]]": 0.9893}, "Layer2": {"[[0, 1, 2, 3, 4, 5, 6, 7], [8, 9, 10, 11, 12, 13, 14, 15]]": 0.9765, "[[0, 1], [2, 3]]": 0.9772, "[[0], [1]]": 0.9745}, "Layer3": {"[[0, 1, 2, 3, 4, 5, 6, 7], [8, 9, 10, 11, 12, 13, 14, 15]]": 0.9561, "[[0, 1], [2, 3]]": 0.9567, "[[0], [1]]": 0.9461}}, {"accuracy": 0.963, "Layer1": {"[[0, 1, 2, 3, 4, 5, 6, 7], [8, 9, 10, 11, 12, 13, 14, 15]]": 0.9932, "[[0, 1], [2, 3]]": 0.9924, "[[0], [1]]": 0.9881}, "Layer2": {"[[0, 1, 2, 3, 4, 5, 6, 7], [8, 9, 10, 11, 12, 13, 14, 15]]": 0.9833, "[[0, 1], [2, 3]]": 0.9812, "[[0], [1]]": 0.9795}, "Layer3": {"[[0, 1, 2, 3, 4, 5, 6, 7], [8, 9, 10, 11, 12, 13, 14, 15]]": 0.9745, "[[0, 1], [2, 3]]": 0.9767, "[[0], [1]]": 0.9661}}, {"accuracy": 0.9726, "Layer1": {"[[0, 1, 2, 3, 4, 5, 6, 7], [8, 9, 10, 11, 12, 13, 14, 15]]": 0.9928, "[[0, 1], [2, 3]]": 0.9918, "[[0], [1]]": 0.9882}, "Layer2": {"[[0, 1, 2, 3, 4, 5, 6, 7], [8, 9, 10, 11, 12, 13, 14, 15]]": 0.9821, "[[0, 1], [2, 3]]": 0.9789, "[[0], [1]]": 0.9869}, "Layer3": {"[[0, 1, 2, 3, 4, 5, 6, 7], [8, 9, 10, 11, 12, 13, 14, 15]]": 0.9824, "[[0, 1], [2, 3]]": 0.9813, "[[0], [1]]": 0.9689}}]]