[{"accuracy": 0.9997, "Layer1": [[[1, 0, 5, 11]], 0.7557], "Layer2": [[[11, 2, 4, 7, 9, 0, 5, 1]], 0.6492], "Layer3": [[[3, 12, 1, 9, 4, 6, 2]], 0.5645]}, {"accuracy": 0.9992, "Layer1": [[[7, 14, 12, 11, 9, 10, 15, 13, 8]], 0.8388], "Layer2": [[[13, 1, 0, 15, 10, 2, 4, 7, 9, 11, 12, 5, 14]], 0.6284], "Layer3": [[[12, 1, 0]], 0.5093]}, {"accuracy": 0.999, "Layer1": [[[0, 1, 10, 12]], 0.6201], "Layer2": [[[12, 3, 15, 1, 10, 0, 8]], 0.6218], "Layer3": [[[12, 11, 9, 8, 0, 1, 4, 5]], 0.6397]}, {"accuracy": 0.9996, "Layer1": [[[2, 11, 1, 5, 8, 12, 0, 9, 6, 7, 10, 4]], 0.7113], "Layer2": [[[8, 13, 6, 1, 15, 12, 5, 11, 10, 0, 3]], 0.6297], "Layer3": [[[3, 15, 13, 10, 1]], 0.6031]}, {"accuracy": 0.9975, "Layer1": [[[14]], 0.7201], "Layer2": [[[6, 3, 14, 9, 15, 2, 11, 5, 8]], 0.6304], "Layer3": [[[7, 9, 12, 2, 14, 13, 8, 10]], 0.5828]}, {"accuracy": 0.9997, "Layer1": [[[0, 8, 10, 1, 5, 7, 4, 15]], 0.9487], "Layer2": [[[8, 9, 2, 14, 0, 11, 7, 4, 1, 12, 6, 5]], 0.7295], "Layer3": [[[7, 13, 5, 2, 11]], 0.6753]}, {"accuracy": 0.9997, "Layer1": [[[15, 1, 6, 7, 14, 12, 8, 9, 2]], 0.8092], "Layer2": [[[9, 0, 12, 8, 11, 4, 10, 1, 7, 14]], 0.6193], "Layer3": [[[9, 0, 1, 12, 15, 2, 3, 8, 13, 14, 11, 7, 4]], 0.5477]}, {"accuracy": 0.9994, "Layer1": [[[13, 8, 7, 2, 14]], 0.7676], "Layer2": [[[15, 4, 13, 1]], 0.6385], "Layer3": [[[1, 4, 14]], 0.5797]}, {"accuracy": 0.9994, "Layer1": [[[1, 11, 7, 3]], 0.7478], "Layer2": [[[1, 12, 7, 2, 5, 13, 0]], 0.6233], "Layer3": [[[15, 9, 3, 8, 10, 5, 0, 1, 6, 2]], 0.5291]}, {"accuracy": 0.9997, "Layer1": [[[2, 9, 12, 15]], 0.7384], "Layer2": [[[15, 11, 0, 12, 9]], 0.6509], "Layer3": [[[0, 3, 6, 5, 1, 11]], 0.5093]}]