[{"accuracy": 0.9997, "Layer1": {"[[0, 1, 2, 3, 4, 5, 6, 7], [8, 9, 10, 11, 12, 13, 14, 15]]": 0.8442, "[[0, 1], [2, 3]]": 0.7922, "[[0], [1]]": 0.7653}, "Layer2": {"[[0, 1, 2, 3, 4, 5, 6, 7], [8, 9, 10, 11, 12, 13, 14, 15]]": 0.5942, "[[0, 1], [2, 3]]": 0.5138, "[[0], [1]]": 0.4884}, "Layer3": {"[[0, 1, 2, 3, 4, 5, 6, 7], [8, 9, 10, 11, 12, 13, 14, 15]]": 0.4997, "[[0, 1], [2, 3]]": 0.4952, "[[0], [1]]": 0.4883}}, {"accuracy": 0.9992, "Layer1": {"[[0, 1, 2, 3, 4, 5, 6, 7], [8, 9, 10, 11, 12, 13, 14, 15]]": 0.8768, "[[0, 1], [2, 3]]": 0.8445, "[[0], [1]]": 0.8434}, "Layer2": {"[[0, 1, 2, 3, 4, 5, 6, 7], [8, 9, 10, 11, 12, 13, 14, 15]]": 0.5294, "[[0, 1], [2, 3]]": 0.5363, "[[0], [1]]": 0.5518}, "Layer3": {"[[0, 1, 2, 3, 4, 5, 6, 7], [8, 9, 10, 11, 12, 13, 14, 15]]": 0.4988, "[[0, 1], [2, 3]]": 0.5057, "[[0], [1]]": 0.4932}}, {"accuracy": 0.999, "Layer1": {"[[0, 1, 2, 3, 4, 5, 6, 7], [8, 9, 10, 11, 12, 13, 14, 15]]": 0.7162, "[[0, 1], [2, 3]]": 0.6905, "[[0], [1]]": 0.6696}, "Layer2": {"[[0, 1, 2, 3, 4, 5, 6, 7], [8, 9, 10, 11, 12, 13, 14, 15]]": 0.7281, "[[0, 1], [2, 3]]": 0.7154, "[[0], [1]]": 0.7242}, "Layer3": {"[[0, 1, 2, 3, 4, 5, 6, 7], [8, 9, 10, 11, 12, 13, 14, 15]]": 0.5048, "[[0, 1], [2, 3]]": 0.4825, "[[0], [1]]": 0.5079}}, {"accuracy": 0.9996, "Layer1": {"[[0, 1, 2, 3, 4, 5, 6, 7], [8, 9, 10, 11, 12, 13, 14, 15]]": 0.8153, "[[0, 1], [2, 3]]": 0.7954, "[[0], [1]]": 0.7938}, "Layer2": {"[[0, 1, 2, 3, 4, 5, 6, 7], [8, 9, 10, 11, 12, 13, 14, 15]]": 0.56, "[[0, 1], [2, 3]]": 0.608, "[[0], [1]]": 0.5057}, "Layer3": {"[[0, 1, 2, 3, 4, 5, 6, 7], [8, 9, 10, 11, 12, 13, 14, 15]]": 0.493, "[[0, 1], [2, 3]]": 0.4952, "[[0], [1]]": 0.4921}}, {"accuracy": 0.9975, "Layer1": {"[[0, 1, 2, 3, 4, 5, 6, 7], [8, 9, 10, 11, 12, 13, 14, 15]]": 0.5885, "[[0, 1], [2, 3]]": 0.646, "[[0], [1]]": 0.6717}, "Layer2": {"[[0, 1, 2, 3, 4, 5, 6, 7], [8, 9, 10, 11, 12, 13, 14, 15]]": 0.6647, "[[0, 1], [2, 3]]": 0.6538, "[[0], [1]]": 0.6741}, "Layer3": {"[[0, 1, 2, 3, 4, 5, 6, 7], [8, 9, 10, 11, 12, 13, 14, 15]]": 0.4956, "[[0, 1], [2, 3]]": 0.495, "[[0], [1]]": 0.5006}}, {"accuracy": 0.9997, "Layer1": {"[[0, 1, 2, 3, 4, 5, 6, 7], [8, 9, 10, 11, 12, 13, 14, 15]]": 0.9762, "[[0, 1], [2, 3]]": 0.9626, "[[0], [1]]": 0.9195}, "Layer2": {"[[0, 1, 2, 3, 4, 5, 6, 7], [8, 9, 10, 11, 12, 13, 14, 15]]": 0.7299, "[[0, 1], [2, 3]]": 0.728, "[[0], [1]]": 0.7188}, "Layer3": {"[[0, 1, 2, 3, 4, 5, 6, 7], [8, 9, 10, 11, 12, 13, 14, 15]]": 0.4947, "[[0, 1], [2, 3]]": 0.5156, "[[0], [1]]": 0.4992}}, {"accuracy": 0.9997, "Layer1": {"[[0, 1, 2, 3, 4, 5, 6, 7], [8, 9, 10, 11, 12, 13, 14, 15]]": 0.9664, "[[0, 1], [2, 3]]": 0.8726, "[[0], [1]]": 0.8253}, "Layer2": {"[[0, 1, 2, 3, 4, 5, 6, 7], [8, 9, 10, 11, 12, 13, 14, 15]]": 0.5037, "[[0, 1], [2, 3]]": 0.5188, "[[0], [1]]": 0.5256}, "Layer3": {"[[0, 1, 2, 3, 4, 5, 6, 7], [8, 9, 10, 11, 12, 13, 14, 15]]": 0.4954, "[[0, 1], [2, 3]]": 0.5106, "[[0], [1]]": 0.5021}}, {"accuracy": 0.9994, "Layer1": {"[[0, 1, 2, 3, 4, 5, 6, 7], [8, 9, 10, 11, 12, 13, 14, 15]]": 0.8948, "[[0, 1], [2, 3]]": 0.8555, "[[0], [1]]": 0.7844}, "Layer2": {"[[0, 1, 2, 3, 4, 5, 6, 7], [8, 9, 10, 11, 12, 13, 14, 15]]": 0.646, "[[0, 1], [2, 3]]": 0.6246, "[[0], [1]]": 0.612}, "Layer3": {"[[0, 1, 2, 3, 4, 5, 6, 7], [8, 9, 10, 11, 12, 13, 14, 15]]": 0.5054, "[[0, 1], [2, 3]]": 0.4957, "[[0], [1]]": 0.505}}, {"accuracy": 0.9994, "Layer1": {"[[0, 1, 2, 3, 4, 5, 6, 7], [8, 9, 10, 11, 12, 13, 14, 15]]": 0.7679, "[[0, 1], [2, 3]]": 0.8174, "[[0], [1]]": 0.8143}, "Layer2": {"[[0, 1, 2, 3, 4, 5, 6, 7], [8, 9, 10, 11, 12, 13, 14, 15]]": 0.6602, "[[0, 1], [2, 3]]": 0.6513, "[[0], [1]]": 0.6427}, "Layer3": {"[[0, 1, 2, 3, 4, 5, 6, 7], [8, 9, 10, 11, 12, 13, 14, 15]]": 0.5033, "[[0, 1], [2, 3]]": 0.5053, "[[0], [1]]": 0.498}}, {"accuracy": 0.9997, "Layer1": {"[[0, 1, 2, 3, 4, 5, 6, 7], [8, 9, 10, 11, 12, 13, 14, 15]]": 0.7648, "[[0, 1], [2, 3]]": 0.7756, "[[0], [1]]": 0.7477}, "Layer2": {"[[0, 1, 2, 3, 4, 5, 6, 7], [8, 9, 10, 11, 12, 13, 14, 15]]": 0.5093, "[[0, 1], [2, 3]]": 0.508, "[[0], [1]]": 0.5163}, "Layer3": {"[[0, 1, 2, 3, 4, 5, 6, 7], [8, 9, 10, 11, 12, 13, 14, 15]]": 0.4952, "[[0, 1], [2, 3]]": 0.4959, "[[0], [1]]": 0.5071}}]