[{"accuracy": 0.9997, "9": {"Layer1": {"[[0, 1, 2, 3, 4, 5, 6, 7], [8, 9, 10, 11, 12, 13, 14, 15]]": 0.9969, "[[0, 1], [2, 3]]": 0.987, "[[0], [1]]": 0.9871}, "Layer2": {"[[0, 1, 2, 3, 4, 5, 6, 7], [8, 9, 10, 11, 12, 13, 14, 15]]": 0.998, "[[0, 1], [2, 3]]": 0.9978, "[[0], [1]]": 0.9805}, "Layer3": {"[[0, 1, 2, 3, 4, 5, 6, 7], [8, 9, 10, 11, 12, 13, 14, 15]]": 0.9889, "[[0, 1], [2, 3]]": 0.9938, "[[0], [1]]": 0.9851}}, "10": {"Layer1": {"[[0, 1, 2, 3, 4, 5, 6, 7], [8, 9, 10, 11, 12, 13, 14, 15]]": 0.9956, "[[0, 1], [2, 3]]": 0.9902, "[[0], [1]]": 0.9896}, "Layer2": {"[[0, 1, 2, 3, 4, 5, 6, 7], [8, 9, 10, 11, 12, 13, 14, 15]]": 0.9987, "[[0, 1], [2, 3]]": 0.9979, "[[0], [1]]": 0.9962}, "Layer3": {"[[0, 1, 2, 3, 4, 5, 6, 7], [8, 9, 10, 11, 12, 13, 14, 15]]": 0.9972, "[[0, 1], [2, 3]]": 0.9911, "[[0], [1]]": 0.9805}}, "11": {"Layer1": {"[[0, 1, 2, 3, 4, 5, 6, 7], [8, 9, 10, 11, 12, 13, 14, 15]]": 0.9961, "[[0, 1], [2, 3]]": 0.9881, "[[0], [1]]": 0.9896}, "Layer2": {"[[0, 1, 2, 3, 4, 5, 6, 7], [8, 9, 10, 11, 12, 13, 14, 15]]": 0.998, "[[0, 1], [2, 3]]": 0.9981, "[[0], [1]]": 0.9915}, "Layer3": {"[[0, 1, 2, 3, 4, 5, 6, 7], [8, 9, 10, 11, 12, 13, 14, 15]]": 0.9946, "[[0, 1], [2, 3]]": 0.9904, "[[0], [1]]": 0.9903}}, "12": {"Layer1": {"[[0, 1, 2, 3, 4, 5, 6, 7], [8, 9, 10, 11, 12, 13, 14, 15]]": 0.9981, "[[0, 1], [2, 3]]": 0.9872, "[[0], [1]]": 0.989}, "Layer2": {"[[0, 1, 2, 3, 4, 5, 6, 7], [8, 9, 10, 11, 12, 13, 14, 15]]": 0.9985, "[[0, 1], [2, 3]]": 0.9979, "[[0], [1]]": 0.9974}, "Layer3": {"[[0, 1, 2, 3, 4, 5, 6, 7], [8, 9, 10, 11, 12, 13, 14, 15]]": 0.9963, "[[0, 1], [2, 3]]": 0.9845, "[[0], [1]]": 0.9892}}, "13": {"Layer1": {"[[0, 1, 2, 3, 4, 5, 6, 7], [8, 9, 10, 11, 12, 13, 14, 15]]": 0.998, "[[0, 1], [2, 3]]": 0.9902, "[[0], [1]]": 0.9864}, "Layer2": {"[[0, 1, 2, 3, 4, 5, 6, 7], [8, 9, 10, 11, 12, 13, 14, 15]]": 0.9986, "[[0, 1], [2, 3]]": 0.9981, "[[0], [1]]": 0.9988}, "Layer3": {"[[0, 1, 2, 3, 4, 5, 6, 7], [8, 9, 10, 11, 12, 13, 14, 15]]": 0.9973, "[[0, 1], [2, 3]]": 0.9878, "[[0], [1]]": 0.985}}, "14": {"Layer1": {"[[0, 1, 2, 3, 4, 5, 6, 7], [8, 9, 10, 11, 12, 13, 14, 15]]": 0.997, "[[0, 1], [2, 3]]": 0.9924, "[[0], [1]]": 0.9896}, "Layer2": {"[[0, 1, 2, 3, 4, 5, 6, 7], [8, 9, 10, 11, 12, 13, 14, 15]]": 0.9977, "[[0, 1], [2, 3]]": 0.9977, "[[0], [1]]": 0.9904}, "Layer3": {"[[0, 1, 2, 3, 4, 5, 6, 7], [8, 9, 10, 11, 12, 13, 14, 15]]": 0.9964, "[[0, 1], [2, 3]]": 0.9924, "[[0], [1]]": 0.9805}}, "15": {"Layer1": {"[[0, 1, 2, 3, 4, 5, 6, 7], [8, 9, 10, 11, 12, 13, 14, 15]]": 0.9977, "[[0, 1], [2, 3]]": 0.9907, "[[0], [1]]": 0.9891}, "Layer2": {"[[0, 1, 2, 3, 4, 5, 6, 7], [8, 9, 10, 11, 12, 13, 14, 15]]": 0.9986, "[[0, 1], [2, 3]]": 0.9975, "[[0], [1]]": 0.9983}, "Layer3": {"[[0, 1, 2, 3, 4, 5, 6, 7], [8, 9, 10, 11, 12, 13, 14, 15]]": 0.9946, "[[0, 1], [2, 3]]": 0.9955, "[[0], [1]]": 0.9848}}, "16": {"Layer1": {"[[0, 1, 2, 3, 4, 5, 6, 7], [8, 9, 10, 11, 12, 13, 14, 15]]": 0.9989, "[[0, 1], [2, 3]]": 0.9895, "[[0], [1]]": 0.9889}, "Layer2": {"[[0, 1, 2, 3, 4, 5, 6, 7], [8, 9, 10, 11, 12, 13, 14, 15]]": 0.9987, "[[0, 1], [2, 3]]": 0.9985, "[[0], [1]]": 0.9983}, "Layer3": {"[[0, 1, 2, 3, 4, 5, 6, 7], [8, 9, 10, 11, 12, 13, 14, 15]]": 0.9981, "[[0, 1], [2, 3]]": 0.9919, "[[0], [1]]": 0.9907}}}, {"accuracy": 0.9992, "9": {"Layer1": {"[[0, 1, 2, 3, 4, 5, 6, 7], [8, 9, 10, 11, 12, 13, 14, 15]]": 0.9975, "[[0, 1], [2, 3]]": 0.9476, "[[0], [1]]": 0.9529}, "Layer2": {"[[0, 1, 2, 3, 4, 5, 6, 7], [8, 9, 10, 11, 12, 13, 14, 15]]": 0.997, "[[0, 1], [2, 3]]": 0.9956, "[[0], [1]]": 0.9778}, "Layer3": {"[[0, 1, 2, 3, 4, 5, 6, 7], [8, 9, 10, 11, 12, 13, 14, 15]]": 0.9982, "[[0, 1], [2, 3]]": 0.9908, "[[0], [1]]": 0.9447}}, "10": {"Layer1": {"[[0, 1, 2, 3, 4, 5, 6, 7], [8, 9, 10, 11, 12, 13, 14, 15]]": 0.9984, "[[0, 1], [2, 3]]": 0.9485, "[[0], [1]]": 0.9543}, "Layer2": {"[[0, 1, 2, 3, 4, 5, 6, 7], [8, 9, 10, 11, 12, 13, 14, 15]]": 0.9978, "[[0, 1], [2, 3]]": 0.9928, "[[0], [1]]": 0.9933}, "Layer3": {"[[0, 1, 2, 3, 4, 5, 6, 7], [8, 9, 10, 11, 12, 13, 14, 15]]": 0.9977, "[[0, 1], [2, 3]]": 0.9924, "[[0], [1]]": 0.9095}}, "11": {"Layer1": {"[[0, 1, 2, 3, 4, 5, 6, 7], [8, 9, 10, 11, 12, 13, 14, 15]]": 0.998, "[[0, 1], [2, 3]]": 0.9466, "[[0], [1]]": 0.9526}, "Layer2": {"[[0, 1, 2, 3, 4, 5, 6, 7], [8, 9, 10, 11, 12, 13, 14, 15]]": 0.9972, "[[0, 1], [2, 3]]": 0.9933, "[[0], [1]]": 0.9759}, "Layer3": {"[[0, 1, 2, 3, 4, 5, 6, 7], [8, 9, 10, 11, 12, 13, 14, 15]]": 0.9975, "[[0, 1], [2, 3]]": 0.9956, "[[0], [1]]": 0.9852}}, "12": {"Layer1": {"[[0, 1, 2, 3, 4, 5, 6, 7], [8, 9, 10, 11, 12, 13, 14, 15]]": 0.9977, "[[0, 1], [2, 3]]": 0.9465, "[[0], [1]]": 0.9466}, "Layer2": {"[[0, 1, 2, 3, 4, 5, 6, 7], [8, 9, 10, 11, 12, 13, 14, 15]]": 0.9965, "[[0, 1], [2, 3]]": 0.9946, "[[0], [1]]": 0.9936}, "Layer3": {"[[0, 1, 2, 3, 4, 5, 6, 7], [8, 9, 10, 11, 12, 13, 14, 15]]": 0.9973, "[[0, 1], [2, 3]]": 0.9917, "[[0], [1]]": 0.971}}, "13": {"Layer1": {"[[0, 1, 2, 3, 4, 5, 6, 7], [8, 9, 10, 11, 12, 13, 14, 15]]": 0.9983, "[[0, 1], [2, 3]]": 0.9564, "[[0], [1]]": 0.9536}, "Layer2": {"[[0, 1, 2, 3, 4, 5, 6, 7], [8, 9, 10, 11, 12, 13, 14, 15]]": 0.9987, "[[0, 1], [2, 3]]": 0.9949, "[[0], [1]]": 0.9935}, "Layer3": {"[[0, 1, 2, 3, 4, 5, 6, 7], [8, 9, 10, 11, 12, 13, 14, 15]]": 0.9967, "[[0, 1], [2, 3]]": 0.9943, "[[0], [1]]": 0.9499}}, "14": {"Layer1": {"[[0, 1, 2, 3, 4, 5, 6, 7], [8, 9, 10, 11, 12, 13, 14, 15]]": 0.998, "[[0, 1], [2, 3]]": 0.9561, "[[0], [1]]": 0.9576}, "Layer2": {"[[0, 1, 2, 3, 4, 5, 6, 7], [8, 9, 10, 11, 12, 13, 14, 15]]": 0.9987, "[[0, 1], [2, 3]]": 0.9931, "[[0], [1]]": 0.9938}, "Layer3": {"[[0, 1, 2, 3, 4, 5, 6, 7], [8, 9, 10, 11, 12, 13, 14, 15]]": 0.9968, "[[0, 1], [2, 3]]": 0.9967, "[[0], [1]]": 0.9803}}, "15": {"Layer1": {"[[0, 1, 2, 3, 4, 5, 6, 7], [8, 9, 10, 11, 12, 13, 14, 15]]": 0.9976, "[[0, 1], [2, 3]]": 0.9481, "[[0], [1]]": 0.9571}, "Layer2": {"[[0, 1, 2, 3, 4, 5, 6, 7], [8, 9, 10, 11, 12, 13, 14, 15]]": 0.9984, "[[0, 1], [2, 3]]": 0.9954, "[[0], [1]]": 0.9773}, "Layer3": {"[[0, 1, 2, 3, 4, 5, 6, 7], [8, 9, 10, 11, 12, 13, 14, 15]]": 0.9987, "[[0, 1], [2, 3]]": 0.9957, "[[0], [1]]": 0.9828}}, "16": {"Layer1": {"[[0, 1, 2, 3, 4, 5, 6, 7], [8, 9, 10, 11, 12, 13, 14, 15]]": 0.9987, "[[0, 1], [2, 3]]": 0.9594, "[[0], [1]]": 0.9541}, "Layer2": {"[[0, 1, 2, 3, 4, 5, 6, 7], [8, 9, 10, 11, 12, 13, 14, 15]]": 0.9981, "[[0, 1], [2, 3]]": 0.9951, "[[0], [1]]": 0.9942}, "Layer3": {"[[0, 1, 2, 3, 4, 5, 6, 7], [8, 9, 10, 11, 12, 13, 14, 15]]": 0.9988, "[[0, 1], [2, 3]]": 0.9944, "[[0], [1]]": 0.9835}}}, {"accuracy": 0.999, "9": {"Layer1": {"[[0, 1, 2, 3, 4, 5, 6, 7], [8, 9, 10, 11, 12, 13, 14, 15]]": 0.9616, "[[0, 1], [2, 3]]": 0.9674, "[[0], [1]]": 0.9558}, "Layer2": {"[[0, 1, 2, 3, 4, 5, 6, 7], [8, 9, 10, 11, 12, 13, 14, 15]]": 0.9943, "[[0, 1], [2, 3]]": 0.9785, "[[0], [1]]": 0.9744}, "Layer3": {"[[0, 1, 2, 3, 4, 5, 6, 7], [8, 9, 10, 11, 12, 13, 14, 15]]": 0.997, "[[0, 1], [2, 3]]": 0.9962, "[[0], [1]]": 0.9946}}, "10": {"Layer1": {"[[0, 1, 2, 3, 4, 5, 6, 7], [8, 9, 10, 11, 12, 13, 14, 15]]": 0.9801, "[[0, 1], [2, 3]]": 0.9742, "[[0], [1]]": 0.9643}, "Layer2": {"[[0, 1, 2, 3, 4, 5, 6, 7], [8, 9, 10, 11, 12, 13, 14, 15]]": 0.9946, "[[0, 1], [2, 3]]": 0.9837, "[[0], [1]]": 0.9751}, "Layer3": {"[[0, 1, 2, 3, 4, 5, 6, 7], [8, 9, 10, 11, 12, 13, 14, 15]]": 0.9981, "[[0, 1], [2, 3]]": 0.9953, "[[0], [1]]": 0.9959}}, "11": {"Layer1": {"[[0, 1, 2, 3, 4, 5, 6, 7], [8, 9, 10, 11, 12, 13, 14, 15]]": 0.9734, "[[0, 1], [2, 3]]": 0.9623, "[[0], [1]]": 0.9691}, "Layer2": {"[[0, 1, 2, 3, 4, 5, 6, 7], [8, 9, 10, 11, 12, 13, 14, 15]]": 0.9968, "[[0, 1], [2, 3]]": 0.9809, "[[0], [1]]": 0.9761}, "Layer3": {"[[0, 1, 2, 3, 4, 5, 6, 7], [8, 9, 10, 11, 12, 13, 14, 15]]": 0.996, "[[0, 1], [2, 3]]": 0.9954, "[[0], [1]]": 0.9958}}, "12": {"Layer1": {"[[0, 1, 2, 3, 4, 5, 6, 7], [8, 9, 10, 11, 12, 13, 14, 15]]": 0.9825, "[[0, 1], [2, 3]]": 0.9619, "[[0], [1]]": 0.9622}, "Layer2": {"[[0, 1, 2, 3, 4, 5, 6, 7], [8, 9, 10, 11, 12, 13, 14, 15]]": 0.9961, "[[0, 1], [2, 3]]": 0.9799, "[[0], [1]]": 0.9768}, "Layer3": {"[[0, 1, 2, 3, 4, 5, 6, 7], [8, 9, 10, 11, 12, 13, 14, 15]]": 0.9971, "[[0, 1], [2, 3]]": 0.9959, "[[0], [1]]": 0.9947}}, "13": {"Layer1": {"[[0, 1, 2, 3, 4, 5, 6, 7], [8, 9, 10, 11, 12, 13, 14, 15]]": 0.9947, "[[0, 1], [2, 3]]": 0.9801, "[[0], [1]]": 0.9761}, "Layer2": {"[[0, 1, 2, 3, 4, 5, 6, 7], [8, 9, 10, 11, 12, 13, 14, 15]]": 0.9955, "[[0, 1], [2, 3]]": 0.9816, "[[0], [1]]": 0.9781}, "Layer3": {"[[0, 1, 2, 3, 4, 5, 6, 7], [8, 9, 10, 11, 12, 13, 14, 15]]": 0.9978, "[[0, 1], [2, 3]]": 0.9975, "[[0], [1]]": 0.9964}}, "14": {"Layer1": {"[[0, 1, 2, 3, 4, 5, 6, 7], [8, 9, 10, 11, 12, 13, 14, 15]]": 0.9901, "[[0, 1], [2, 3]]": 0.9702, "[[0], [1]]": 0.9712}, "Layer2": {"[[0, 1, 2, 3, 4, 5, 6, 7], [8, 9, 10, 11, 12, 13, 14, 15]]": 0.9962, "[[0, 1], [2, 3]]": 0.9859, "[[0], [1]]": 0.9816}, "Layer3": {"[[0, 1, 2, 3, 4, 5, 6, 7], [8, 9, 10, 11, 12, 13, 14, 15]]": 0.997, "[[0, 1], [2, 3]]": 0.9967, "[[0], [1]]": 0.9965}}, "15": {"Layer1": {"[[0, 1, 2, 3, 4, 5, 6, 7], [8, 9, 10, 11, 12, 13, 14, 15]]": 0.9844, "[[0, 1], [2, 3]]": 0.9784, "[[0], [1]]": 0.963}, "Layer2": {"[[0, 1, 2, 3, 4, 5, 6, 7], [8, 9, 10, 11, 12, 13, 14, 15]]": 0.9961, "[[0, 1], [2, 3]]": 0.9852, "[[0], [1]]": 0.9735}, "Layer3": {"[[0, 1, 2, 3, 4, 5, 6, 7], [8, 9, 10, 11, 12, 13, 14, 15]]": 0.997, "[[0, 1], [2, 3]]": 0.9962, "[[0], [1]]": 0.9966}}, "16": {"Layer1": {"[[0, 1, 2, 3, 4, 5, 6, 7], [8, 9, 10, 11, 12, 13, 14, 15]]": 0.9868, "[[0, 1], [2, 3]]": 0.976, "[[0], [1]]": 0.9712}, "Layer2": {"[[0, 1, 2, 3, 4, 5, 6, 7], [8, 9, 10, 11, 12, 13, 14, 15]]": 0.9961, "[[0, 1], [2, 3]]": 0.9855, "[[0], [1]]": 0.9793}, "Layer3": {"[[0, 1, 2, 3, 4, 5, 6, 7], [8, 9, 10, 11, 12, 13, 14, 15]]": 0.9974, "[[0, 1], [2, 3]]": 0.9964, "[[0], [1]]": 0.9951}}}, {"accuracy": 0.9996, "9": {"Layer1": {"[[0, 1, 2, 3, 4, 5, 6, 7], [8, 9, 10, 11, 12, 13, 14, 15]]": 0.9877, "[[0, 1], [2, 3]]": 0.9819, "[[0], [1]]": 0.9376}, "Layer2": {"[[0, 1, 2, 3, 4, 5, 6, 7], [8, 9, 10, 11, 12, 13, 14, 15]]": 0.997, "[[0, 1], [2, 3]]": 0.9931, "[[0], [1]]": 0.9885}, "Layer3": {"[[0, 1, 2, 3, 4, 5, 6, 7], [8, 9, 10, 11, 12, 13, 14, 15]]": 0.9982, "[[0, 1], [2, 3]]": 0.9955, "[[0], [1]]": 0.9957}}, "10": {"Layer1": {"[[0, 1, 2, 3, 4, 5, 6, 7], [8, 9, 10, 11, 12, 13, 14, 15]]": 0.9849, "[[0, 1], [2, 3]]": 0.9842, "[[0], [1]]": 0.941}, "Layer2": {"[[0, 1, 2, 3, 4, 5, 6, 7], [8, 9, 10, 11, 12, 13, 14, 15]]": 0.9948, "[[0, 1], [2, 3]]": 0.9904, "[[0], [1]]": 0.978}, "Layer3": {"[[0, 1, 2, 3, 4, 5, 6, 7], [8, 9, 10, 11, 12, 13, 14, 15]]": 0.9982, "[[0, 1], [2, 3]]": 0.9967, "[[0], [1]]": 0.9971}}, "11": {"Layer1": {"[[0, 1, 2, 3, 4, 5, 6, 7], [8, 9, 10, 11, 12, 13, 14, 15]]": 0.9912, "[[0, 1], [2, 3]]": 0.9756, "[[0], [1]]": 0.9612}, "Layer2": {"[[0, 1, 2, 3, 4, 5, 6, 7], [8, 9, 10, 11, 12, 13, 14, 15]]": 0.9892, "[[0, 1], [2, 3]]": 0.9917, "[[0], [1]]": 0.9844}, "Layer3": {"[[0, 1, 2, 3, 4, 5, 6, 7], [8, 9, 10, 11, 12, 13, 14, 15]]": 0.9982, "[[0, 1], [2, 3]]": 0.9969, "[[0], [1]]": 0.9957}}, "12": {"Layer1": {"[[0, 1, 2, 3, 4, 5, 6, 7], [8, 9, 10, 11, 12, 13, 14, 15]]": 0.9888, "[[0, 1], [2, 3]]": 0.9803, "[[0], [1]]": 0.9551}, "Layer2": {"[[0, 1, 2, 3, 4, 5, 6, 7], [8, 9, 10, 11, 12, 13, 14, 15]]": 0.9957, "[[0, 1], [2, 3]]": 0.9899, "[[0], [1]]": 0.9909}, "Layer3": {"[[0, 1, 2, 3, 4, 5, 6, 7], [8, 9, 10, 11, 12, 13, 14, 15]]": 0.9968, "[[0, 1], [2, 3]]": 0.9952, "[[0], [1]]": 0.9955}}, "13": {"Layer1": {"[[0, 1, 2, 3, 4, 5, 6, 7], [8, 9, 10, 11, 12, 13, 14, 15]]": 0.9917, "[[0, 1], [2, 3]]": 0.9846, "[[0], [1]]": 0.9616}, "Layer2": {"[[0, 1, 2, 3, 4, 5, 6, 7], [8, 9, 10, 11, 12, 13, 14, 15]]": 0.9971, "[[0, 1], [2, 3]]": 0.9925, "[[0], [1]]": 0.9881}, "Layer3": {"[[0, 1, 2, 3, 4, 5, 6, 7], [8, 9, 10, 11, 12, 13, 14, 15]]": 0.9971, "[[0, 1], [2, 3]]": 0.9977, "[[0], [1]]": 0.9944}}, "14": {"Layer1": {"[[0, 1, 2, 3, 4, 5, 6, 7], [8, 9, 10, 11, 12, 13, 14, 15]]": 0.992, "[[0, 1], [2, 3]]": 0.9854, "[[0], [1]]": 0.9531}, "Layer2": {"[[0, 1, 2, 3, 4, 5, 6, 7], [8, 9, 10, 11, 12, 13, 14, 15]]": 0.9962, "[[0, 1], [2, 3]]": 0.9921, "[[0], [1]]": 0.9904}, "Layer3": {"[[0, 1, 2, 3, 4, 5, 6, 7], [8, 9, 10, 11, 12, 13, 14, 15]]": 0.997, "[[0, 1], [2, 3]]": 0.9974, "[[0], [1]]": 0.9963}}, "15": {"Layer1": {"[[0, 1, 2, 3, 4, 5, 6, 7], [8, 9, 10, 11, 12, 13, 14, 15]]": 0.9923, "[[0, 1], [2, 3]]": 0.9861, "[[0], [1]]": 0.9775}, "Layer2": {"[[0, 1, 2, 3, 4, 5, 6, 7], [8, 9, 10, 11, 12, 13, 14, 15]]": 0.9962, "[[0, 1], [2, 3]]": 0.9909, "[[0], [1]]": 0.9907}, "Layer3": {"[[0, 1, 2, 3, 4, 5, 6, 7], [8, 9, 10, 11, 12, 13, 14, 15]]": 0.9976, "[[0, 1], [2, 3]]": 0.9967, "[[0], [1]]": 0.9942}}, "16": {"Layer1": {"[[0, 1, 2, 3, 4, 5, 6, 7], [8, 9, 10, 11, 12, 13, 14, 15]]": 0.9901, "[[0, 1], [2, 3]]": 0.9853, "[[0], [1]]": 0.9415}, "Layer2": {"[[0, 1, 2, 3, 4, 5, 6, 7], [8, 9, 10, 11, 12, 13, 14, 15]]": 0.9969, "[[0, 1], [2, 3]]": 0.9916, "[[0], [1]]": 0.9921}, "Layer3": {"[[0, 1, 2, 3, 4, 5, 6, 7], [8, 9, 10, 11, 12, 13, 14, 15]]": 0.9968, "[[0, 1], [2, 3]]": 0.9965, "[[0], [1]]": 0.9963}}}, {"accuracy": 0.9975, "9": {"Layer1": {"[[0, 1, 2, 3, 4, 5, 6, 7], [8, 9, 10, 11, 12, 13, 14, 15]]": 0.9656, "[[0, 1], [2, 3]]": 0.9821, "[[0], [1]]": 0.9909}, "Layer2": {"[[0, 1, 2, 3, 4, 5, 6, 7], [8, 9, 10, 11, 12, 13, 14, 15]]": 0.9938, "[[0, 1], [2, 3]]": 0.9299, "[[0], [1]]": 0.914}, "Layer3": {"[[0, 1, 2, 3, 4, 5, 6, 7], [8, 9, 10, 11, 12, 13, 14, 15]]": 0.993, "[[0, 1], [2, 3]]": 0.9768, "[[0], [1]]": 0.9199}}, "10": {"Layer1": {"[[0, 1, 2, 3, 4, 5, 6, 7], [8, 9, 10, 11, 12, 13, 14, 15]]": 0.9882, "[[0, 1], [2, 3]]": 0.9912, "[[0], [1]]": 0.9951}, "Layer2": {"[[0, 1, 2, 3, 4, 5, 6, 7], [8, 9, 10, 11, 12, 13, 14, 15]]": 0.9923, "[[0, 1], [2, 3]]": 0.8951, "[[0], [1]]": 0.9355}, "Layer3": {"[[0, 1, 2, 3, 4, 5, 6, 7], [8, 9, 10, 11, 12, 13, 14, 15]]": 0.9886, "[[0, 1], [2, 3]]": 0.9846, "[[0], [1]]": 0.9643}}, "11": {"Layer1": {"[[0, 1, 2, 3, 4, 5, 6, 7], [8, 9, 10, 11, 12, 13, 14, 15]]": 0.9857, "[[0, 1], [2, 3]]": 0.9903, "[[0], [1]]": 0.9881}, "Layer2": {"[[0, 1, 2, 3, 4, 5, 6, 7], [8, 9, 10, 11, 12, 13, 14, 15]]": 0.9931, "[[0, 1], [2, 3]]": 0.9403, "[[0], [1]]": 0.9281}, "Layer3": {"[[0, 1, 2, 3, 4, 5, 6, 7], [8, 9, 10, 11, 12, 13, 14, 15]]": 0.9934, "[[0, 1], [2, 3]]": 0.9824, "[[0], [1]]": 0.9786}}, "12": {"Layer1": {"[[0, 1, 2, 3, 4, 5, 6, 7], [8, 9, 10, 11, 12, 13, 14, 15]]": 0.9909, "[[0, 1], [2, 3]]": 0.9951, "[[0], [1]]": 0.9246}, "Layer2": {"[[0, 1, 2, 3, 4, 5, 6, 7], [8, 9, 10, 11, 12, 13, 14, 15]]": 0.9914, "[[0, 1], [2, 3]]": 0.9153, "[[0], [1]]": 0.8968}, "Layer3": {"[[0, 1, 2, 3, 4, 5, 6, 7], [8, 9, 10, 11, 12, 13, 14, 15]]": 0.9939, "[[0, 1], [2, 3]]": 0.9752, "[[0], [1]]": 0.9523}}, "13": {"Layer1": {"[[0, 1, 2, 3, 4, 5, 6, 7], [8, 9, 10, 11, 12, 13, 14, 15]]": 0.9913, "[[0, 1], [2, 3]]": 0.9918, "[[0], [1]]": 0.9946}, "Layer2": {"[[0, 1, 2, 3, 4, 5, 6, 7], [8, 9, 10, 11, 12, 13, 14, 15]]": 0.9949, "[[0, 1], [2, 3]]": 0.9456, "[[0], [1]]": 0.9381}, "Layer3": {"[[0, 1, 2, 3, 4, 5, 6, 7], [8, 9, 10, 11, 12, 13, 14, 15]]": 0.9935, "[[0, 1], [2, 3]]": 0.9872, "[[0], [1]]": 0.9836}}, "14": {"Layer1": {"[[0, 1, 2, 3, 4, 5, 6, 7], [8, 9, 10, 11, 12, 13, 14, 15]]": 0.9814, "[[0, 1], [2, 3]]": 0.9939, "[[0], [1]]": 0.9946}, "Layer2": {"[[0, 1, 2, 3, 4, 5, 6, 7], [8, 9, 10, 11, 12, 13, 14, 15]]": 0.9952, "[[0, 1], [2, 3]]": 0.9265, "[[0], [1]]": 0.9417}, "Layer3": {"[[0, 1, 2, 3, 4, 5, 6, 7], [8, 9, 10, 11, 12, 13, 14, 15]]": 0.994, "[[0, 1], [2, 3]]": 0.9787, "[[0], [1]]": 0.9655}}, "15": {"Layer1": {"[[0, 1, 2, 3, 4, 5, 6, 7], [8, 9, 10, 11, 12, 13, 14, 15]]": 0.989, "[[0, 1], [2, 3]]": 0.995, "[[0], [1]]": 0.9637}, "Layer2": {"[[0, 1, 2, 3, 4, 5, 6, 7], [8, 9, 10, 11, 12, 13, 14, 15]]": 0.9936, "[[0, 1], [2, 3]]": 0.9325, "[[0], [1]]": 0.9462}, "Layer3": {"[[0, 1, 2, 3, 4, 5, 6, 7], [8, 9, 10, 11, 12, 13, 14, 15]]": 0.9957, "[[0, 1], [2, 3]]": 0.9858, "[[0], [1]]": 0.9652}}, "16": {"Layer1": {"[[0, 1, 2, 3, 4, 5, 6, 7], [8, 9, 10, 11, 12, 13, 14, 15]]": 0.9921, "[[0, 1], [2, 3]]": 0.9942, "[[0], [1]]": 0.9493}, "Layer2": {"[[0, 1, 2, 3, 4, 5, 6, 7], [8, 9, 10, 11, 12, 13, 14, 15]]": 0.9945, "[[0, 1], [2, 3]]": 0.9451, "[[0], [1]]": 0.7747}, "Layer3": {"[[0, 1, 2, 3, 4, 5, 6, 7], [8, 9, 10, 11, 12, 13, 14, 15]]": 0.9954, "[[0, 1], [2, 3]]": 0.9846, "[[0], [1]]": 0.9509}}}]