[{"accuracy": 0.9997, "1": {"Layer1": {"[[0, 1, 2, 3, 4, 5, 6, 7], [8, 9, 10, 11, 12, 13, 14, 15]]": 0.7235, "[[0, 1], [2, 3]]": 0.8454, "[[0], [1]]": 0.8158}, "Layer2": {"[[0, 1, 2, 3, 4, 5, 6, 7], [8, 9, 10, 11, 12, 13, 14, 15]]": 0.5192, "[[0, 1], [2, 3]]": 0.5803, "[[0], [1]]": 0.5109}, "Layer3": {"[[0, 1, 2, 3, 4, 5, 6, 7], [8, 9, 10, 11, 12, 13, 14, 15]]": 0.5545, "[[0, 1], [2, 3]]": 0.5139, "[[0], [1]]": 0.5488}}, "2": {"Layer1": {"[[0, 1, 2, 3, 4, 5, 6, 7], [8, 9, 10, 11, 12, 13, 14, 15]]": 0.819, "[[0, 1], [2, 3]]": 0.8536, "[[0], [1]]": 0.8156}, "Layer2": {"[[0, 1, 2, 3, 4, 5, 6, 7], [8, 9, 10, 11, 12, 13, 14, 15]]": 0.9893, "[[0, 1], [2, 3]]": 0.9133, "[[0], [1]]": 0.8947}, "Layer3": {"[[0, 1, 2, 3, 4, 5, 6, 7], [8, 9, 10, 11, 12, 13, 14, 15]]": 0.6979, "[[0, 1], [2, 3]]": 0.8444, "[[0], [1]]": 0.6091}}, "3": {"Layer1": {"[[0, 1, 2, 3, 4, 5, 6, 7], [8, 9, 10, 11, 12, 13, 14, 15]]": 0.9179, "[[0, 1], [2, 3]]": 0.9749, "[[0], [1]]": 0.9476}, "Layer2": {"[[0, 1, 2, 3, 4, 5, 6, 7], [8, 9, 10, 11, 12, 13, 14, 15]]": 0.9943, "[[0, 1], [2, 3]]": 0.9634, "[[0], [1]]": 0.9601}, "Layer3": {"[[0, 1, 2, 3, 4, 5, 6, 7], [8, 9, 10, 11, 12, 13, 14, 15]]": 0.9618, "[[0, 1], [2, 3]]": 0.9294, "[[0], [1]]": 0.941}}, "4": {"Layer1": {"[[0, 1, 2, 3, 4, 5, 6, 7], [8, 9, 10, 11, 12, 13, 14, 15]]": 0.9917, "[[0, 1], [2, 3]]": 0.9542, "[[0], [1]]": 0.9642}, "Layer2": {"[[0, 1, 2, 3, 4, 5, 6, 7], [8, 9, 10, 11, 12, 13, 14, 15]]": 0.9751, "[[0, 1], [2, 3]]": 0.975, "[[0], [1]]": 0.9629}, "Layer3": {"[[0, 1, 2, 3, 4, 5, 6, 7], [8, 9, 10, 11, 12, 13, 14, 15]]": 0.9731, "[[0, 1], [2, 3]]": 0.9735, "[[0], [1]]": 0.9624}}, "5": {"Layer1": {"[[0, 1, 2, 3, 4, 5, 6, 7], [8, 9, 10, 11, 12, 13, 14, 15]]": 0.9943, "[[0, 1], [2, 3]]": 0.9657, "[[0], [1]]": 0.9742}, "Layer2": {"[[0, 1, 2, 3, 4, 5, 6, 7], [8, 9, 10, 11, 12, 13, 14, 15]]": 0.9838, "[[0, 1], [2, 3]]": 0.9857, "[[0], [1]]": 0.9967}, "Layer3": {"[[0, 1, 2, 3, 4, 5, 6, 7], [8, 9, 10, 11, 12, 13, 14, 15]]": 0.9524, "[[0, 1], [2, 3]]": 0.9727, "[[0], [1]]": 0.9536}}, "6": {"Layer1": {"[[0, 1, 2, 3, 4, 5, 6, 7], [8, 9, 10, 11, 12, 13, 14, 15]]": 0.9976, "[[0, 1], [2, 3]]": 0.983, "[[0], [1]]": 0.9768}, "Layer2": {"[[0, 1, 2, 3, 4, 5, 6, 7], [8, 9, 10, 11, 12, 13, 14, 15]]": 0.9976, "[[0, 1], [2, 3]]": 0.9973, "[[0], [1]]": 0.9514}, "Layer3": {"[[0, 1, 2, 3, 4, 5, 6, 7], [8, 9, 10, 11, 12, 13, 14, 15]]": 0.9214, "[[0, 1], [2, 3]]": 0.9655, "[[0], [1]]": 0.811}}, "7": {"Layer1": {"[[0, 1, 2, 3, 4, 5, 6, 7], [8, 9, 10, 11, 12, 13, 14, 15]]": 0.9948, "[[0, 1], [2, 3]]": 0.9783, "[[0], [1]]": 0.9898}, "Layer2": {"[[0, 1, 2, 3, 4, 5, 6, 7], [8, 9, 10, 11, 12, 13, 14, 15]]": 0.9963, "[[0, 1], [2, 3]]": 0.9976, "[[0], [1]]": 0.9795}, "Layer3": {"[[0, 1, 2, 3, 4, 5, 6, 7], [8, 9, 10, 11, 12, 13, 14, 15]]": 0.9869, "[[0, 1], [2, 3]]": 0.9809, "[[0], [1]]": 0.9793}}, "8": {"Layer1": {"[[0, 1, 2, 3, 4, 5, 6, 7], [8, 9, 10, 11, 12, 13, 14, 15]]": 0.9978, "[[0, 1], [2, 3]]": 0.9807, "[[0], [1]]": 0.9909}, "Layer2": {"[[0, 1, 2, 3, 4, 5, 6, 7], [8, 9, 10, 11, 12, 13, 14, 15]]": 0.9973, "[[0, 1], [2, 3]]": 0.9969, "[[0], [1]]": 0.9965}, "Layer3": {"[[0, 1, 2, 3, 4, 5, 6, 7], [8, 9, 10, 11, 12, 13, 14, 15]]": 0.9939, "[[0, 1], [2, 3]]": 0.9814, "[[0], [1]]": 0.9648}}}, {"accuracy": 0.9992, "1": {"Layer1": {"[[0, 1, 2, 3, 4, 5, 6, 7], [8, 9, 10, 11, 12, 13, 14, 15]]": 0.5938, "[[0, 1], [2, 3]]": 0.8308, "[[0], [1]]": 0.835}, "Layer2": {"[[0, 1, 2, 3, 4, 5, 6, 7], [8, 9, 10, 11, 12, 13, 14, 15]]": 0.8161, "[[0, 1], [2, 3]]": 0.8425, "[[0], [1]]": 0.544}, "Layer3": {"[[0, 1, 2, 3, 4, 5, 6, 7], [8, 9, 10, 11, 12, 13, 14, 15]]": 0.4787, "[[0, 1], [2, 3]]": 0.4946, "[[0], [1]]": 0.4927}}, "2": {"Layer1": {"[[0, 1, 2, 3, 4, 5, 6, 7], [8, 9, 10, 11, 12, 13, 14, 15]]": 0.988, "[[0, 1], [2, 3]]": 0.8946, "[[0], [1]]": 0.8864}, "Layer2": {"[[0, 1, 2, 3, 4, 5, 6, 7], [8, 9, 10, 11, 12, 13, 14, 15]]": 0.5477, "[[0, 1], [2, 3]]": 0.9804, "[[0], [1]]": 0.9789}, "Layer3": {"[[0, 1, 2, 3, 4, 5, 6, 7], [8, 9, 10, 11, 12, 13, 14, 15]]": 0.7187, "[[0, 1], [2, 3]]": 0.6733, "[[0], [1]]": 0.5591}}, "3": {"Layer1": {"[[0, 1, 2, 3, 4, 5, 6, 7], [8, 9, 10, 11, 12, 13, 14, 15]]": 0.9936, "[[0, 1], [2, 3]]": 0.8796, "[[0], [1]]": 0.936}, "Layer2": {"[[0, 1, 2, 3, 4, 5, 6, 7], [8, 9, 10, 11, 12, 13, 14, 15]]": 0.9812, "[[0, 1], [2, 3]]": 0.9914, "[[0], [1]]": 0.9908}, "Layer3": {"[[0, 1, 2, 3, 4, 5, 6, 7], [8, 9, 10, 11, 12, 13, 14, 15]]": 0.9648, "[[0, 1], [2, 3]]": 0.77, "[[0], [1]]": 0.9043}}, "4": {"Layer1": {"[[0, 1, 2, 3, 4, 5, 6, 7], [8, 9, 10, 11, 12, 13, 14, 15]]": 0.997, "[[0, 1], [2, 3]]": 0.9278, "[[0], [1]]": 0.9473}, "Layer2": {"[[0, 1, 2, 3, 4, 5, 6, 7], [8, 9, 10, 11, 12, 13, 14, 15]]": 0.9951, "[[0, 1], [2, 3]]": 0.9913, "[[0], [1]]": 0.9642}, "Layer3": {"[[0, 1, 2, 3, 4, 5, 6, 7], [8, 9, 10, 11, 12, 13, 14, 15]]": 0.9817, "[[0, 1], [2, 3]]": 0.9917, "[[0], [1]]": 0.6807}}, "5": {"Layer1": {"[[0, 1, 2, 3, 4, 5, 6, 7], [8, 9, 10, 11, 12, 13, 14, 15]]": 0.9962, "[[0, 1], [2, 3]]": 0.9496, "[[0], [1]]": 0.9374}, "Layer2": {"[[0, 1, 2, 3, 4, 5, 6, 7], [8, 9, 10, 11, 12, 13, 14, 15]]": 0.993, "[[0, 1], [2, 3]]": 0.9825, "[[0], [1]]": 0.9936}, "Layer3": {"[[0, 1, 2, 3, 4, 5, 6, 7], [8, 9, 10, 11, 12, 13, 14, 15]]": 0.997, "[[0, 1], [2, 3]]": 0.9859, "[[0], [1]]": 0.8245}}, "6": {"Layer1": {"[[0, 1, 2, 3, 4, 5, 6, 7], [8, 9, 10, 11, 12, 13, 14, 15]]": 0.9967, "[[0, 1], [2, 3]]": 0.9398, "[[0], [1]]": 0.9377}, "Layer2": {"[[0, 1, 2, 3, 4, 5, 6, 7], [8, 9, 10, 11, 12, 13, 14, 15]]": 0.9932, "[[0, 1], [2, 3]]": 0.9931, "[[0], [1]]": 0.977}, "Layer3": {"[[0, 1, 2, 3, 4, 5, 6, 7], [8, 9, 10, 11, 12, 13, 14, 15]]": 0.9921, "[[0, 1], [2, 3]]": 0.9932, "[[0], [1]]": 0.6526}}, "7": {"Layer1": {"[[0, 1, 2, 3, 4, 5, 6, 7], [8, 9, 10, 11, 12, 13, 14, 15]]": 0.9969, "[[0, 1], [2, 3]]": 0.9447, "[[0], [1]]": 0.9509}, "Layer2": {"[[0, 1, 2, 3, 4, 5, 6, 7], [8, 9, 10, 11, 12, 13, 14, 15]]": 0.9955, "[[0, 1], [2, 3]]": 0.9945, "[[0], [1]]": 0.9762}, "Layer3": {"[[0, 1, 2, 3, 4, 5, 6, 7], [8, 9, 10, 11, 12, 13, 14, 15]]": 0.9988, "[[0, 1], [2, 3]]": 0.9952, "[[0], [1]]": 0.8092}}, "8": {"Layer1": {"[[0, 1, 2, 3, 4, 5, 6, 7], [8, 9, 10, 11, 12, 13, 14, 15]]": 0.9959, "[[0, 1], [2, 3]]": 0.9482, "[[0], [1]]": 0.9486}, "Layer2": {"[[0, 1, 2, 3, 4, 5, 6, 7], [8, 9, 10, 11, 12, 13, 14, 15]]": 0.9978, "[[0, 1], [2, 3]]": 0.9943, "[[0], [1]]": 0.9928}, "Layer3": {"[[0, 1, 2, 3, 4, 5, 6, 7], [8, 9, 10, 11, 12, 13, 14, 15]]": 0.9981, "[[0, 1], [2, 3]]": 0.9918, "[[0], [1]]": 0.9679}}}, {"accuracy": 0.999, "1": {"Layer1": {"[[0, 1, 2, 3, 4, 5, 6, 7], [8, 9, 10, 11, 12, 13, 14, 15]]": 0.5476, "[[0, 1], [2, 3]]": 0.651, "[[0], [1]]": 0.7015}, "Layer2": {"[[0, 1, 2, 3, 4, 5, 6, 7], [8, 9, 10, 11, 12, 13, 14, 15]]": 0.8125, "[[0, 1], [2, 3]]": 0.5429, "[[0], [1]]": 0.7404}, "Layer3": {"[[0, 1, 2, 3, 4, 5, 6, 7], [8, 9, 10, 11, 12, 13, 14, 15]]": 0.496, "[[0, 1], [2, 3]]": 0.8703, "[[0], [1]]": 0.803}}, "2": {"Layer1": {"[[0, 1, 2, 3, 4, 5, 6, 7], [8, 9, 10, 11, 12, 13, 14, 15]]": 0.7418, "[[0, 1], [2, 3]]": 0.7574, "[[0], [1]]": 0.7292}, "Layer2": {"[[0, 1, 2, 3, 4, 5, 6, 7], [8, 9, 10, 11, 12, 13, 14, 15]]": 0.8588, "[[0, 1], [2, 3]]": 0.6285, "[[0], [1]]": 0.8594}, "Layer3": {"[[0, 1, 2, 3, 4, 5, 6, 7], [8, 9, 10, 11, 12, 13, 14, 15]]": 0.9073, "[[0, 1], [2, 3]]": 0.9843, "[[0], [1]]": 0.9791}}, "3": {"Layer1": {"[[0, 1, 2, 3, 4, 5, 6, 7], [8, 9, 10, 11, 12, 13, 14, 15]]": 0.7552, "[[0, 1], [2, 3]]": 0.7406, "[[0], [1]]": 0.9156}, "Layer2": {"[[0, 1, 2, 3, 4, 5, 6, 7], [8, 9, 10, 11, 12, 13, 14, 15]]": 0.9184, "[[0, 1], [2, 3]]": 0.8458, "[[0], [1]]": 0.8358}, "Layer3": {"[[0, 1, 2, 3, 4, 5, 6, 7], [8, 9, 10, 11, 12, 13, 14, 15]]": 0.9797, "[[0, 1], [2, 3]]": 0.9848, "[[0], [1]]": 0.9444}}, "4": {"Layer1": {"[[0, 1, 2, 3, 4, 5, 6, 7], [8, 9, 10, 11, 12, 13, 14, 15]]": 0.8924, "[[0, 1], [2, 3]]": 0.7902, "[[0], [1]]": 0.8907}, "Layer2": {"[[0, 1, 2, 3, 4, 5, 6, 7], [8, 9, 10, 11, 12, 13, 14, 15]]": 0.9867, "[[0, 1], [2, 3]]": 0.9517, "[[0], [1]]": 0.9625}, "Layer3": {"[[0, 1, 2, 3, 4, 5, 6, 7], [8, 9, 10, 11, 12, 13, 14, 15]]": 0.9917, "[[0, 1], [2, 3]]": 0.9921, "[[0], [1]]": 0.9921}}, "5": {"Layer1": {"[[0, 1, 2, 3, 4, 5, 6, 7], [8, 9, 10, 11, 12, 13, 14, 15]]": 0.8959, "[[0, 1], [2, 3]]": 0.9274, "[[0], [1]]": 0.8977}, "Layer2": {"[[0, 1, 2, 3, 4, 5, 6, 7], [8, 9, 10, 11, 12, 13, 14, 15]]": 0.9868, "[[0, 1], [2, 3]]": 0.9228, "[[0], [1]]": 0.9734}, "Layer3": {"[[0, 1, 2, 3, 4, 5, 6, 7], [8, 9, 10, 11, 12, 13, 14, 15]]": 0.9952, "[[0, 1], [2, 3]]": 0.9947, "[[0], [1]]": 0.9859}}, "6": {"Layer1": {"[[0, 1, 2, 3, 4, 5, 6, 7], [8, 9, 10, 11, 12, 13, 14, 15]]": 0.8726, "[[0, 1], [2, 3]]": 0.9465, "[[0], [1]]": 0.848}, "Layer2": {"[[0, 1, 2, 3, 4, 5, 6, 7], [8, 9, 10, 11, 12, 13, 14, 15]]": 0.9905, "[[0, 1], [2, 3]]": 0.9705, "[[0], [1]]": 0.9658}, "Layer3": {"[[0, 1, 2, 3, 4, 5, 6, 7], [8, 9, 10, 11, 12, 13, 14, 15]]": 0.9944, "[[0, 1], [2, 3]]": 0.9944, "[[0], [1]]": 0.9925}}, "7": {"Layer1": {"[[0, 1, 2, 3, 4, 5, 6, 7], [8, 9, 10, 11, 12, 13, 14, 15]]": 0.9633, "[[0, 1], [2, 3]]": 0.9567, "[[0], [1]]": 0.9544}, "Layer2": {"[[0, 1, 2, 3, 4, 5, 6, 7], [8, 9, 10, 11, 12, 13, 14, 15]]": 0.9918, "[[0, 1], [2, 3]]": 0.9765, "[[0], [1]]": 0.971}, "Layer3": {"[[0, 1, 2, 3, 4, 5, 6, 7], [8, 9, 10, 11, 12, 13, 14, 15]]": 0.9943, "[[0, 1], [2, 3]]": 0.9943, "[[0], [1]]": 0.9965}}, "8": {"Layer1": {"[[0, 1, 2, 3, 4, 5, 6, 7], [8, 9, 10, 11, 12, 13, 14, 15]]": 0.9612, "[[0, 1], [2, 3]]": 0.9481, "[[0], [1]]": 0.9467}, "Layer2": {"[[0, 1, 2, 3, 4, 5, 6, 7], [8, 9, 10, 11, 12, 13, 14, 15]]": 0.9929, "[[0, 1], [2, 3]]": 0.9614, "[[0], [1]]": 0.9753}, "Layer3": {"[[0, 1, 2, 3, 4, 5, 6, 7], [8, 9, 10, 11, 12, 13, 14, 15]]": 0.9973, "[[0, 1], [2, 3]]": 0.9964, "[[0], [1]]": 0.9948}}}, {"accuracy": 0.9996, "1": {"Layer1": {"[[0, 1, 2, 3, 4, 5, 6, 7], [8, 9, 10, 11, 12, 13, 14, 15]]": 0.7444, "[[0, 1], [2, 3]]": 0.7421, "[[0], [1]]": 0.5141}, "Layer2": {"[[0, 1, 2, 3, 4, 5, 6, 7], [8, 9, 10, 11, 12, 13, 14, 15]]": 0.5807, "[[0, 1], [2, 3]]": 0.7699, "[[0], [1]]": 0.6195}, "Layer3": {"[[0, 1, 2, 3, 4, 5, 6, 7], [8, 9, 10, 11, 12, 13, 14, 15]]": 0.4856, "[[0, 1], [2, 3]]": 0.8371, "[[0], [1]]": 0.5834}}, "2": {"Layer1": {"[[0, 1, 2, 3, 4, 5, 6, 7], [8, 9, 10, 11, 12, 13, 14, 15]]": 0.8546, "[[0, 1], [2, 3]]": 0.8509, "[[0], [1]]": 0.8322}, "Layer2": {"[[0, 1, 2, 3, 4, 5, 6, 7], [8, 9, 10, 11, 12, 13, 14, 15]]": 0.9694, "[[0, 1], [2, 3]]": 0.949, "[[0], [1]]": 0.8976}, "Layer3": {"[[0, 1, 2, 3, 4, 5, 6, 7], [8, 9, 10, 11, 12, 13, 14, 15]]": 0.6434, "[[0, 1], [2, 3]]": 0.9671, "[[0], [1]]": 0.9512}}, "3": {"Layer1": {"[[0, 1, 2, 3, 4, 5, 6, 7], [8, 9, 10, 11, 12, 13, 14, 15]]": 0.957, "[[0, 1], [2, 3]]": 0.9723, "[[0], [1]]": 0.8378}, "Layer2": {"[[0, 1, 2, 3, 4, 5, 6, 7], [8, 9, 10, 11, 12, 13, 14, 15]]": 0.994, "[[0, 1], [2, 3]]": 0.9516, "[[0], [1]]": 0.9206}, "Layer3": {"[[0, 1, 2, 3, 4, 5, 6, 7], [8, 9, 10, 11, 12, 13, 14, 15]]": 0.9869, "[[0, 1], [2, 3]]": 0.9948, "[[0], [1]]": 0.9943}}, "4": {"Layer1": {"[[0, 1, 2, 3, 4, 5, 6, 7], [8, 9, 10, 11, 12, 13, 14, 15]]": 0.9673, "[[0, 1], [2, 3]]": 0.9708, "[[0], [1]]": 0.7819}, "Layer2": {"[[0, 1, 2, 3, 4, 5, 6, 7], [8, 9, 10, 11, 12, 13, 14, 15]]": 0.99, "[[0, 1], [2, 3]]": 0.9605, "[[0], [1]]": 0.9685}, "Layer3": {"[[0, 1, 2, 3, 4, 5, 6, 7], [8, 9, 10, 11, 12, 13, 14, 15]]": 0.9829, "[[0, 1], [2, 3]]": 0.9894, "[[0], [1]]": 0.977}}, "5": {"Layer1": {"[[0, 1, 2, 3, 4, 5, 6, 7], [8, 9, 10, 11, 12, 13, 14, 15]]": 0.9549, "[[0, 1], [2, 3]]": 0.9577, "[[0], [1]]": 0.936}, "Layer2": {"[[0, 1, 2, 3, 4, 5, 6, 7], [8, 9, 10, 11, 12, 13, 14, 15]]": 0.9939, "[[0, 1], [2, 3]]": 0.9826, "[[0], [1]]": 0.9858}, "Layer3": {"[[0, 1, 2, 3, 4, 5, 6, 7], [8, 9, 10, 11, 12, 13, 14, 15]]": 0.9964, "[[0, 1], [2, 3]]": 0.9956, "[[0], [1]]": 0.9875}}, "6": {"Layer1": {"[[0, 1, 2, 3, 4, 5, 6, 7], [8, 9, 10, 11, 12, 13, 14, 15]]": 0.9761, "[[0, 1], [2, 3]]": 0.9783, "[[0], [1]]": 0.9323}, "Layer2": {"[[0, 1, 2, 3, 4, 5, 6, 7], [8, 9, 10, 11, 12, 13, 14, 15]]": 0.9956, "[[0, 1], [2, 3]]": 0.9787, "[[0], [1]]": 0.9827}, "Layer3": {"[[0, 1, 2, 3, 4, 5, 6, 7], [8, 9, 10, 11, 12, 13, 14, 15]]": 0.9962, "[[0, 1], [2, 3]]": 0.9878, "[[0], [1]]": 0.9888}}, "7": {"Layer1": {"[[0, 1, 2, 3, 4, 5, 6, 7], [8, 9, 10, 11, 12, 13, 14, 15]]": 0.9864, "[[0, 1], [2, 3]]": 0.9796, "[[0], [1]]": 0.9413}, "Layer2": {"[[0, 1, 2, 3, 4, 5, 6, 7], [8, 9, 10, 11, 12, 13, 14, 15]]": 0.994, "[[0, 1], [2, 3]]": 0.9774, "[[0], [1]]": 0.9825}, "Layer3": {"[[0, 1, 2, 3, 4, 5, 6, 7], [8, 9, 10, 11, 12, 13, 14, 15]]": 0.9893, "[[0, 1], [2, 3]]": 0.9971, "[[0], [1]]": 0.9955}}, "8": {"Layer1": {"[[0, 1, 2, 3, 4, 5, 6, 7], [8, 9, 10, 11, 12, 13, 14, 15]]": 0.9799, "[[0, 1], [2, 3]]": 0.9679, "[[0], [1]]": 0.9329}, "Layer2": {"[[0, 1, 2, 3, 4, 5, 6, 7], [8, 9, 10, 11, 12, 13, 14, 15]]": 0.9972, "[[0, 1], [2, 3]]": 0.9849, "[[0], [1]]": 0.9845}, "Layer3": {"[[0, 1, 2, 3, 4, 5, 6, 7], [8, 9, 10, 11, 12, 13, 14, 15]]": 0.9974, "[[0, 1], [2, 3]]": 0.9928, "[[0], [1]]": 0.9905}}}, {"accuracy": 0.9975, "1": {"Layer1": {"[[0, 1, 2, 3, 4, 5, 6, 7], [8, 9, 10, 11, 12, 13, 14, 15]]": 0.6711, "[[0, 1], [2, 3]]": 0.7234, "[[0], [1]]": 0.8014}, "Layer2": {"[[0, 1, 2, 3, 4, 5, 6, 7], [8, 9, 10, 11, 12, 13, 14, 15]]": 0.6053, "[[0, 1], [2, 3]]": 0.563, "[[0], [1]]": 0.7089}, "Layer3": {"[[0, 1, 2, 3, 4, 5, 6, 7], [8, 9, 10, 11, 12, 13, 14, 15]]": 0.5385, "[[0, 1], [2, 3]]": 0.6131, "[[0], [1]]": 0.5319}}, "2": {"Layer1": {"[[0, 1, 2, 3, 4, 5, 6, 7], [8, 9, 10, 11, 12, 13, 14, 15]]": 0.7029, "[[0, 1], [2, 3]]": 0.5216, "[[0], [1]]": 0.7562}, "Layer2": {"[[0, 1, 2, 3, 4, 5, 6, 7], [8, 9, 10, 11, 12, 13, 14, 15]]": 0.7712, "[[0, 1], [2, 3]]": 0.6916, "[[0], [1]]": 0.8241}, "Layer3": {"[[0, 1, 2, 3, 4, 5, 6, 7], [8, 9, 10, 11, 12, 13, 14, 15]]": 0.619, "[[0, 1], [2, 3]]": 0.88, "[[0], [1]]": 0.5681}}, "3": {"Layer1": {"[[0, 1, 2, 3, 4, 5, 6, 7], [8, 9, 10, 11, 12, 13, 14, 15]]": 0.8938, "[[0, 1], [2, 3]]": 0.8315, "[[0], [1]]": 0.9255}, "Layer2": {"[[0, 1, 2, 3, 4, 5, 6, 7], [8, 9, 10, 11, 12, 13, 14, 15]]": 0.9029, "[[0, 1], [2, 3]]": 0.7982, "[[0], [1]]": 0.8576}, "Layer3": {"[[0, 1, 2, 3, 4, 5, 6, 7], [8, 9, 10, 11, 12, 13, 14, 15]]": 0.9524, "[[0, 1], [2, 3]]": 0.8309, "[[0], [1]]": 0.8698}}, "4": {"Layer1": {"[[0, 1, 2, 3, 4, 5, 6, 7], [8, 9, 10, 11, 12, 13, 14, 15]]": 0.8743, "[[0, 1], [2, 3]]": 0.9132, "[[0], [1]]": 0.9497}, "Layer2": {"[[0, 1, 2, 3, 4, 5, 6, 7], [8, 9, 10, 11, 12, 13, 14, 15]]": 0.975, "[[0, 1], [2, 3]]": 0.8413, "[[0], [1]]": 0.8942}, "Layer3": {"[[0, 1, 2, 3, 4, 5, 6, 7], [8, 9, 10, 11, 12, 13, 14, 15]]": 0.9819, "[[0, 1], [2, 3]]": 0.9406, "[[0], [1]]": 0.7004}}, "5": {"Layer1": {"[[0, 1, 2, 3, 4, 5, 6, 7], [8, 9, 10, 11, 12, 13, 14, 15]]": 0.9728, "[[0, 1], [2, 3]]": 0.9578, "[[0], [1]]": 0.9573}, "Layer2": {"[[0, 1, 2, 3, 4, 5, 6, 7], [8, 9, 10, 11, 12, 13, 14, 15]]": 0.9845, "[[0, 1], [2, 3]]": 0.877, "[[0], [1]]": 0.8214}, "Layer3": {"[[0, 1, 2, 3, 4, 5, 6, 7], [8, 9, 10, 11, 12, 13, 14, 15]]": 0.9857, "[[0, 1], [2, 3]]": 0.9571, "[[0], [1]]": 0.9411}}, "6": {"Layer1": {"[[0, 1, 2, 3, 4, 5, 6, 7], [8, 9, 10, 11, 12, 13, 14, 15]]": 0.9448, "[[0, 1], [2, 3]]": 0.93, "[[0], [1]]": 0.9184}, "Layer2": {"[[0, 1, 2, 3, 4, 5, 6, 7], [8, 9, 10, 11, 12, 13, 14, 15]]": 0.9934, "[[0, 1], [2, 3]]": 0.905, "[[0], [1]]": 0.9214}, "Layer3": {"[[0, 1, 2, 3, 4, 5, 6, 7], [8, 9, 10, 11, 12, 13, 14, 15]]": 0.9858, "[[0, 1], [2, 3]]": 0.9747, "[[0], [1]]": 0.9818}}, "7": {"Layer1": {"[[0, 1, 2, 3, 4, 5, 6, 7], [8, 9, 10, 11, 12, 13, 14, 15]]": 0.9768, "[[0, 1], [2, 3]]": 0.9761, "[[0], [1]]": 0.9871}, "Layer2": {"[[0, 1, 2, 3, 4, 5, 6, 7], [8, 9, 10, 11, 12, 13, 14, 15]]": 0.991, "[[0, 1], [2, 3]]": 0.903, "[[0], [1]]": 0.9259}, "Layer3": {"[[0, 1, 2, 3, 4, 5, 6, 7], [8, 9, 10, 11, 12, 13, 14, 15]]": 0.9209, "[[0, 1], [2, 3]]": 0.9779, "[[0], [1]]": 0.9776}}, "8": {"Layer1": {"[[0, 1, 2, 3, 4, 5, 6, 7], [8, 9, 10, 11, 12, 13, 14, 15]]": 0.9834, "[[0, 1], [2, 3]]": 0.9873, "[[0], [1]]": 0.9726}, "Layer2": {"[[0, 1, 2, 3, 4, 5, 6, 7], [8, 9, 10, 11, 12, 13, 14, 15]]": 0.9909, "[[0, 1], [2, 3]]": 0.8912, "[[0], [1]]": 0.9268}, "Layer3": {"[[0, 1, 2, 3, 4, 5, 6, 7], [8, 9, 10, 11, 12, 13, 14, 15]]": 0.9862, "[[0, 1], [2, 3]]": 0.9635, "[[0], [1]]": 0.9251}}}]