[[{"accuracy": 0.4967, "Layer1": {"[[0, 1, 2, 3, 4, 5, 6, 7]]": 0.6314, "[[0, 1]]": 0.636, "[[0]]": 0.6235}, "Layer2": {"[[0, 1, 2, 3, 4, 5, 6, 7]]": 0.5096, "[[0, 1]]": 0.5219, "[[0]]": 0.5088}, "Layer3": {"[[0, 1, 2, 3, 4, 5, 6, 7]]": 0.5031, "[[0, 1]]": 0.5058, "[[0]]": 0.5054}}, {"accuracy": 0.5045, "Layer1": {"[[0, 1, 2, 3, 4, 5, 6, 7]]": 0.7014, "[[0, 1]]": 0.6724, "[[0]]": 0.6672}, "Layer2": {"[[0, 1, 2, 3, 4, 5, 6, 7]]": 0.5936, "[[0, 1]]": 0.576, "[[0]]": 0.5382}, "Layer3": {"[[0, 1, 2, 3, 4, 5, 6, 7]]": 0.5105, "[[0, 1]]": 0.4995, "[[0]]": 0.5043}}, {"accuracy": 0.5752, "Layer1": {"[[0, 1, 2, 3, 4, 5, 6, 7]]": 0.738, "[[0, 1]]": 0.7055, "[[0]]": 0.7064}, "Layer2": {"[[0, 1, 2, 3, 4, 5, 6, 7]]": 0.6183, "[[0, 1]]": 0.6185, "[[0]]": 0.6022}, "Layer3": {"[[0, 1, 2, 3, 4, 5, 6, 7]]": 0.5578, "[[0, 1]]": 0.5363, "[[0]]": 0.5323}}, {"accuracy": 0.6371, "Layer1": {"[[0, 1, 2, 3, 4, 5, 6, 7]]": 0.7289, "[[0, 1]]": 0.7306, "[[0]]": 0.7216}, "Layer2": {"[[0, 1, 2, 3, 4, 5, 6, 7]]": 0.6592, "[[0, 1]]": 0.6324, "[[0]]": 0.628}, "Layer3": {"[[0, 1, 2, 3, 4, 5, 6, 7]]": 0.5966, "[[0, 1]]": 0.591, "[[0]]": 0.5853}}, {"accuracy": 0.7016, "Layer1": {"[[0, 1, 2, 3, 4, 5, 6, 7]]": 0.766, "[[0, 1]]": 0.7618, "[[0]]": 0.7457}, "Layer2": {"[[0, 1, 2, 3, 4, 5, 6, 7]]": 0.6708, "[[0, 1]]": 0.6604, "[[0]]": 0.6524}, "Layer3": {"[[0, 1, 2, 3, 4, 5, 6, 7]]": 0.586, "[[0, 1]]": 0.5988, "[[0]]": 0.5754}}, {"accuracy": 0.7849, "Layer1": {"[[0, 1, 2, 3, 4, 5, 6, 7]]": 0.7566, "[[0, 1]]": 0.7556, "[[0]]": 0.7452}, "Layer2": {"[[0, 1, 2, 3, 4, 5, 6, 7]]": 0.654, "[[0, 1]]": 0.6529, "[[0]]": 0.6125}, "Layer3": {"[[0, 1, 2, 3, 4, 5, 6, 7]]": 0.5069, "[[0, 1]]": 0.5065, "[[0]]": 0.5096}}, {"accuracy": 0.8587, "Layer1": {"[[0, 1, 2, 3, 4, 5, 6, 7]]": 0.7526, "[[0, 1]]": 0.7348, "[[0]]": 0.6757}, "Layer2": {"[[0, 1, 2, 3, 4, 5, 6, 7]]": 0.6264, "[[0, 1]]": 0.6323, "[[0]]": 0.5393}, "Layer3": {"[[0, 1, 2, 3, 4, 5, 6, 7]]": 0.5089, "[[0, 1]]": 0.516, "[[0]]": 0.5175}}, {"accuracy": 0.9096, "Layer1": {"[[0, 1, 2, 3, 4, 5, 6, 7]]": 0.6794, "[[0, 1]]": 0.6269, "[[0]]": 0.5916}, "Layer2": {"[[0, 1, 2, 3, 4, 5, 6, 7]]": 0.5968, "[[0, 1]]": 0.5897, "[[0]]": 0.5255}, "Layer3": {"[[0, 1, 2, 3, 4, 5, 6, 7]]": 0.5193, "[[0, 1]]": 0.5161, "[[0]]": 0.5115}}, {"accuracy": 0.9404, "Layer1": {"[[0, 1, 2, 3, 4, 5, 6, 7]]": 0.5185, "[[0, 1]]": 0.5453, "[[0]]": 0.5243}, "Layer2": {"[[0, 1, 2, 3, 4, 5, 6, 7]]": 0.5305, "[[0, 1]]": 0.5123, "[[0]]": 0.5193}, "Layer3": {"[[0, 1, 2, 3, 4, 5, 6, 7]]": 0.5167, "[[0, 1]]": 0.516, "[[0]]": 0.5163}}, {"accuracy": 0.9597, "Layer1": {"[[0, 1, 2, 3, 4, 5, 6, 7]]": 0.5088, "[[0, 1]]": 0.5383, "[[0]]": 0.5102}, "Layer2": {"[[0, 1, 2, 3, 4, 5, 6, 7]]": 0.5369, "[[0, 1]]": 0.5241, "[[0]]": 0.5178}, "Layer3": {"[[0, 1, 2, 3, 4, 5, 6, 7]]": 0.5225, "[[0, 1]]": 0.5267, "[[0]]": 0.5165}}, {"accuracy": 0.9699, "Layer1": {"[[0, 1, 2, 3, 4, 5, 6, 7]]": 0.5161, "[[0, 1]]": 0.5074, "[[0]]": 0.5334}, "Layer2": {"[[0, 1, 2, 3, 4, 5, 6, 7]]": 0.5168, "[[0, 1]]": 0.5148, "[[0]]": 0.5177}, "Layer3": {"[[0, 1, 2, 3, 4, 5, 6, 7]]": 0.5267, "[[0, 1]]": 0.5269, "[[0]]": 0.518}}, {"accuracy": 0.9785, "Layer1": {"[[0, 1, 2, 3, 4, 5, 6, 7]]": 0.5169, "[[0, 1]]": 0.5151, "[[0]]": 0.514}, "Layer2": {"[[0, 1, 2, 3, 4, 5, 6, 7]]": 0.5177, "[[0, 1]]": 0.5055, "[[0]]": 0.5006}, "Layer3": {"[[0, 1, 2, 3, 4, 5, 6, 7]]": 0.5071, "[[0, 1]]": 0.508, "[[0]]": 0.5057}}, {"accuracy": 0.9851, "Layer1": {"[[0, 1, 2, 3, 4, 5, 6, 7]]": 0.5015, "[[0, 1]]": 0.5168, "[[0]]": 0.5129}, "Layer2": {"[[0, 1, 2, 3, 4, 5, 6, 7]]": 0.5188, "[[0, 1]]": 0.5195, "[[0]]": 0.5179}, "Layer3": {"[[0, 1, 2, 3, 4, 5, 6, 7]]": 0.5175, "[[0, 1]]": 0.5315, "[[0]]": 0.5139}}, {"accuracy": 0.9891, "Layer1": {"[[0, 1, 2, 3, 4, 5, 6, 7]]": 0.5375, "[[0, 1]]": 0.533, "[[0]]": 0.5242}, "Layer2": {"[[0, 1, 2, 3, 4, 5, 6, 7]]": 0.5142, "[[0, 1]]": 0.5316, "[[0]]": 0.5333}, "Layer3": {"[[0, 1, 2, 3, 4, 5, 6, 7]]": 0.5201, "[[0, 1]]": 0.5182, "[[0]]": 0.5105}}, {"accuracy": 0.9921, "Layer1": {"[[0, 1, 2, 3, 4, 5, 6, 7]]": 0.5066, "[[0, 1]]": 0.51, "[[0]]": 0.5084}, "Layer2": {"[[0, 1, 2, 3, 4, 5, 6, 7]]": 0.5189, "[[0, 1]]": 0.5237, "[[0]]": 0.5088}, "Layer3": {"[[0, 1, 2, 3, 4, 5, 6, 7]]": 0.5108, "[[0, 1]]": 0.518, "[[0]]": 0.5112}}, {"accuracy": 0.9944, "Layer1": {"[[0, 1, 2, 3, 4, 5, 6, 7]]": 0.504, "[[0, 1]]": 0.5042, "[[0]]": 0.5113}, "Layer2": {"[[0, 1, 2, 3, 4, 5, 6, 7]]": 0.5056, "[[0, 1]]": 0.5105, "[[0]]": 0.4958}, "Layer3": {"[[0, 1, 2, 3, 4, 5, 6, 7]]": 0.5189, "[[0, 1]]": 0.5159, "[[0]]": 0.5046}}, {"accuracy": 0.9953, "Layer1": {"[[0, 1, 2, 3, 4, 5, 6, 7]]": 0.5227, "[[0, 1]]": 0.5147, "[[0]]": 0.4982}, "Layer2": {"[[0, 1, 2, 3, 4, 5, 6, 7]]": 0.5098, "[[0, 1]]": 0.5088, "[[0]]": 0.5085}, "Layer3": {"[[0, 1, 2, 3, 4, 5, 6, 7]]": 0.5044, "[[0, 1]]": 0.5019, "[[0]]": 0.5087}}], [{"accuracy": 0.4831, "Layer1": {"[[0, 1, 2, 3, 4, 5, 6, 7]]": 0.7014, "[[0, 1]]": 0.6968, "[[0]]": 0.6479}, "Layer2": {"[[0, 1, 2, 3, 4, 5, 6, 7]]": 0.5055, "[[0, 1]]": 0.5194, "[[0]]": 0.5161}, "Layer3": {"[[0, 1, 2, 3, 4, 5, 6, 7]]": 0.5056, "[[0, 1]]": 0.5042, "[[0]]": 0.5027}}, {"accuracy": 0.4835, "Layer1": {"[[0, 1, 2, 3, 4, 5, 6, 7]]": 0.7078, "[[0, 1]]": 0.6829, "[[0]]": 0.6665}, "Layer2": {"[[0, 1, 2, 3, 4, 5, 6, 7]]": 0.5211, "[[0, 1]]": 0.5178, "[[0]]": 0.5229}, "Layer3": {"[[0, 1, 2, 3, 4, 5, 6, 7]]": 0.5046, "[[0, 1]]": 0.5106, "[[0]]": 0.5109}}, {"accuracy": 0.5466, "Layer1": {"[[0, 1, 2, 3, 4, 5, 6, 7]]": 0.7349, "[[0, 1]]": 0.689, "[[0]]": 0.6895}, "Layer2": {"[[0, 1, 2, 3, 4, 5, 6, 7]]": 0.5925, "[[0, 1]]": 0.6073, "[[0]]": 0.5699}, "Layer3": {"[[0, 1, 2, 3, 4, 5, 6, 7]]": 0.5483, "[[0, 1]]": 0.5368, "[[0]]": 0.5236}}, {"accuracy": 0.6368, "Layer1": {"[[0, 1, 2, 3, 4, 5, 6, 7]]": 0.7166, "[[0, 1]]": 0.699, "[[0]]": 0.672}, "Layer2": {"[[0, 1, 2, 3, 4, 5, 6, 7]]": 0.6437, "[[0, 1]]": 0.6258, "[[0]]": 0.6005}, "Layer3": {"[[0, 1, 2, 3, 4, 5, 6, 7]]": 0.5438, "[[0, 1]]": 0.5404, "[[0]]": 0.5496}}, {"accuracy": 0.7044, "Layer1": {"[[0, 1, 2, 3, 4, 5, 6, 7]]": 0.706, "[[0, 1]]": 0.6977, "[[0]]": 0.649}, "Layer2": {"[[0, 1, 2, 3, 4, 5, 6, 7]]": 0.6221, "[[0, 1]]": 0.5245, "[[0]]": 0.5144}, "Layer3": {"[[0, 1, 2, 3, 4, 5, 6, 7]]": 0.5186, "[[0, 1]]": 0.5224, "[[0]]": 0.5169}}, {"accuracy": 0.786, "Layer1": {"[[0, 1, 2, 3, 4, 5, 6, 7]]": 0.6793, "[[0, 1]]": 0.6244, "[[0]]": 0.5066}, "Layer2": {"[[0, 1, 2, 3, 4, 5, 6, 7]]": 0.549, "[[0, 1]]": 0.5054, "[[0]]": 0.5129}, "Layer3": {"[[0, 1, 2, 3, 4, 5, 6, 7]]": 0.5114, "[[0, 1]]": 0.5171, "[[0]]": 0.5178}}, {"accuracy": 0.8361, "Layer1": {"[[0, 1, 2, 3, 4, 5, 6, 7]]": 0.6158, "[[0, 1]]": 0.5757, "[[0]]": 0.5768}, "Layer2": {"[[0, 1, 2, 3, 4, 5, 6, 7]]": 0.5344, "[[0, 1]]": 0.5142, "[[0]]": 0.5024}, "Layer3": {"[[0, 1, 2, 3, 4, 5, 6, 7]]": 0.5068, "[[0, 1]]": 0.507, "[[0]]": 0.5022}}, {"accuracy": 0.8641, "Layer1": {"[[0, 1, 2, 3, 4, 5, 6, 7]]": 0.5042, "[[0, 1]]": 0.5397, "[[0]]": 0.5353}, "Layer2": {"[[0, 1, 2, 3, 4, 5, 6, 7]]": 0.5079, "[[0, 1]]": 0.4975, "[[0]]": 0.5072}, "Layer3": {"[[0, 1, 2, 3, 4, 5, 6, 7]]": 0.4999, "[[0, 1]]": 0.4985, "[[0]]": 0.5026}}, {"accuracy": 0.8831, "Layer1": {"[[0, 1, 2, 3, 4, 5, 6, 7]]": 0.4998, "[[0, 1]]": 0.5317, "[[0]]": 0.5032}, "Layer2": {"[[0, 1, 2, 3, 4, 5, 6, 7]]": 0.504, "[[0, 1]]": 0.5083, "[[0]]": 0.5055}, "Layer3": {"[[0, 1, 2, 3, 4, 5, 6, 7]]": 0.5089, "[[0, 1]]": 0.5024, "[[0]]": 0.5096}}, {"accuracy": 0.904, "Layer1": {"[[0, 1, 2, 3, 4, 5, 6, 7]]": 0.5017, "[[0, 1]]": 0.4967, "[[0]]": 0.4994}, "Layer2": {"[[0, 1, 2, 3, 4, 5, 6, 7]]": 0.5033, "[[0, 1]]": 0.5139, "[[0]]": 0.4958}, "Layer3": {"[[0, 1, 2, 3, 4, 5, 6, 7]]": 0.5057, "[[0, 1]]": 0.5037, "[[0]]": 0.4982}}, {"accuracy": 0.9263, "Layer1": {"[[0, 1, 2, 3, 4, 5, 6, 7]]": 0.5038, "[[0, 1]]": 0.4962, "[[0]]": 0.4939}, "Layer2": {"[[0, 1, 2, 3, 4, 5, 6, 7]]": 0.4964, "[[0, 1]]": 0.4984, "[[0]]": 0.4976}, "Layer3": {"[[0, 1, 2, 3, 4, 5, 6, 7]]": 0.5005, "[[0, 1]]": 0.4995, "[[0]]": 0.4957}}, {"accuracy": 0.9477, "Layer1": {"[[0, 1, 2, 3, 4, 5, 6, 7]]": 0.4968, "[[0, 1]]": 0.5075, "[[0]]": 0.5066}, "Layer2": {"[[0, 1, 2, 3, 4, 5, 6, 7]]": 0.4994, "[[0, 1]]": 0.4949, "[[0]]": 0.4931}, "Layer3": {"[[0, 1, 2, 3, 4, 5, 6, 7]]": 0.5044, "[[0, 1]]": 0.5059, "[[0]]": 0.5044}}, {"accuracy": 0.9652, "Layer1": {"[[0, 1, 2, 3, 4, 5, 6, 7]]": 0.4939, "[[0, 1]]": 0.5074, "[[0]]": 0.4959}, "Layer2": {"[[0, 1, 2, 3, 4, 5, 6, 7]]": 0.5058, "[[0, 1]]": 0.5059, "[[0]]": 0.4951}, "Layer3": {"[[0, 1, 2, 3, 4, 5, 6, 7]]": 0.5056, "[[0, 1]]": 0.5098, "[[0]]": 0.5023}}, {"accuracy": 0.9794, "Layer1": {"[[0, 1, 2, 3, 4, 5, 6, 7]]": 0.5003, "[[0, 1]]": 0.502, "[[0]]": 0.5027}, "Layer2": {"[[0, 1, 2, 3, 4, 5, 6, 7]]": 0.5034, "[[0, 1]]": 0.5017, "[[0]]": 0.5036}, "Layer3": {"[[0, 1, 2, 3, 4, 5, 6, 7]]": 0.5125, "[[0, 1]]": 0.4972, "[[0]]": 0.4982}}, {"accuracy": 0.9902, "Layer1": {"[[0, 1, 2, 3, 4, 5, 6, 7]]": 0.4949, "[[0, 1]]": 0.5017, "[[0]]": 0.4997}, "Layer2": {"[[0, 1, 2, 3, 4, 5, 6, 7]]": 0.51, "[[0, 1]]": 0.4974, "[[0]]": 0.5049}, "Layer3": {"[[0, 1, 2, 3, 4, 5, 6, 7]]": 0.4999, "[[0, 1]]": 0.4919, "[[0]]": 0.504}}, {"accuracy": 0.9937, "Layer1": {"[[0, 1, 2, 3, 4, 5, 6, 7]]": 0.4993, "[[0, 1]]": 0.5007, "[[0]]": 0.5015}, "Layer2": {"[[0, 1, 2, 3, 4, 5, 6, 7]]": 0.5078, "[[0, 1]]": 0.4993, "[[0]]": 0.5015}, "Layer3": {"[[0, 1, 2, 3, 4, 5, 6, 7]]": 0.506, "[[0, 1]]": 0.5086, "[[0]]": 0.5043}}, {"accuracy": 0.9954, "Layer1": {"[[0, 1, 2, 3, 4, 5, 6, 7]]": 0.4935, "[[0, 1]]": 0.5069, "[[0]]": 0.5004}, "Layer2": {"[[0, 1, 2, 3, 4, 5, 6, 7]]": 0.4965, "[[0, 1]]": 0.5071, "[[0]]": 0.4916}, "Layer3": {"[[0, 1, 2, 3, 4, 5, 6, 7]]": 0.504, "[[0, 1]]": 0.5001, "[[0]]": 0.4962}}], [{"accuracy": 0.4986, "Layer1": {"[[0, 1, 2, 3, 4, 5, 6, 7]]": 0.493, "[[0, 1]]": 0.5124, "[[0]]": 0.5052}, "Layer2": {"[[0, 1, 2, 3, 4, 5, 6, 7]]": 0.5059, "[[0, 1]]": 0.504, "[[0]]": 0.5026}, "Layer3": {"[[0, 1, 2, 3, 4, 5, 6, 7]]": 0.4955, "[[0, 1]]": 0.4991, "[[0]]": 0.4924}}, {"accuracy": 0.5021, "Layer1": {"[[0, 1, 2, 3, 4, 5, 6, 7]]": 0.6963, "[[0, 1]]": 0.6755, "[[0]]": 0.6659}, "Layer2": {"[[0, 1, 2, 3, 4, 5, 6, 7]]": 0.5749, "[[0, 1]]": 0.5404, "[[0]]": 0.5414}, "Layer3": {"[[0, 1, 2, 3, 4, 5, 6, 7]]": 0.5014, "[[0, 1]]": 0.5061, "[[0]]": 0.504}}, {"accuracy": 0.5129, "Layer1": {"[[0, 1, 2, 3, 4, 5, 6, 7]]": 0.7502, "[[0, 1]]": 0.6789, "[[0]]": 0.6802}, "Layer2": {"[[0, 1, 2, 3, 4, 5, 6, 7]]": 0.5499, "[[0, 1]]": 0.5919, "[[0]]": 0.566}, "Layer3": {"[[0, 1, 2, 3, 4, 5, 6, 7]]": 0.5104, "[[0, 1]]": 0.5273, "[[0]]": 0.5258}}, {"accuracy": 0.5797, "Layer1": {"[[0, 1, 2, 3, 4, 5, 6, 7]]": 0.7688, "[[0, 1]]": 0.7262, "[[0]]": 0.7167}, "Layer2": {"[[0, 1, 2, 3, 4, 5, 6, 7]]": 0.628, "[[0, 1]]": 0.6101, "[[0]]": 0.6115}, "Layer3": {"[[0, 1, 2, 3, 4, 5, 6, 7]]": 0.5797, "[[0, 1]]": 0.5892, "[[0]]": 0.5301}}, {"accuracy": 0.6657, "Layer1": {"[[0, 1, 2, 3, 4, 5, 6, 7]]": 0.8013, "[[0, 1]]": 0.7814, "[[0]]": 0.7456}, "Layer2": {"[[0, 1, 2, 3, 4, 5, 6, 7]]": 0.6416, "[[0, 1]]": 0.6183, "[[0]]": 0.6099}, "Layer3": {"[[0, 1, 2, 3, 4, 5, 6, 7]]": 0.6111, "[[0, 1]]": 0.5912, "[[0]]": 0.5269}}, {"accuracy": 0.6922, "Layer1": {"[[0, 1, 2, 3, 4, 5, 6, 7]]": 0.7964, "[[0, 1]]": 0.7819, "[[0]]": 0.7604}, "Layer2": {"[[0, 1, 2, 3, 4, 5, 6, 7]]": 0.6452, "[[0, 1]]": 0.6311, "[[0]]": 0.5985}, "Layer3": {"[[0, 1, 2, 3, 4, 5, 6, 7]]": 0.589, "[[0, 1]]": 0.5722, "[[0]]": 0.5437}}, {"accuracy": 0.7556, "Layer1": {"[[0, 1, 2, 3, 4, 5, 6, 7]]": 0.8004, "[[0, 1]]": 0.8083, "[[0]]": 0.7833}, "Layer2": {"[[0, 1, 2, 3, 4, 5, 6, 7]]": 0.6338, "[[0, 1]]": 0.5529, "[[0]]": 0.5652}, "Layer3": {"[[0, 1, 2, 3, 4, 5, 6, 7]]": 0.5491, "[[0, 1]]": 0.5603, "[[0]]": 0.5131}}, {"accuracy": 0.8048, "Layer1": {"[[0, 1, 2, 3, 4, 5, 6, 7]]": 0.7972, "[[0, 1]]": 0.7955, "[[0]]": 0.7745}, "Layer2": {"[[0, 1, 2, 3, 4, 5, 6, 7]]": 0.531, "[[0, 1]]": 0.536, "[[0]]": 0.538}, "Layer3": {"[[0, 1, 2, 3, 4, 5, 6, 7]]": 0.5411, "[[0, 1]]": 0.5215, "[[0]]": 0.5177}}, {"accuracy": 0.8424, "Layer1": {"[[0, 1, 2, 3, 4, 5, 6, 7]]": 0.7882, "[[0, 1]]": 0.7876, "[[0]]": 0.7719}, "Layer2": {"[[0, 1, 2, 3, 4, 5, 6, 7]]": 0.5263, "[[0, 1]]": 0.5411, "[[0]]": 0.5235}, "Layer3": {"[[0, 1, 2, 3, 4, 5, 6, 7]]": 0.538, "[[0, 1]]": 0.5264, "[[0]]": 0.5217}}, {"accuracy": 0.8769, "Layer1": {"[[0, 1, 2, 3, 4, 5, 6, 7]]": 0.7646, "[[0, 1]]": 0.7511, "[[0]]": 0.5231}, "Layer2": {"[[0, 1, 2, 3, 4, 5, 6, 7]]": 0.5404, "[[0, 1]]": 0.5312, "[[0]]": 0.5343}, "Layer3": {"[[0, 1, 2, 3, 4, 5, 6, 7]]": 0.5139, "[[0, 1]]": 0.5218, "[[0]]": 0.5144}}, {"accuracy": 0.9057, "Layer1": {"[[0, 1, 2, 3, 4, 5, 6, 7]]": 0.7482, "[[0, 1]]": 0.753, "[[0]]": 0.553}, "Layer2": {"[[0, 1, 2, 3, 4, 5, 6, 7]]": 0.5357, "[[0, 1]]": 0.5247, "[[0]]": 0.5274}, "Layer3": {"[[0, 1, 2, 3, 4, 5, 6, 7]]": 0.5299, "[[0, 1]]": 0.5242, "[[0]]": 0.5101}}, {"accuracy": 0.9268, "Layer1": {"[[0, 1, 2, 3, 4, 5, 6, 7]]": 0.6754, "[[0, 1]]": 0.5327, "[[0]]": 0.5463}, "Layer2": {"[[0, 1, 2, 3, 4, 5, 6, 7]]": 0.5145, "[[0, 1]]": 0.5225, "[[0]]": 0.5053}, "Layer3": {"[[0, 1, 2, 3, 4, 5, 6, 7]]": 0.5368, "[[0, 1]]": 0.5278, "[[0]]": 0.5312}}, {"accuracy": 0.9415, "Layer1": {"[[0, 1, 2, 3, 4, 5, 6, 7]]": 0.546, "[[0, 1]]": 0.5308, "[[0]]": 0.5313}, "Layer2": {"[[0, 1, 2, 3, 4, 5, 6, 7]]": 0.5306, "[[0, 1]]": 0.5183, "[[0]]": 0.5155}, "Layer3": {"[[0, 1, 2, 3, 4, 5, 6, 7]]": 0.5174, "[[0, 1]]": 0.5321, "[[0]]": 0.5256}}, {"accuracy": 0.9499, "Layer1": {"[[0, 1, 2, 3, 4, 5, 6, 7]]": 0.5269, "[[0, 1]]": 0.5386, "[[0]]": 0.5353}, "Layer2": {"[[0, 1, 2, 3, 4, 5, 6, 7]]": 0.5167, "[[0, 1]]": 0.5355, "[[0]]": 0.5357}, "Layer3": {"[[0, 1, 2, 3, 4, 5, 6, 7]]": 0.5206, "[[0, 1]]": 0.5129, "[[0]]": 0.5111}}, {"accuracy": 0.9609, "Layer1": {"[[0, 1, 2, 3, 4, 5, 6, 7]]": 0.525, "[[0, 1]]": 0.5261, "[[0]]": 0.5434}, "Layer2": {"[[0, 1, 2, 3, 4, 5, 6, 7]]": 0.5369, "[[0, 1]]": 0.5206, "[[0]]": 0.5145}, "Layer3": {"[[0, 1, 2, 3, 4, 5, 6, 7]]": 0.5282, "[[0, 1]]": 0.5082, "[[0]]": 0.5123}}, {"accuracy": 0.9686, "Layer1": {"[[0, 1, 2, 3, 4, 5, 6, 7]]": 0.5373, "[[0, 1]]": 0.5295, "[[0]]": 0.5424}, "Layer2": {"[[0, 1, 2, 3, 4, 5, 6, 7]]": 0.5319, "[[0, 1]]": 0.5309, "[[0]]": 0.5162}, "Layer3": {"[[0, 1, 2, 3, 4, 5, 6, 7]]": 0.5496, "[[0, 1]]": 0.5493, "[[0]]": 0.52}}, {"accuracy": 0.9726, "Layer1": {"[[0, 1, 2, 3, 4, 5, 6, 7]]": 0.5297, "[[0, 1]]": 0.5358, "[[0]]": 0.517}, "Layer2": {"[[0, 1, 2, 3, 4, 5, 6, 7]]": 0.5251, "[[0, 1]]": 0.5031, "[[0]]": 0.4932}, "Layer3": {"[[0, 1, 2, 3, 4, 5, 6, 7]]": 0.5076, "[[0, 1]]": 0.5081, "[[0]]": 0.5036}}], [{"accuracy": 0.498, "Layer1": {"[[0, 1, 2, 3, 4, 5, 6, 7]]": 0.7112, "[[0, 1]]": 0.7206, "[[0]]": 0.7048}, "Layer2": {"[[0, 1, 2, 3, 4, 5, 6, 7]]": 0.6394, "[[0, 1]]": 0.6035, "[[0]]": 0.6093}, "Layer3": {"[[0, 1, 2, 3, 4, 5, 6, 7]]": 0.5112, "[[0, 1]]": 0.5091, "[[0]]": 0.5119}}, {"accuracy": 0.5039, "Layer1": {"[[0, 1, 2, 3, 4, 5, 6, 7]]": 0.7524, "[[0, 1]]": 0.7416, "[[0]]": 0.7428}, "Layer2": {"[[0, 1, 2, 3, 4, 5, 6, 7]]": 0.6593, "[[0, 1]]": 0.6343, "[[0]]": 0.6363}, "Layer3": {"[[0, 1, 2, 3, 4, 5, 6, 7]]": 0.5277, "[[0, 1]]": 0.529, "[[0]]": 0.4977}}, {"accuracy": 0.5941, "Layer1": {"[[0, 1, 2, 3, 4, 5, 6, 7]]": 0.8118, "[[0, 1]]": 0.7682, "[[0]]": 0.7475}, "Layer2": {"[[0, 1, 2, 3, 4, 5, 6, 7]]": 0.6758, "[[0, 1]]": 0.696, "[[0]]": 0.6764}, "Layer3": {"[[0, 1, 2, 3, 4, 5, 6, 7]]": 0.6015, "[[0, 1]]": 0.586, "[[0]]": 0.5768}}, {"accuracy": 0.6332, "Layer1": {"[[0, 1, 2, 3, 4, 5, 6, 7]]": 0.7938, "[[0, 1]]": 0.77, "[[0]]": 0.7701}, "Layer2": {"[[0, 1, 2, 3, 4, 5, 6, 7]]": 0.6895, "[[0, 1]]": 0.6508, "[[0]]": 0.6506}, "Layer3": {"[[0, 1, 2, 3, 4, 5, 6, 7]]": 0.5829, "[[0, 1]]": 0.5988, "[[0]]": 0.5854}}, {"accuracy": 0.7041, "Layer1": {"[[0, 1, 2, 3, 4, 5, 6, 7]]": 0.7908, "[[0, 1]]": 0.7915, "[[0]]": 0.7404}, "Layer2": {"[[0, 1, 2, 3, 4, 5, 6, 7]]": 0.6475, "[[0, 1]]": 0.6524, "[[0]]": 0.6052}, "Layer3": {"[[0, 1, 2, 3, 4, 5, 6, 7]]": 0.5813, "[[0, 1]]": 0.5763, "[[0]]": 0.5723}}, {"accuracy": 0.7563, "Layer1": {"[[0, 1, 2, 3, 4, 5, 6, 7]]": 0.806, "[[0, 1]]": 0.8016, "[[0]]": 0.7399}, "Layer2": {"[[0, 1, 2, 3, 4, 5, 6, 7]]": 0.6267, "[[0, 1]]": 0.6201, "[[0]]": 0.5355}, "Layer3": {"[[0, 1, 2, 3, 4, 5, 6, 7]]": 0.5165, "[[0, 1]]": 0.5159, "[[0]]": 0.5224}}, {"accuracy": 0.8152, "Layer1": {"[[0, 1, 2, 3, 4, 5, 6, 7]]": 0.7909, "[[0, 1]]": 0.7901, "[[0]]": 0.7349}, "Layer2": {"[[0, 1, 2, 3, 4, 5, 6, 7]]": 0.611, "[[0, 1]]": 0.5757, "[[0]]": 0.5513}, "Layer3": {"[[0, 1, 2, 3, 4, 5, 6, 7]]": 0.5055, "[[0, 1]]": 0.5118, "[[0]]": 0.5011}}, {"accuracy": 0.8416, "Layer1": {"[[0, 1, 2, 3, 4, 5, 6, 7]]": 0.7872, "[[0, 1]]": 0.7827, "[[0]]": 0.7248}, "Layer2": {"[[0, 1, 2, 3, 4, 5, 6, 7]]": 0.6087, "[[0, 1]]": 0.5047, "[[0]]": 0.5161}, "Layer3": {"[[0, 1, 2, 3, 4, 5, 6, 7]]": 0.5063, "[[0, 1]]": 0.5031, "[[0]]": 0.4984}}, {"accuracy": 0.86, "Layer1": {"[[0, 1, 2, 3, 4, 5, 6, 7]]": 0.7134, "[[0, 1]]": 0.6971, "[[0]]": 0.6787}, "Layer2": {"[[0, 1, 2, 3, 4, 5, 6, 7]]": 0.4937, "[[0, 1]]": 0.4988, "[[0]]": 0.5028}, "Layer3": {"[[0, 1, 2, 3, 4, 5, 6, 7]]": 0.5028, "[[0, 1]]": 0.5049, "[[0]]": 0.5023}}, {"accuracy": 0.8778, "Layer1": {"[[0, 1, 2, 3, 4, 5, 6, 7]]": 0.656, "[[0, 1]]": 0.665, "[[0]]": 0.5075}, "Layer2": {"[[0, 1, 2, 3, 4, 5, 6, 7]]": 0.527, "[[0, 1]]": 0.5429, "[[0]]": 0.5007}, "Layer3": {"[[0, 1, 2, 3, 4, 5, 6, 7]]": 0.4982, "[[0, 1]]": 0.4946, "[[0]]": 0.5044}}, {"accuracy": 0.8968, "Layer1": {"[[0, 1, 2, 3, 4, 5, 6, 7]]": 0.5088, "[[0, 1]]": 0.5949, "[[0]]": 0.506}, "Layer2": {"[[0, 1, 2, 3, 4, 5, 6, 7]]": 0.5072, "[[0, 1]]": 0.5038, "[[0]]": 0.5066}, "Layer3": {"[[0, 1, 2, 3, 4, 5, 6, 7]]": 0.5081, "[[0, 1]]": 0.4945, "[[0]]": 0.5035}}, {"accuracy": 0.9281, "Layer1": {"[[0, 1, 2, 3, 4, 5, 6, 7]]": 0.5094, "[[0, 1]]": 0.5121, "[[0]]": 0.5069}, "Layer2": {"[[0, 1, 2, 3, 4, 5, 6, 7]]": 0.5047, "[[0, 1]]": 0.4924, "[[0]]": 0.4918}, "Layer3": {"[[0, 1, 2, 3, 4, 5, 6, 7]]": 0.4933, "[[0, 1]]": 0.4942, "[[0]]": 0.4987}}, {"accuracy": 0.9622, "Layer1": {"[[0, 1, 2, 3, 4, 5, 6, 7]]": 0.503, "[[0, 1]]": 0.5065, "[[0]]": 0.5119}, "Layer2": {"[[0, 1, 2, 3, 4, 5, 6, 7]]": 0.492, "[[0, 1]]": 0.5057, "[[0]]": 0.4905}, "Layer3": {"[[0, 1, 2, 3, 4, 5, 6, 7]]": 0.5007, "[[0, 1]]": 0.4961, "[[0]]": 0.4973}}, {"accuracy": 0.9798, "Layer1": {"[[0, 1, 2, 3, 4, 5, 6, 7]]": 0.4972, "[[0, 1]]": 0.5082, "[[0]]": 0.502}, "Layer2": {"[[0, 1, 2, 3, 4, 5, 6, 7]]": 0.5076, "[[0, 1]]": 0.4995, "[[0]]": 0.5081}, "Layer3": {"[[0, 1, 2, 3, 4, 5, 6, 7]]": 0.5016, "[[0, 1]]": 0.5034, "[[0]]": 0.5045}}, {"accuracy": 0.9891, "Layer1": {"[[0, 1, 2, 3, 4, 5, 6, 7]]": 0.501, "[[0, 1]]": 0.5076, "[[0]]": 0.5108}, "Layer2": {"[[0, 1, 2, 3, 4, 5, 6, 7]]": 0.5108, "[[0, 1]]": 0.5052, "[[0]]": 0.4924}, "Layer3": {"[[0, 1, 2, 3, 4, 5, 6, 7]]": 0.5071, "[[0, 1]]": 0.4982, "[[0]]": 0.4986}}, {"accuracy": 0.9934, "Layer1": {"[[0, 1, 2, 3, 4, 5, 6, 7]]": 0.5101, "[[0, 1]]": 0.5077, "[[0]]": 0.5036}, "Layer2": {"[[0, 1, 2, 3, 4, 5, 6, 7]]": 0.5065, "[[0, 1]]": 0.4945, "[[0]]": 0.4945}, "Layer3": {"[[0, 1, 2, 3, 4, 5, 6, 7]]": 0.5034, "[[0, 1]]": 0.5126, "[[0]]": 0.5082}}, {"accuracy": 0.9944, "Layer1": {"[[0, 1, 2, 3, 4, 5, 6, 7]]": 0.5123, "[[0, 1]]": 0.5114, "[[0]]": 0.5075}, "Layer2": {"[[0, 1, 2, 3, 4, 5, 6, 7]]": 0.5038, "[[0, 1]]": 0.5049, "[[0]]": 0.4951}, "Layer3": {"[[0, 1, 2, 3, 4, 5, 6, 7]]": 0.5065, "[[0, 1]]": 0.5091, "[[0]]": 0.5045}}], [{"accuracy": 0.5005, "Layer1": {"[[0, 1, 2, 3, 4, 5, 6, 7]]": 0.677, "[[0, 1]]": 0.6722, "[[0]]": 0.4997}, "Layer2": {"[[0, 1, 2, 3, 4, 5, 6, 7]]": 0.5811, "[[0, 1]]": 0.5664, "[[0]]": 0.5618}, "Layer3": {"[[0, 1, 2, 3, 4, 5, 6, 7]]": 0.5249, "[[0, 1]]": 0.5276, "[[0]]": 0.5232}}, {"accuracy": 0.4968, "Layer1": {"[[0, 1, 2, 3, 4, 5, 6, 7]]": 0.7025, "[[0, 1]]": 0.6891, "[[0]]": 0.6684}, "Layer2": {"[[0, 1, 2, 3, 4, 5, 6, 7]]": 0.5768, "[[0, 1]]": 0.5495, "[[0]]": 0.5551}, "Layer3": {"[[0, 1, 2, 3, 4, 5, 6, 7]]": 0.4975, "[[0, 1]]": 0.5021, "[[0]]": 0.4938}}, {"accuracy": 0.5305, "Layer1": {"[[0, 1, 2, 3, 4, 5, 6, 7]]": 0.7166, "[[0, 1]]": 0.6851, "[[0]]": 0.6549}, "Layer2": {"[[0, 1, 2, 3, 4, 5, 6, 7]]": 0.5621, "[[0, 1]]": 0.5701, "[[0]]": 0.5577}, "Layer3": {"[[0, 1, 2, 3, 4, 5, 6, 7]]": 0.5436, "[[0, 1]]": 0.5098, "[[0]]": 0.5134}}, {"accuracy": 0.6225, "Layer1": {"[[0, 1, 2, 3, 4, 5, 6, 7]]": 0.713, "[[0, 1]]": 0.6993, "[[0]]": 0.6608}, "Layer2": {"[[0, 1, 2, 3, 4, 5, 6, 7]]": 0.6165, "[[0, 1]]": 0.6098, "[[0]]": 0.5799}, "Layer3": {"[[0, 1, 2, 3, 4, 5, 6, 7]]": 0.5605, "[[0, 1]]": 0.5595, "[[0]]": 0.5414}}, {"accuracy": 0.6831, "Layer1": {"[[0, 1, 2, 3, 4, 5, 6, 7]]": 0.748, "[[0, 1]]": 0.7451, "[[0]]": 0.6659}, "Layer2": {"[[0, 1, 2, 3, 4, 5, 6, 7]]": 0.6424, "[[0, 1]]": 0.6166, "[[0]]": 0.6026}, "Layer3": {"[[0, 1, 2, 3, 4, 5, 6, 7]]": 0.5739, "[[0, 1]]": 0.5592, "[[0]]": 0.516}}, {"accuracy": 0.7164, "Layer1": {"[[0, 1, 2, 3, 4, 5, 6, 7]]": 0.7569, "[[0, 1]]": 0.75, "[[0]]": 0.6633}, "Layer2": {"[[0, 1, 2, 3, 4, 5, 6, 7]]": 0.6064, "[[0, 1]]": 0.5842, "[[0]]": 0.5706}, "Layer3": {"[[0, 1, 2, 3, 4, 5, 6, 7]]": 0.5205, "[[0, 1]]": 0.515, "[[0]]": 0.5173}}, {"accuracy": 0.7624, "Layer1": {"[[0, 1, 2, 3, 4, 5, 6, 7]]": 0.724, "[[0, 1]]": 0.6799, "[[0]]": 0.6682}, "Layer2": {"[[0, 1, 2, 3, 4, 5, 6, 7]]": 0.5825, "[[0, 1]]": 0.5663, "[[0]]": 0.4969}, "Layer3": {"[[0, 1, 2, 3, 4, 5, 6, 7]]": 0.4994, "[[0, 1]]": 0.5235, "[[0]]": 0.5149}}, {"accuracy": 0.8096, "Layer1": {"[[0, 1, 2, 3, 4, 5, 6, 7]]": 0.7515, "[[0, 1]]": 0.711, "[[0]]": 0.707}, "Layer2": {"[[0, 1, 2, 3, 4, 5, 6, 7]]": 0.4942, "[[0, 1]]": 0.5687, "[[0]]": 0.5013}, "Layer3": {"[[0, 1, 2, 3, 4, 5, 6, 7]]": 0.5127, "[[0, 1]]": 0.4958, "[[0]]": 0.5057}}, {"accuracy": 0.8378, "Layer1": {"[[0, 1, 2, 3, 4, 5, 6, 7]]": 0.6914, "[[0, 1]]": 0.6978, "[[0]]": 0.6882}, "Layer2": {"[[0, 1, 2, 3, 4, 5, 6, 7]]": 0.5898, "[[0, 1]]": 0.5968, "[[0]]": 0.5075}, "Layer3": {"[[0, 1, 2, 3, 4, 5, 6, 7]]": 0.5073, "[[0, 1]]": 0.5127, "[[0]]": 0.499}}, {"accuracy": 0.8589, "Layer1": {"[[0, 1, 2, 3, 4, 5, 6, 7]]": 0.7413, "[[0, 1]]": 0.725, "[[0]]": 0.7082}, "Layer2": {"[[0, 1, 2, 3, 4, 5, 6, 7]]": 0.5358, "[[0, 1]]": 0.5653, "[[0]]": 0.5276}, "Layer3": {"[[0, 1, 2, 3, 4, 5, 6, 7]]": 0.5404, "[[0, 1]]": 0.5061, "[[0]]": 0.5111}}, {"accuracy": 0.88, "Layer1": {"[[0, 1, 2, 3, 4, 5, 6, 7]]": 0.7648, "[[0, 1]]": 0.7466, "[[0]]": 0.5339}, "Layer2": {"[[0, 1, 2, 3, 4, 5, 6, 7]]": 0.5846, "[[0, 1]]": 0.5284, "[[0]]": 0.5097}, "Layer3": {"[[0, 1, 2, 3, 4, 5, 6, 7]]": 0.5133, "[[0, 1]]": 0.5256, "[[0]]": 0.5112}}, {"accuracy": 0.8985, "Layer1": {"[[0, 1, 2, 3, 4, 5, 6, 7]]": 0.7501, "[[0, 1]]": 0.7041, "[[0]]": 0.6916}, "Layer2": {"[[0, 1, 2, 3, 4, 5, 6, 7]]": 0.5541, "[[0, 1]]": 0.5014, "[[0]]": 0.5382}, "Layer3": {"[[0, 1, 2, 3, 4, 5, 6, 7]]": 0.5281, "[[0, 1]]": 0.5194, "[[0]]": 0.496}}, {"accuracy": 0.9125, "Layer1": {"[[0, 1, 2, 3, 4, 5, 6, 7]]": 0.7347, "[[0, 1]]": 0.723, "[[0]]": 0.5234}, "Layer2": {"[[0, 1, 2, 3, 4, 5, 6, 7]]": 0.5503, "[[0, 1]]": 0.5236, "[[0]]": 0.5429}, "Layer3": {"[[0, 1, 2, 3, 4, 5, 6, 7]]": 0.5314, "[[0, 1]]": 0.5296, "[[0]]": 0.5138}}, {"accuracy": 0.9307, "Layer1": {"[[0, 1, 2, 3, 4, 5, 6, 7]]": 0.7071, "[[0, 1]]": 0.6725, "[[0]]": 0.5218}, "Layer2": {"[[0, 1, 2, 3, 4, 5, 6, 7]]": 0.5791, "[[0, 1]]": 0.532, "[[0]]": 0.5127}, "Layer3": {"[[0, 1, 2, 3, 4, 5, 6, 7]]": 0.5484, "[[0, 1]]": 0.5332, "[[0]]": 0.5147}}, {"accuracy": 0.9481, "Layer1": {"[[0, 1, 2, 3, 4, 5, 6, 7]]": 0.5143, "[[0, 1]]": 0.5021, "[[0]]": 0.5187}, "Layer2": {"[[0, 1, 2, 3, 4, 5, 6, 7]]": 0.5046, "[[0, 1]]": 0.5211, "[[0]]": 0.5195}, "Layer3": {"[[0, 1, 2, 3, 4, 5, 6, 7]]": 0.5445, "[[0, 1]]": 0.5425, "[[0]]": 0.4985}}, {"accuracy": 0.962, "Layer1": {"[[0, 1, 2, 3, 4, 5, 6, 7]]": 0.4988, "[[0, 1]]": 0.5151, "[[0]]": 0.4994}, "Layer2": {"[[0, 1, 2, 3, 4, 5, 6, 7]]": 0.5252, "[[0, 1]]": 0.5283, "[[0]]": 0.5265}, "Layer3": {"[[0, 1, 2, 3, 4, 5, 6, 7]]": 0.5375, "[[0, 1]]": 0.535, "[[0]]": 0.5036}}, {"accuracy": 0.9701, "Layer1": {"[[0, 1, 2, 3, 4, 5, 6, 7]]": 0.5206, "[[0, 1]]": 0.5026, "[[0]]": 0.5066}, "Layer2": {"[[0, 1, 2, 3, 4, 5, 6, 7]]": 0.5298, "[[0, 1]]": 0.5227, "[[0]]": 0.4947}, "Layer3": {"[[0, 1, 2, 3, 4, 5, 6, 7]]": 0.5348, "[[0, 1]]": 0.4996, "[[0]]": 0.5059}}]]